Order_ID,Order_Date,Customer_ID,Customer_Name,Segment,City,State,Region,Category,Sub_Category,Product_Name,Quantity,Unit_Price,Discount,Revenue,Profit,Payment_Mode,Ship_Mode
ORD-12051,2023-01-01,CUST-1257,Rishi Sharma,Consumer,Guwahati,Assam,East,Clothing,Jackets,Red Tape Bomber,1,6268.62,0.0,6268.62,1778.11,Cash,Express
ORD-10447,2023-01-02,CUST-1071,Ishaan Kulkarni,Consumer,Bangalore,Karnataka,South,Electronics,Laptops,Acer Aspire 5,1,126146.62,0.0,126146.62,13555.46,Credit Card,Express
ORD-10257,2023-01-02,CUST-1308,Arjun Yadav,Consumer,Mumbai,Maharashtra,West,Office Supplies,Ink & Toner,Brother BT-D60BK,2,1172.39,0.15,1993.06,362.96,Credit Card,Same Day
ORD-11264,2023-01-02,CUST-1305,Tanvi Mishra,Home Office,Chennai,Tamil Nadu,South,Electronics,Tablets,OnePlus Pad Go,1,11759.96,0.2,9407.97,284.69,Credit Card,Express
ORD-10940,2023-01-02,CUST-1332,Kavya Banerjee,Consumer,Patna,Bihar,East,Office Supplies,Paper & Notebooks,Sundaram A4 Ruled,5,468.67,0.1,2109.02,1111.73,UPI,Same Day
ORD-11234,2023-01-03,CUST-1471,Tushar Kumar,Consumer,Ahmedabad,Gujarat,West,Office Supplies,Paper & Notebooks,JK Copier A4 Paper Ream,1,112.17,0.0,112.17,48.9,UPI,Standard
ORD-10489,2023-01-03,CUST-1109,Kunal Pandey,Consumer,Patna,Bihar,East,Electronics,Tablets,Apple iPad 10th Gen,1,15256.36,0.05,14493.54,1807.83,UPI,Express
ORD-11025,2023-01-03,CUST-1306,Isha Pillai,Corporate,Ahmedabad,Gujarat,West,Office Supplies,Storage & Organizers,Tupperware Store-All,3,299.0,0.13,780.39,270.28,UPI,Same Day
ORD-12160,2023-01-03,CUST-1368,Kriti Banerjee,Consumer,Mumbai,Maharashtra,West,Furniture,Desks,Wakefit Orion Study Table,1,25268.35,0.1,22741.52,1171.87,Cash,Standard
ORD-10571,2023-01-03,CUST-1156,Sneha Mishra,Consumer,Delhi,Delhi,North,Clothing,Formal Shirts,Raymond Linen Shirt,1,1730.47,0.0,1730.47,793.2,Credit Card,Standard
ORD-12474,2023-01-04,CUST-1059,Harsh Joshi,Corporate,Surat,Gujarat,West,Office Supplies,Storage & Organizers,Nilkamal Chester 24,12,1281.7,0.23,11842.91,2606.83,Debit Card,Express
ORD-11607,2023-01-04,CUST-1411,Mohit Kapoor,Corporate,Lucknow,Uttar Pradesh,North,Office Supplies,Printers,HP Smart Tank 580,8,12796.29,0.18,83943.66,7744.25,UPI,Standard
ORD-11210,2023-01-04,CUST-1088,Deepika Sinha,Consumer,Mumbai,Maharashtra,West,Food & Beverages,Health Supplements,Revital H Capsules,4,4999.0,0.2,15996.8,2609.69,UPI,Standard
ORD-10737,2023-01-05,CUST-1359,Nisha Banerjee,Consumer,Pune,Maharashtra,West,Food & Beverages,Tea & Coffee,Brooke Bond Red Label,2,250.93,0.05,476.77,165.14,UPI,Standard
ORD-10750,2023-01-05,CUST-1144,Shreya Iyer,Home Office,Mumbai,Maharashtra,West,Office Supplies,Printers,Brother DCP-T420W,1,12596.4,0.0,12596.4,691.7,UPI,Express
ORD-12093,2023-01-05,CUST-1139,Dev Menon,Home Office,Delhi,Delhi,North,Furniture,Bookshelves,Nilkamal Freedom Mini,1,8262.44,0.05,7849.32,1876.07,Debit Card,Economy
ORD-12182,2023-01-06,CUST-1440,Varun Nair,Consumer,Bangalore,Karnataka,South,Clothing,Ethnic Wear,Biba Anarkali Suit,2,12911.01,0.0,25822.02,9692.78,Net Banking,Same Day
ORD-10924,2023-01-07,CUST-1244,Diya Sharma,Consumer,Kolkata,West Bengal,East,Office Supplies,Paper & Notebooks,Navneet Long Book,4,269.5,0.1,970.2,388.34,Credit Card,Same Day
ORD-11046,2023-01-07,CUST-1591,Sakshi Tiwari,Corporate,Lucknow,Uttar Pradesh,North,Clothing,Ethnic Wear,Manyavar Kurta Set,2,9145.86,0.23,14084.62,4232.68,Debit Card,Standard
ORD-11745,2023-01-07,CUST-1539,Zara Patil,Consumer,Kolkata,West Bengal,East,Food & Beverages,Health Supplements,Revital H Capsules,8,299.0,0.0,2392.0,618.68,Credit Card,Same Day
ORD-10191,2023-01-07,CUST-1522,Lavanya Agarwal,Corporate,Mumbai,Maharashtra,West,Clothing,T-Shirts,Dennis Lingo Slim Fit,1,1850.62,0.13,1610.04,729.88,Credit Card,Standard
ORD-12451,2023-01-08,CUST-1206,Amit Nair,Consumer,Mumbai,Maharashtra,West,Clothing,Jackets,Red Tape Bomber,2,6538.54,0.1,11769.37,2844.67,Debit Card,Standard
ORD-10534,2023-01-08,CUST-1207,Yash Tiwari,Corporate,Gurugram,Haryana,North,Office Supplies,Ink & Toner,Brother BT-D60BK,1,1036.29,0.03,1005.2,203.91,UPI,Economy
ORD-12036,2023-01-08,CUST-1542,Nikhil Kapoor,Consumer,Noida,Uttar Pradesh,North,Electronics,Laptops,Lenovo IdeaPad Slim 3,4,139002.01,0.25,417006.03,42.51,UPI,Same Day
ORD-12363,2023-01-09,CUST-1202,Harsh Shah,Consumer,Bangalore,Karnataka,South,Furniture,Desks,Nilkamal Aries Workstation,2,5724.67,0.15,9731.94,1301.82,Debit Card,Economy
ORD-10775,2023-01-09,CUST-1309,Pooja Shah,Corporate,Mumbai,Maharashtra,West,Office Supplies,Paper & Notebooks,Classmate Notebook 200pg,10,542.29,0.08,4989.07,2355.29,UPI,Standard
ORD-11131,2023-01-09,CUST-1152,Neha Das,Corporate,Lucknow,Uttar Pradesh,North,Electronics,Laptops,Acer Aspire 5,1,63991.0,0.03,62071.27,6464.11,UPI,Economy
ORD-11369,2023-01-10,CUST-1066,Harsh Bhat,Consumer,Delhi,Delhi,North,Food & Beverages,Dry Fruits & Nuts,Farmley Premium Walnuts,2,352.96,0.25,529.44,47.11,Net Banking,Express
ORD-12236,2023-01-10,CUST-1146,Pooja Patil,Corporate,Surat,Gujarat,West,Food & Beverages,Dry Fruits & Nuts,True Elements Trail Mix,6,358.06,0.13,1869.07,260.53,UPI,Standard
ORD-10417,2023-01-10,CUST-1320,Sanjay Nair,Home Office,Mumbai,Maharashtra,West,Electronics,Headphones,Sony WH-1000XM5,3,10561.53,0.15,26931.9,4716.54,Credit Card,Express
ORD-10151,2023-01-10,CUST-1151,Kunal Gupta,Corporate,Bhubaneswar,Odisha,East,Office Supplies,Paper & Notebooks,JK Copier A4 Paper Ream,1,49.0,0.03,47.53,16.86,Debit Card,Standard
ORD-10059,2023-01-12,CUST-1289,Ishaan Agarwal,Corporate,Hyderabad,Telangana,South,Electronics,Laptops,Lenovo IdeaPad Slim 3,1,40763.67,0.08,37502.58,1696.89,UPI,Same Day
ORD-10385,2023-01-12,CUST-1476,Tushar Gupta,Corporate,Gurugram,Haryana,North,Food & Beverages,Snacks & Chips,Kurkure Masala Munch,4,50.82,0.08,187.02,53.75,Credit Card,Standard
ORD-12240,2023-01-12,CUST-1487,Chirag Kapoor,Consumer,Pune,Maharashtra,West,Clothing,T-Shirts,U.S. Polo Assn. Crew,1,1939.46,0.0,1939.46,713.65,Credit Card,Express
ORD-11899,2023-01-12,CUST-1439,Kriti Rao,Consumer,Hyderabad,Telangana,South,Electronics,Tablets,Apple iPad 10th Gen,1,29180.94,0.25,21885.7,110.21,Cash,Standard
ORD-10131,2023-01-13,CUST-1437,Aarav Reddy,Corporate,Hyderabad,Telangana,South,Furniture,Beds,Pepperfry Trundle Bed,1,13879.13,0.03,13462.76,1639.77,UPI,Express
ORD-10063,2023-01-13,CUST-1396,Isha Nair,Consumer,Kolkata,West Bengal,East,Clothing,Jeans,Levi's 511 Slim,2,3326.91,0.05,6321.13,2560.31,UPI,Express
ORD-10336,2023-01-13,CUST-1559,Sanjay Malhotra,Consumer,Bangalore,Karnataka,South,Electronics,Headphones,Sony WH-1000XM5,2,1629.0,0.0,3258.0,1012.39,Cash,Economy
ORD-10293,2023-01-13,CUST-1492,Manish Iyer,Consumer,Hyderabad,Telangana,South,Furniture,Desks,IKEA Bekant Standing Desk,1,20995.0,0.05,19945.25,2886.11,UPI,Standard
ORD-11400,2023-01-13,CUST-1224,Rishi Iyer,Home Office,Bangalore,Karnataka,South,Clothing,Formal Shirts,Van Heusen Slim Fit,2,1478.05,0.05,2808.29,792.15,Cash,Same Day
ORD-10988,2023-01-14,CUST-1271,Zara Malhotra,Consumer,Mumbai,Maharashtra,West,Electronics,Laptops,MacBook Air M2,1,86761.91,0.1,78085.72,4351.99,Net Banking,Same Day
ORD-11258,2023-01-14,CUST-1358,Kavya Patil,Consumer,Kochi,Kerala,South,Food & Beverages,Beverages,Sting Energy Drink,6,338.63,0.15,1727.01,307.82,UPI,Standard
ORD-11651,2023-01-14,CUST-1154,Meera Pandey,Consumer,Bangalore,Karnataka,South,Furniture,Bookshelves,Spacewood Engineered Wood,1,8641.56,0.05,8209.48,1626.51,Net Banking,Same Day
ORD-12201,2023-01-14,CUST-1589,Vivek Reddy,Corporate,Delhi,Delhi,North,Clothing,Jackets,HRX Active Jacket,1,3931.74,0.08,3617.2,1193.33,Credit Card,Standard
ORD-12161,2023-01-15,CUST-1063,Rohit Tiwari,Corporate,Ahmedabad,Gujarat,West,Electronics,Smartphones,Samsung Galaxy M34,3,32780.78,0.13,85557.84,11039.06,Cash,Economy
ORD-11173,2023-01-17,CUST-1597,Kunal Das,Consumer,Pune,Maharashtra,West,Clothing,Jeans,Flying Machine Tapered,3,2414.12,0.2,5793.89,1804.85,UPI,Standard
ORD-11138,2023-01-17,CUST-1279,Amit Yadav,Consumer,Kolkata,West Bengal,East,Office Supplies,Storage & Organizers,Milton Modular Box,3,2927.21,0.0,8781.63,3111.23,UPI,Express
ORD-10999,2023-01-17,CUST-1377,Neha Menon,Home Office,Jaipur,Rajasthan,North,Food & Beverages,Tea & Coffee,Brooke Bond Red Label,3,203.23,0.15,518.24,171.57,Net Banking,Standard
ORD-10923,2023-01-17,CUST-1393,Amit Saxena,Consumer,Mumbai,Maharashtra,West,Electronics,Headphones,JBL Tune 510BT,2,3686.56,0.0,7373.12,2053.83,Debit Card,Standard
ORD-10326,2023-01-18,CUST-1143,Vikram Shah,Corporate,Pune,Maharashtra,West,Office Supplies,Printers,Canon Pixma G3060,2,6405.78,0.23,9864.9,704.8,UPI,Express
ORD-11933,2023-01-18,CUST-1152,Neha Das,Corporate,Lucknow,Uttar Pradesh,North,Electronics,Laptops,Dell Inspiron 14,2,53070.7,0.13,92343.02,6636.59,UPI,Express
ORD-11424,2023-01-18,CUST-1088,Deepika Sinha,Consumer,Mumbai,Maharashtra,West,Food & Beverages,Beverages,Coca-Cola 2L,3,71.5,0.05,203.77,46.61,Debit Card,Standard
ORD-11417,2023-01-19,CUST-1228,Tushar Menon,Consumer,Gurugram,Haryana,North,Electronics,Smartphones,Vivo T2x,4,33864.67,0.3,94821.08,5845.98,Debit Card,Express
ORD-10668,2023-01-20,CUST-1502,Neha Patel,Consumer,Chennai,Tamil Nadu,South,Food & Beverages,Tea & Coffee,Nescafe Classic 200g,12,153.58,0.0,1842.96,443.29,Credit Card,Standard
ORD-10335,2023-01-20,CUST-1037,Bhavya Patil,Corporate,Delhi,Delhi,North,Office Supplies,Printers,Canon Pixma G3060,5,9543.11,0.03,46284.08,3394.67,Cash,Express
ORD-12353,2023-01-20,CUST-1502,Neha Patel,Consumer,Chennai,Tamil Nadu,South,Office Supplies,Ink & Toner,Brother BT-D60BK,2,670.52,0.1,1206.94,293.66,UPI,Standard
ORD-10878,2023-01-21,CUST-1456,Yash Verma,Corporate,Guwahati,Assam,East,Office Supplies,Paper & Notebooks,Classmate Notebook 200pg,3,98.72,0.28,213.24,82.85,Debit Card,Express
ORD-12452,2023-01-21,CUST-1064,Gaurav Pillai,Consumer,Nagpur,Maharashtra,West,Electronics,Headphones,Sony WH-1000XM5,1,5419.19,0.05,5148.23,1128.56,UPI,Same Day
ORD-11667,2023-01-21,CUST-1325,Mohit Patel,Consumer,Surat,Gujarat,West,Clothing,T-Shirts,U.S. Polo Assn. Crew,1,383.24,0.15,325.75,118.99,UPI,Standard
ORD-10300,2023-01-21,CUST-1101,Yash Verma,Consumer,Mumbai,Maharashtra,West,Food & Beverages,Dry Fruits & Nuts,Farmley Premium Walnuts,4,1075.08,0.0,4300.32,1019.32,Net Banking,Economy
ORD-11325,2023-01-22,CUST-1102,Sakshi Reddy,Home Office,Ahmedabad,Gujarat,West,Office Supplies,Ink & Toner,Canon PG-745 Black,2,2844.58,0.15,4835.79,854.85,Net Banking,Economy
ORD-11591,2023-01-22,CUST-1271,Zara Malhotra,Consumer,Mumbai,Maharashtra,West,Electronics,Chargers & Cables,Portronics Adaptor,1,611.42,0.0,611.42,251.53,UPI,Standard
ORD-11429,2023-01-22,CUST-1488,Rajesh Yadav,Home Office,Kolkata,West Bengal,East,Food & Beverages,Beverages,Paper Boat Aamras,10,71.09,0.0,710.9,230.64,Debit Card,Standard
ORD-11840,2023-01-22,CUST-1213,Vikram Yadav,Home Office,Mumbai,Maharashtra,West,Office Supplies,Pens & Stationery,Parker Classic Gold,3,84.18,0.0,252.54,132.66,Debit Card,Standard
ORD-10200,2023-01-22,CUST-1382,Ananya Pillai,Consumer,Kochi,Kerala,South,Furniture,Office Chairs,Green Soul Jupiter,1,10357.13,0.0,10357.13,1778.84,UPI,Same Day
ORD-10838,2023-01-22,CUST-1521,Mohit Sinha,Consumer,Surat,Gujarat,West,Electronics,Smartphones,OnePlus Nord CE3,1,21547.04,0.2,17237.63,1405.74,UPI,Express
ORD-12355,2023-01-23,CUST-1092,Rajesh Kumar,Consumer,Kolkata,West Bengal,East,Electronics,Smartwatches,boAt Storm Call,2,6604.26,0.0,13208.52,1644.04,Credit Card,Express
ORD-11335,2023-01-23,CUST-1485,Ananya Deshmukh,Consumer,Delhi,Delhi,North,Clothing,T-Shirts,Allen Solly Polo,1,908.11,0.05,862.7,370.93,Debit Card,Express
ORD-12230,2023-01-23,CUST-1528,Rajesh Mehta,Home Office,Mumbai,Maharashtra,West,Electronics,Smartwatches,boAt Storm Call,2,24546.48,0.05,46638.31,12168.12,UPI,Standard
ORD-11875,2023-01-23,CUST-1139,Dev Menon,Home Office,Delhi,Delhi,North,Clothing,Jeans,Levi's 511 Slim,5,2333.48,0.0,11667.4,3908.35,Credit Card,Standard
ORD-11077,2023-01-24,CUST-1074,Aditya Patil,Corporate,Kochi,Kerala,South,Furniture,Office Chairs,Green Soul Jupiter,1,6047.64,0.08,5563.83,574.12,Net Banking,Standard
ORD-12473,2023-01-24,CUST-1371,Rohit Banerjee,Corporate,Mumbai,Maharashtra,West,Food & Beverages,Dry Fruits & Nuts,Farmley Premium Walnuts,1,357.92,0.13,311.39,53.41,Credit Card,Standard
ORD-12206,2023-01-24,CUST-1182,Rajesh Shah,Corporate,Noida,Uttar Pradesh,North,Clothing,Formal Shirts,Arrow Regular Fit,1,1370.15,0.33,918.0,248.92,Credit Card,Economy
ORD-12079,2023-01-24,CUST-1103,Mohit Sinha,Corporate,Ahmedabad,Gujarat,West,Clothing,T-Shirts,H&M Basic Tee,2,915.72,0.08,1684.92,588.42,Debit Card,Express
ORD-11545,2023-01-25,CUST-1267,Priya Pillai,Consumer,Bhubaneswar,Odisha,East,Furniture,Bookshelves,IKEA Kallax Shelf,1,6194.07,0.1,5574.66,783.73,Cash,Express
ORD-11446,2023-01-25,CUST-1369,Zara Banerjee,Corporate,Guwahati,Assam,East,Food & Beverages,Health Supplements,Dabur Chyawanprash 1kg,4,912.39,0.03,3540.07,1069.81,Cash,Standard
ORD-11702,2023-01-26,CUST-1043,Manish Kulkarni,Consumer,Kolkata,West Bengal,East,Clothing,T-Shirts,Levi's Graphic Tee,5,1199.96,0.2,4799.84,2110.16,Debit Card,Standard
ORD-12277,2023-01-26,CUST-1248,Isha Gupta,Corporate,Pune,Maharashtra,West,Electronics,Headphones,Realme Buds Air 3,3,9809.3,0.18,24130.88,4583.82,Debit Card,Express
ORD-10586,2023-01-26,CUST-1475,Ishaan Singh,Consumer,Pune,Maharashtra,West,Food & Beverages,Beverages,Tropicana Mixed Fruit 1L,6,80.72,0.3,339.02,62.09,Credit Card,Economy
ORD-10777,2023-01-26,CUST-1297,Priya Iyer,Corporate,Bangalore,Karnataka,South,Clothing,Jackets,Campus Sutra Denim,1,6661.16,0.03,6461.33,2360.03,Debit Card,Same Day
ORD-10868,2023-01-26,CUST-1196,Isha Sharma,Consumer,Pune,Maharashtra,West,Clothing,Jackets,Fort Collins Puffer,4,4076.17,0.0,16304.68,5182.57,Cash,Express
ORD-10324,2023-01-26,CUST-1082,Nisha Chatterjee,Consumer,Ahmedabad,Gujarat,West,Furniture,Desks,Featherlite Amaze,1,33426.86,0.15,28412.83,1921.35,Cash,Express
ORD-12246,2023-01-27,CUST-1099,Sanjay Mishra,Consumer,Chennai,Tamil Nadu,South,Office Supplies,Printers,Canon Pixma G3060,2,7980.9,0.05,15163.71,1479.17,Credit Card,Express
ORD-11796,2023-01-27,CUST-1534,Aditya Gupta,Corporate,Delhi,Delhi,North,Furniture,Dining Tables,Godrej Interio Neo,1,18343.08,0.03,17792.79,2123.09,UPI,Economy
ORD-12343,2023-01-28,CUST-1498,Aditya Pandey,Corporate,Delhi,Delhi,North,Electronics,Tablets,Lenovo Tab M10,1,22771.42,0.23,17533.99,1391.29,Net Banking,Express
ORD-11415,2023-01-28,CUST-1426,Zara Nair,Consumer,Lucknow,Uttar Pradesh,North,Furniture,Bookshelves,DeckUp Meritus,1,12693.58,0.15,10789.54,2096.87,Credit Card,Standard
ORD-11408,2023-01-29,CUST-1116,Ishaan Patel,Home Office,Jaipur,Rajasthan,North,Food & Beverages,Health Supplements,Ensure Nutritional Drink,2,4999.0,0.1,8998.2,3050.28,Credit Card,Express
ORD-11167,2023-01-30,CUST-1137,Dev Iyer,Home Office,Kochi,Kerala,South,Electronics,Headphones,Noise Buds VS104,2,499.0,0.0,998.0,280.54,Credit Card,Express
ORD-11240,2023-01-31,CUST-1168,Bhavya Patil,Corporate,Ranchi,Jharkhand,East,Clothing,Formal Shirts,Van Heusen Slim Fit,5,1021.48,0.13,4443.44,1531.5,Debit Card,Standard
ORD-12075,2023-01-31,CUST-1526,Ananya Menon,Consumer,Visakhapatnam,Andhra Pradesh,South,Clothing,Formal Shirts,Arrow Regular Fit,1,1066.57,0.15,906.58,205.85,UPI,Standard
ORD-11343,2023-01-31,CUST-1437,Aarav Reddy,Corporate,Hyderabad,Telangana,South,Food & Beverages,Beverages,Tropicana Mixed Fruit 1L,1,87.87,0.13,76.45,14.6,UPI,Standard
ORD-12111,2023-01-31,CUST-1431,Ritika Malhotra,Consumer,Bangalore,Karnataka,South,Office Supplies,Ink & Toner,Canon PG-745 Black,8,1961.91,0.15,13340.99,3578.08,UPI,Standard
ORD-12225,2023-01-31,CUST-1021,Pankaj Saxena,Corporate,Mumbai,Maharashtra,West,Electronics,Chargers & Cables,Amazon Basics USB-C Cable,1,1130.14,0.13,983.22,302.88,Credit Card,Standard
ORD-11947,2023-01-31,CUST-1410,Amit Kulkarni,Consumer,Patna,Bihar,East,Food & Beverages,Dry Fruits & Nuts,Farmley Premium Walnuts,1,567.59,0.0,567.59,76.77,UPI,Standard
ORD-11700,2023-01-31,CUST-1060,Aditi Sharma,Consumer,Nagpur,Maharashtra,West,Food & Beverages,Tea & Coffee,Brooke Bond Red Label,5,185.65,0.05,881.84,240.83,UPI,Standard
ORD-11160,2023-02-01,CUST-1103,Mohit Sinha,Corporate,Ahmedabad,Gujarat,West,Clothing,T-Shirts,H&M Basic Tee,3,2830.02,0.03,8235.36,3787.65,Credit Card,Standard
ORD-10914,2023-02-02,CUST-1264,Tushar Kulkarni,Consumer,Delhi,Delhi,North,Food & Beverages,Tea & Coffee,Bru Instant Coffee,4,198.65,0.3,556.22,118.84,Net Banking,Standard
ORD-11839,2023-02-02,CUST-1204,Mohit Tiwari,Consumer,Mumbai,Maharashtra,West,Clothing,Jeans,Levi's 511 Slim,1,2233.27,0.0,2233.27,846.47,UPI,Express
ORD-11394,2023-02-02,CUST-1451,Mohit Kapoor,Consumer,Kolkata,West Bengal,East,Clothing,Formal Shirts,Raymond Linen Shirt,4,976.99,0.1,3517.16,698.79,Credit Card,Economy
ORD-10917,2023-02-03,CUST-1194,Yash Bhat,Corporate,Kolkata,West Bengal,East,Food & Beverages,Health Supplements,HealthKart Multivitamin,2,299.0,0.23,460.46,132.4,UPI,Same Day
ORD-10373,2023-02-03,CUST-1112,Uma Gupta,Corporate,Patna,Bihar,East,Electronics,Chargers & Cables,Anker PowerPort,3,1138.99,0.03,3314.46,1480.11,Net Banking,Express
ORD-10597,2023-02-03,CUST-1119,Rishi Pillai,Corporate,Hyderabad,Telangana,South,Office Supplies,Ink & Toner,HP 802 Black Cartridge,10,1887.88,0.23,14536.68,3805.65,UPI,Economy
ORD-10207,2023-02-04,CUST-1537,Ayesha Reddy,Consumer,Kolkata,West Bengal,East,Food & Beverages,Tea & Coffee,Bru Instant Coffee,3,297.55,0.1,803.39,255.43,Debit Card,Standard
ORD-11497,2023-02-04,CUST-1576,Vikram Reddy,Corporate,Ahmedabad,Gujarat,West,Food & Beverages,Snacks & Chips,Kurkure Masala Munch,1,499.0,0.18,409.18,91.32,Credit Card,Express
ORD-12022,2023-02-04,CUST-1009,Amit Singh,Corporate,Delhi,Delhi,North,Office Supplies,Paper & Notebooks,JK Copier A4 Paper Ream,3,110.36,0.28,238.38,67.91,UPI,Express
ORD-11848,2023-02-05,CUST-1017,Kriti Kapoor,Home Office,Mumbai,Maharashtra,West,Clothing,Formal Shirts,Peter England Classic,3,3348.0,0.1,9039.6,3923.12,Net Banking,Economy
ORD-10136,2023-02-05,CUST-1085,Simran Tiwari,Consumer,Bangalore,Karnataka,South,Food & Beverages,Beverages,Tropicana Mixed Fruit 1L,4,199.81,0.0,799.24,255.46,Cash,Standard
ORD-11819,2023-02-05,CUST-1039,Sneha Bhat,Consumer,Mumbai,Maharashtra,West,Food & Beverages,Snacks & Chips,Kurkure Masala Munch,5,79.99,0.0,399.95,80.61,UPI,Economy
ORD-11376,2023-02-05,CUST-1414,Meera Gupta,Corporate,Noida,Uttar Pradesh,North,Food & Beverages,Beverages,Coca-Cola 2L,5,118.1,0.28,425.16,52.48,Credit Card,Standard
ORD-11511,2023-02-06,CUST-1189,Zara Patel,Consumer,Guwahati,Assam,East,Food & Beverages,Beverages,Coca-Cola 2L,8,78.64,0.1,566.21,220.62,Debit Card,Standard
ORD-11703,2023-02-06,CUST-1315,Tushar Kulkarni,Home Office,Delhi,Delhi,North,Electronics,Laptops,MacBook Air M2,1,115906.85,0.1,104316.16,9627.37,Credit Card,Standard
ORD-10440,2023-02-07,CUST-1460,Aarav Shah,Home Office,Surat,Gujarat,West,Electronics,Smartphones,Vivo T2x,2,28795.23,0.0,57590.46,10069.26,Cash,Express
ORD-10944,2023-02-07,CUST-1468,Chirag Bhat,Consumer,Ahmedabad,Gujarat,West,Furniture,Beds,IKEA Malm King Bed,1,15894.37,0.15,13510.21,1301.39,Debit Card,Express
ORD-10983,2023-02-07,CUST-1308,Arjun Yadav,Consumer,Mumbai,Maharashtra,West,Electronics,Headphones,JBL Tune 510BT,1,7675.61,0.0,7675.61,1785.27,UPI,Express
ORD-12215,2023-02-08,CUST-1349,Rajesh Patel,Corporate,Lucknow,Uttar Pradesh,North,Electronics,Tablets,Apple iPad 10th Gen,2,42185.45,0.03,81839.77,12245.67,Debit Card,Same Day
ORD-10768,2023-02-08,CUST-1121,Chirag Gupta,Corporate,Hyderabad,Telangana,South,Office Supplies,Pens & Stationery,Faber-Castell Kit,2,80.18,0.18,131.5,41.65,UPI,Express
ORD-10678,2023-02-08,CUST-1046,Kunal Pillai,Home Office,Bangalore,Karnataka,South,Food & Beverages,Snacks & Chips,Lay's Classic Salted,1,499.0,0.05,474.05,134.5,Net Banking,Express
ORD-10802,2023-02-09,CUST-1417,Kavya Bhat,Home Office,Delhi,Delhi,North,Electronics,Smartphones,iPhone 15,3,19068.71,0.05,54345.82,7083.92,UPI,Express
ORD-10696,2023-02-09,CUST-1174,Sanjay Deshmukh,Corporate,Noida,Uttar Pradesh,North,Furniture,Dining Tables,Godrej Interio Neo,1,18253.04,0.13,15880.14,1698.14,UPI,Express
ORD-11870,2023-02-09,CUST-1262,Gaurav Kumar,Consumer,Hyderabad,Telangana,South,Office Supplies,Paper & Notebooks,Luxor Exercise Book,5,178.73,0.0,893.65,456.08,Cash,Standard
ORD-10357,2023-02-10,CUST-1233,Kriti Deshmukh,Home Office,Bangalore,Karnataka,South,Electronics,Chargers & Cables,Portronics Adaptor,2,377.07,0.2,603.31,166.6,UPI,Standard
ORD-10080,2023-02-10,CUST-1192,Ishaan Deshmukh,Home Office,Delhi,Delhi,North,Electronics,Laptops,Acer Aspire 5,3,53229.82,0.1,143720.51,9841.29,UPI,Same Day
ORD-10877,2023-02-11,CUST-1141,Uma Sharma,Home Office,Bangalore,Karnataka,South,Office Supplies,Pens & Stationery,Parker Classic Gold,2,433.3,0.0,866.6,495.22,Debit Card,Economy
ORD-10793,2023-02-11,CUST-1491,Priya Tiwari,Corporate,Noida,Uttar Pradesh,North,Electronics,Smartwatches,Fire-Boltt Phoenix,2,1999.0,0.18,3278.36,408.52,UPI,Economy
ORD-11841,2023-02-11,CUST-1336,Mohit Agarwal,Corporate,Bangalore,Karnataka,South,Furniture,Bookshelves,IKEA Kallax Shelf,1,5606.84,0.13,4877.95,686.53,Cash,Same Day
ORD-10276,2023-02-11,CUST-1230,Nisha Sinha,Corporate,Chandigarh,Punjab,North,Food & Beverages,Beverages,Tropicana Mixed Fruit 1L,2,64.75,0.03,125.62,24.68,Cash,Standard
ORD-12292,2023-02-11,CUST-1020,Sanjay Bhat,Consumer,Pune,Maharashtra,West,Furniture,Beds,Nilkamal Imperial Queen,1,12427.5,0.15,10563.38,655.9,Credit Card,Express
ORD-11793,2023-02-11,CUST-1485,Ananya Deshmukh,Consumer,Delhi,Delhi,North,Electronics,Chargers & Cables,Amazon Basics USB-C Cable,1,286.62,0.0,286.62,148.02,UPI,Express
ORD-10188,2023-02-12,CUST-1199,Uma Deshmukh,Consumer,Bangalore,Karnataka,South,Food & Beverages,Dry Fruits & Nuts,Nutraj Cashews 250g,5,377.21,0.1,1697.44,407.11,Net Banking,Express
ORD-11499,2023-02-12,CUST-1168,Bhavya Patil,Corporate,Ranchi,Jharkhand,East,Food & Beverages,Health Supplements,Revital H Capsules,4,814.68,0.03,3160.96,980.09,UPI,Standard
ORD-10546,2023-02-12,CUST-1259,Nisha Das,Consumer,Mumbai,Maharashtra,West,Food & Beverages,Dry Fruits & Nuts,Happilo Almonds 500g,2,734.49,0.0,1468.98,250.5,Net Banking,Standard
ORD-12012,2023-02-13,CUST-1110,Isha Verma,Consumer,Mumbai,Maharashtra,West,Furniture,Office Chairs,Nilkamal Leatherite,1,5310.04,0.0,5310.04,745.61,UPI,Standard
ORD-12372,2023-02-13,CUST-1498,Aditya Pandey,Corporate,Delhi,Delhi,North,Clothing,Formal Shirts,Arrow Regular Fit,2,922.63,0.03,1789.9,757.14,Credit Card,Standard
ORD-10531,2023-02-14,CUST-1091,Rahul Deshmukh,Home Office,Bangalore,Karnataka,South,Office Supplies,Storage & Organizers,Nilkamal Chester 24,4,3114.83,0.0,12459.32,4001.97,UPI,Economy
ORD-10173,2023-02-14,CUST-1033,Zara Gupta,Home Office,Bangalore,Karnataka,South,Electronics,Chargers & Cables,Amazon Basics USB-C Cable,1,482.32,0.05,458.2,150.55,UPI,Standard
ORD-12145,2023-02-14,CUST-1188,Ananya Reddy,Corporate,Chennai,Tamil Nadu,South,Food & Beverages,Health Supplements,HealthKart Multivitamin,3,553.37,0.23,1278.28,233.54,Credit Card,Economy
ORD-11561,2023-02-15,CUST-1541,Tanvi Chopra,Corporate,Jaipur,Rajasthan,North,Electronics,Tablets,Apple iPad 10th Gen,1,54144.07,0.08,49812.54,2968.4,Debit Card,Same Day
ORD-11120,2023-02-15,CUST-1086,Sanjay Patel,Consumer,Ahmedabad,Gujarat,West,Office Supplies,Ink & Toner,HP 802 Black Cartridge,1,784.5,0.2,627.6,118.13,UPI,Standard
ORD-10101,2023-02-16,CUST-1365,Chirag Singh,Home Office,Coimbatore,Tamil Nadu,South,Electronics,Laptops,Lenovo IdeaPad Slim 3,2,32022.28,0.15,54437.88,3789.2,Debit Card,Standard
ORD-11752,2023-02-17,CUST-1007,Sneha Patil,Consumer,Chennai,Tamil Nadu,South,Electronics,Laptops,Acer Aspire 5,5,53233.17,0.05,252857.56,32359.99,UPI,Standard
ORD-11100,2023-02-17,CUST-1207,Yash Tiwari,Corporate,Gurugram,Haryana,North,Food & Beverages,Dry Fruits & Nuts,Amazon Basics Mixed Nuts,5,400.4,0.03,1941.94,348.71,Credit Card,Express
ORD-12214,2023-02-17,CUST-1507,Aditya Kulkarni,Consumer,Ahmedabad,Gujarat,West,Furniture,Dining Tables,Godrej Interio Neo,1,49999.0,0.2,39999.2,1889.19,Cash,Standard
ORD-12097,2023-02-18,CUST-1358,Kavya Patil,Consumer,Kochi,Kerala,South,Electronics,Smartwatches,Noise ColorFit Pro 4,5,20060.75,0.25,75227.81,14756.83,Debit Card,Express
ORD-10007,2023-02-18,CUST-1260,Dev Iyer,Corporate,Mumbai,Maharashtra,West,Office Supplies,Paper & Notebooks,Luxor Exercise Book,1,197.95,0.28,142.52,69.67,Cash,Standard
ORD-11184,2023-02-19,CUST-1035,Zara Joshi,Consumer,Delhi,Delhi,North,Office Supplies,Pens & Stationery,Pilot V5 Hi-Tecpoint,3,294.86,0.2,707.66,354.63,UPI,Standard
ORD-11109,2023-02-19,CUST-1229,Dev Verma,Consumer,Mumbai,Maharashtra,West,Office Supplies,Paper & Notebooks,Sundaram A4 Ruled,1,375.27,0.1,337.74,107.78,UPI,Express
ORD-10943,2023-02-19,CUST-1424,Rohit Agarwal,Corporate,Gurugram,Haryana,North,Electronics,Tablets,Apple iPad 10th Gen,3,20370.84,0.08,56223.52,5692.07,Debit Card,Same Day
ORD-11758,2023-02-20,CUST-1173,Zara Verma,Consumer,Mumbai,Maharashtra,West,Office Supplies,Printers,Epson L3250,5,6930.73,0.0,34653.65,1801.96,Cash,Express
ORD-11706,2023-02-20,CUST-1260,Dev Iyer,Corporate,Mumbai,Maharashtra,West,Food & Beverages,Tea & Coffee,Nescafe Classic 200g,2,247.92,0.33,332.21,43.7,Credit Card,Standard
ORD-11027,2023-02-20,CUST-1300,Vikram Kumar,Corporate,Bangalore,Karnataka,South,Furniture,Bookshelves,DeckUp Meritus,1,3600.77,0.03,3492.75,548.34,Credit Card,Express
ORD-10273,2023-02-20,CUST-1379,Ishaan Joshi,Consumer,Surat,Gujarat,West,Clothing,T-Shirts,Dennis Lingo Slim Fit,4,371.46,0.05,1411.55,499.37,Credit Card,Economy
ORD-10703,2023-02-20,CUST-1356,Manish Kumar,Consumer,Lucknow,Uttar Pradesh,North,Office Supplies,Pens & Stationery,Reynolds Trimax Gel,3,70.73,0.1,190.97,78.19,UPI,Standard
ORD-10794,2023-02-21,CUST-1155,Zara Rao,Home Office,Chennai,Tamil Nadu,South,Furniture,Desks,Featherlite Amaze,1,29247.42,0.0,29247.42,5551.8,Debit Card,Express
ORD-11372,2023-02-21,CUST-1395,Kriti Joshi,Consumer,Jaipur,Rajasthan,North,Office Supplies,Ink & Toner,Brother BT-D60BK,2,2136.02,0.0,4272.04,825.24,Cash,Standard
ORD-12042,2023-02-21,CUST-1571,Priya Reddy,Consumer,Bangalore,Karnataka,South,Furniture,Office Chairs,Nilkamal Leatherite,3,6694.43,0.0,20083.29,4362.03,Cash,Economy
ORD-12098,2023-02-21,CUST-1097,Rajesh Malhotra,Consumer,Hyderabad,Telangana,South,Electronics,Smartwatches,boAt Storm Call,3,8178.74,0.15,20855.79,3889.42,Cash,Standard
ORD-11269,2023-02-21,CUST-1592,Aditi Saxena,Corporate,Mumbai,Maharashtra,West,Clothing,Jeans,Lee Cooper Skinny,1,1245.23,0.23,958.83,278.6,Credit Card,Standard
ORD-12394,2023-02-21,CUST-1367,Varun Joshi,Consumer,Surat,Gujarat,West,Food & Beverages,Health Supplements,HealthKart Multivitamin,2,682.02,0.05,1295.84,350.34,Credit Card,Standard
ORD-11363,2023-02-21,CUST-1518,Sneha Shah,Consumer,Ranchi,Jharkhand,East,Food & Beverages,Dry Fruits & Nuts,Nutraj Cashews 250g,5,1805.38,0.1,8124.21,1406.88,UPI,Standard
ORD-11640,2023-02-21,CUST-1445,Tushar Kulkarni,Consumer,Bangalore,Karnataka,South,Electronics,Headphones,Noise Buds VS104,1,7898.3,0.25,5923.72,853.47,Credit Card,Standard
ORD-10410,2023-02-22,CUST-1003,Amit Tiwari,Consumer,Lucknow,Uttar Pradesh,North,Food & Beverages,Health Supplements,Dabur Chyawanprash 1kg,4,1531.52,0.0,6126.08,1596.5,Debit Card,Express
ORD-11961,2023-02-22,CUST-1239,Bhavya Patel,Corporate,Hyderabad,Telangana,South,Furniture,Office Chairs,Nilkamal Leatherite,3,20783.41,0.03,60479.72,10880.86,Cash,Express
ORD-10475,2023-02-22,CUST-1502,Neha Patel,Consumer,Chennai,Tamil Nadu,South,Electronics,Chargers & Cables,Belkin BoostCharge,1,553.95,0.25,415.46,100.53,Net Banking,Standard
ORD-11750,2023-02-22,CUST-1199,Uma Deshmukh,Consumer,Bangalore,Karnataka,South,Food & Beverages,Snacks & Chips,Lay's Classic Salted,1,20.0,0.0,20.0,4.46,UPI,Standard
ORD-11475,2023-02-22,CUST-1307,Ayesha Pandey,Corporate,Patna,Bihar,East,Office Supplies,Paper & Notebooks,Sundaram A4 Ruled,2,349.06,0.13,607.36,201.29,Cash,Express
ORD-11441,2023-02-23,CUST-1579,Diya Mishra,Consumer,Chennai,Tamil Nadu,South,Office Supplies,Printers,HP Smart Tank 580,10,12246.51,0.1,110218.59,3725.09,UPI,Standard
ORD-10065,2023-02-23,CUST-1043,Manish Kulkarni,Consumer,Kolkata,West Bengal,East,Electronics,Laptops,MacBook Air M2,1,147696.58,0.25,110772.44,6695.52,Debit Card,Economy
ORD-12173,2023-02-23,CUST-1488,Rajesh Yadav,Home Office,Kolkata,West Bengal,East,Electronics,Chargers & Cables,Anker PowerPort,2,431.03,0.25,646.54,237.63,Credit Card,Standard
ORD-11148,2023-02-23,CUST-1135,Kriti Kapoor,Consumer,Gurugram,Haryana,North,Clothing,Jackets,Fort Collins Puffer,4,6517.51,0.15,22159.53,4851.93,UPI,Standard
ORD-10555,2023-02-24,CUST-1585,Priya Mehta,Consumer,Coimbatore,Tamil Nadu,South,Furniture,Office Chairs,Nilkamal Leatherite,1,11119.63,0.25,8339.72,1458.07,Net Banking,Same Day
ORD-11237,2023-02-24,CUST-1571,Priya Reddy,Consumer,Bangalore,Karnataka,South,Furniture,Beds,Pepperfry Trundle Bed,3,41342.3,0.0,124026.9,11531.37,Credit Card,Express
ORD-10068,2023-02-24,CUST-1011,Dev Deshmukh,Consumer,Jaipur,Rajasthan,North,Electronics,Headphones,OnePlus Buds Z2,3,4149.8,0.0,12449.4,4104.72,Cash,Same Day
ORD-11133,2023-02-24,CUST-1276,Amit Sinha,Consumer,Nagpur,Maharashtra,West,Clothing,Jeans,Levi's 511 Slim,4,4926.76,0.05,18721.69,7855.7,UPI,Economy
ORD-11847,2023-02-25,CUST-1314,Varun Kumar,Corporate,Hyderabad,Telangana,South,Electronics,Headphones,boAt Rockerz 450,1,8066.21,0.28,5807.67,729.54,Credit Card,Same Day
ORD-10956,2023-02-25,CUST-1091,Rahul Deshmukh,Home Office,Bangalore,Karnataka,South,Office Supplies,Printers,Epson L3250,5,5861.81,0.0,29309.05,2974.19,UPI,Standard
ORD-12476,2023-02-26,CUST-1187,Meera Kapoor,Consumer,Lucknow,Uttar Pradesh,North,Office Supplies,Printers,Brother DCP-T420W,5,19910.1,0.25,74662.88,4949.64,UPI,Standard
ORD-10542,2023-02-26,CUST-1098,Nikhil Patil,Corporate,Bangalore,Karnataka,South,Clothing,Ethnic Wear,W Palazzo Set,1,999.0,0.08,919.08,285.24,UPI,Standard
ORD-12245,2023-02-27,CUST-1121,Chirag Gupta,Corporate,Hyderabad,Telangana,South,Electronics,Smartwatches,Fire-Boltt Phoenix,2,6545.46,0.03,12698.19,2018.96,UPI,Express
ORD-11952,2023-02-27,CUST-1521,Mohit Sinha,Consumer,Surat,Gujarat,West,Food & Beverages,Snacks & Chips,Bingo Mad Angles,2,100.24,0.0,200.48,57.92,Credit Card,Express
ORD-10143,2023-02-27,CUST-1108,Priya Joshi,Consumer,Chennai,Tamil Nadu,South,Food & Beverages,Dry Fruits & Nuts,Nutraj Cashews 250g,5,1777.82,0.1,8000.19,729.28,Cash,Express
ORD-10484,2023-02-28,CUST-1352,Ayesha Chopra,Home Office,Bangalore,Karnataka,South,Office Supplies,Pens & Stationery,Parker Classic Gold,3,167.21,0.15,426.39,201.26,Cash,Economy
ORD-10773,2023-02-28,CUST-1077,Bhavya Patel,Corporate,Bhubaneswar,Odisha,East,Electronics,Chargers & Cables,Mi 33W SonicCharge,1,1138.41,0.18,933.5,441.65,UPI,Express
ORD-10398,2023-03-01,CUST-1224,Rishi Iyer,Home Office,Bangalore,Karnataka,South,Electronics,Chargers & Cables,Amazon Basics USB-C Cable,4,1433.76,0.3,4014.53,922.08,Cash,Standard
ORD-11281,2023-03-01,CUST-1514,Isha Singh,Consumer,Lucknow,Uttar Pradesh,North,Clothing,T-Shirts,U.S. Polo Assn. Crew,2,315.26,0.1,567.47,241.15,Cash,Same Day
ORD-10632,2023-03-02,CUST-1562,Pankaj Sinha,Corporate,Bangalore,Karnataka,South,Electronics,Laptops,HP Pavilion 15,2,25999.0,0.33,34838.66,1307.29,Debit Card,Standard
ORD-10416,2023-03-02,CUST-1271,Zara Malhotra,Consumer,Mumbai,Maharashtra,West,Clothing,Ethnic Wear,Biba Anarkali Suit,3,2515.73,0.0,7547.19,3200.54,Credit Card,Express
ORD-11246,2023-03-02,CUST-1303,Vivek Sinha,Consumer,Bhubaneswar,Odisha,East,Furniture,Dining Tables,Nilkamal Shahenshah 4-Seater,2,20176.04,0.0,40352.08,8665.2,Credit Card,Standard
ORD-10596,2023-03-03,CUST-1228,Tushar Menon,Consumer,Gurugram,Haryana,North,Furniture,Dining Tables,Home Centre Montoya,1,27250.23,0.0,27250.23,3351.21,UPI,Standard
ORD-10720,2023-03-03,CUST-1428,Mohit Iyer,Home Office,Bangalore,Karnataka,South,Office Supplies,Storage & Organizers,Tupperware Store-All,6,1421.84,0.3,5971.73,1227.66,Debit Card,Standard
ORD-12279,2023-03-03,CUST-1178,Aditi Chopra,Consumer,Delhi,Delhi,North,Clothing,Formal Shirts,Peter England Classic,3,2185.91,0.2,5246.18,1386.59,Debit Card,Same Day
ORD-10459,2023-03-03,CUST-1041,Amit Joshi,Consumer,Kolkata,West Bengal,East,Electronics,Laptops,HP Pavilion 15,1,54092.1,0.05,51387.5,4651.74,Credit Card,Express
ORD-11353,2023-03-04,CUST-1204,Mohit Tiwari,Consumer,Mumbai,Maharashtra,West,Clothing,Ethnic Wear,Biba Anarkali Suit,4,2931.09,0.1,10551.92,1898.46,UPI,Same Day
ORD-10855,2023-03-04,CUST-1225,Aditi Agarwal,Consumer,Jaipur,Rajasthan,North,Office Supplies,Ink & Toner,HP 802 Black Cartridge,2,806.13,0.2,1289.81,359.95,Cash,Standard
ORD-11955,2023-03-04,CUST-1100,Ishaan Mishra,Consumer,Visakhapatnam,Andhra Pradesh,South,Furniture,Office Chairs,HOF Ito Mesh Chair,1,10315.42,0.0,10315.42,1224.34,Cash,Express
ORD-10727,2023-03-05,CUST-1008,Yash Malhotra,Consumer,Kolkata,West Bengal,East,Office Supplies,Printers,Canon Pixma G3060,4,14440.38,0.0,57761.52,8072.07,Cash,Express
ORD-12420,2023-03-05,CUST-1586,Priya Patel,Corporate,Bangalore,Karnataka,South,Electronics,Headphones,Noise Buds VS104,2,4173.7,0.08,7679.61,1074.57,Debit Card,Standard
ORD-10161,2023-03-06,CUST-1163,Uma Singh,Consumer,Hyderabad,Telangana,South,Clothing,Jeans,Lee Cooper Skinny,1,3376.25,0.05,3207.44,739.14,UPI,Same Day
ORD-11215,2023-03-06,CUST-1536,Harsh Nair,Home Office,Jaipur,Rajasthan,North,Electronics,Smartphones,OnePlus Nord CE3,2,32102.33,0.15,54573.96,2326.22,Net Banking,Economy
ORD-10210,2023-03-06,CUST-1063,Rohit Tiwari,Corporate,Ahmedabad,Gujarat,West,Office Supplies,Pens & Stationery,Faber-Castell Kit,2,349.02,0.08,642.2,315.99,Debit Card,Standard
ORD-10825,2023-03-07,CUST-1324,Rishi Saxena,Consumer,Kochi,Kerala,South,Food & Beverages,Snacks & Chips,Too Yumm Multigrain,8,81.71,0.15,555.63,119.07,Credit Card,Express
ORD-10691,2023-03-07,CUST-1192,Ishaan Deshmukh,Home Office,Delhi,Delhi,North,Office Supplies,Pens & Stationery,Cello Pinpoint Blue,3,69.96,0.0,209.88,122.96,Credit Card,Standard
ORD-10451,2023-03-08,CUST-1299,Rishi Mishra,Consumer,Delhi,Delhi,North,Electronics,Smartwatches,Samsung Galaxy Watch 5,1,4559.12,0.05,4331.16,779.91,Credit Card,Standard
ORD-12497,2023-03-08,CUST-1347,Bhavya Singh,Consumer,Bhubaneswar,Odisha,East,Furniture,Beds,Wakefit Orthopaedic Bed,3,16371.9,0.0,49115.7,8057.27,UPI,Economy
ORD-12202,2023-03-09,CUST-1046,Kunal Pillai,Home Office,Bangalore,Karnataka,South,Electronics,Chargers & Cables,Belkin BoostCharge,1,893.82,0.2,715.06,302.58,Cash,Same Day
ORD-10217,2023-03-10,CUST-1078,Tanvi Pillai,Corporate,Pune,Maharashtra,West,Office Supplies,Paper & Notebooks,Sundaram A4 Ruled,10,675.12,0.33,4523.3,1886.43,UPI,Same Day
ORD-11987,2023-03-10,CUST-1399,Priya Menon,Corporate,Hyderabad,Telangana,South,Food & Beverages,Dry Fruits & Nuts,True Elements Trail Mix,2,856.9,0.13,1491.01,367.34,Debit Card,Economy
ORD-10996,2023-03-10,CUST-1572,Gaurav Agarwal,Corporate,Jaipur,Rajasthan,North,Furniture,Office Chairs,Featherlite Optima,1,9669.51,0.03,9379.42,1121.93,UPI,Standard
ORD-10610,2023-03-11,CUST-1426,Zara Nair,Consumer,Lucknow,Uttar Pradesh,North,Office Supplies,Ink & Toner,Epson T664 Refill Bottle,1,2309.06,0.3,1616.34,340.21,Cash,Express
ORD-12089,2023-03-11,CUST-1202,Harsh Shah,Consumer,Bangalore,Karnataka,South,Clothing,T-Shirts,H&M Basic Tee,1,795.86,0.0,795.86,362.02,Credit Card,Express
ORD-11686,2023-03-11,CUST-1482,Ritika Mishra,Consumer,Bangalore,Karnataka,South,Electronics,Headphones,Sony WH-1000XM5,1,1328.57,0.15,1129.28,271.58,Net Banking,Standard
ORD-12130,2023-03-11,CUST-1377,Neha Menon,Home Office,Jaipur,Rajasthan,North,Electronics,Chargers & Cables,Mi 33W SonicCharge,1,199.0,0.05,189.05,61.58,UPI,Economy
ORD-12356,2023-03-11,CUST-1292,Vivek Pandey,Corporate,Chennai,Tamil Nadu,South,Office Supplies,Storage & Organizers,Cello Novelty Big Drawer,3,2423.1,0.03,7051.22,2632.44,UPI,Economy
ORD-11135,2023-03-12,CUST-1208,Tushar Shah,Consumer,Hyderabad,Telangana,South,Furniture,Beds,Sleepyhead Original,1,43656.7,0.05,41473.86,4603.69,Credit Card,Express
ORD-12316,2023-03-12,CUST-1548,Kunal Joshi,Consumer,Delhi,Delhi,North,Electronics,Chargers & Cables,Mi 33W SonicCharge,1,504.93,0.15,429.19,141.09,UPI,Express
ORD-11365,2023-03-12,CUST-1060,Aditi Sharma,Consumer,Nagpur,Maharashtra,West,Clothing,T-Shirts,Allen Solly Polo,2,649.33,0.3,909.06,181.37,Debit Card,Standard
ORD-10850,2023-03-12,CUST-1586,Priya Patel,Corporate,Bangalore,Karnataka,South,Food & Beverages,Dry Fruits & Nuts,Nutraj Cashews 250g,5,249.25,0.18,1021.92,121.24,UPI,Standard
ORD-10141,2023-03-13,CUST-1005,Aditya Mehta,Corporate,Mumbai,Maharashtra,West,Clothing,Formal Shirts,Peter England Classic,1,1102.29,0.03,1069.22,380.39,Cash,Same Day
ORD-11884,2023-03-14,CUST-1351,Yash Bhat,Corporate,Pune,Maharashtra,West,Food & Beverages,Tea & Coffee,Bru Instant Coffee,2,1999.0,0.03,3878.06,1373.01,UPI,Express
ORD-10423,2023-03-15,CUST-1496,Nikhil Gupta,Consumer,Chennai,Tamil Nadu,South,Electronics,Tablets,OnePlus Pad Go,2,11435.04,0.0,22870.08,2879.76,Debit Card,Express
ORD-10058,2023-03-15,CUST-1455,Tanvi Sinha,Consumer,Bhubaneswar,Odisha,East,Furniture,Beds,Sleepyhead Original,2,35161.99,0.2,56259.18,4855.17,Credit Card,Standard
ORD-10897,2023-03-15,CUST-1466,Ayesha Menon,Home Office,Bangalore,Karnataka,South,Clothing,Formal Shirts,Van Heusen Slim Fit,5,1109.81,0.0,5549.05,1911.14,Credit Card,Express
ORD-10885,2023-03-15,CUST-1042,Kunal Sharma,Consumer,Hyderabad,Telangana,South,Electronics,Headphones,Sony WH-1000XM5,2,2356.24,0.05,4476.86,887.79,Debit Card,Standard
ORD-10213,2023-03-16,CUST-1167,Harsh Kapoor,Consumer,Mumbai,Maharashtra,West,Electronics,Smartwatches,boAt Storm Call,1,6421.48,0.0,6421.48,1504.59,Credit Card,Standard
ORD-10041,2023-03-16,CUST-1117,Simran Mehta,Consumer,Delhi,Delhi,North,Office Supplies,Printers,Canon Pixma G3060,2,13844.0,0.05,26303.6,1295.7,Cash,Standard
ORD-10405,2023-03-16,CUST-1567,Rishi Yadav,Home Office,Mumbai,Maharashtra,West,Food & Beverages,Dry Fruits & Nuts,Nutraj Cashews 250g,2,199.0,0.0,398.0,98.99,UPI,Standard
ORD-11217,2023-03-16,CUST-1241,Mohit Kulkarni,Corporate,Delhi,Delhi,North,Electronics,Laptops,Acer Aspire 5,4,102713.65,0.03,398528.96,49127.36,Credit Card,Same Day
ORD-10166,2023-03-17,CUST-1224,Rishi Iyer,Home Office,Bangalore,Karnataka,South,Clothing,Formal Shirts,Van Heusen Slim Fit,2,1409.87,0.25,2114.8,733.49,UPI,Express
ORD-12003,2023-03-17,CUST-1315,Tushar Kulkarni,Home Office,Delhi,Delhi,North,Clothing,Ethnic Wear,FabIndia Cotton Kurta,1,3107.35,0.1,2796.62,992.91,Credit Card,Same Day
ORD-10302,2023-03-17,CUST-1084,Aditi Deshmukh,Corporate,Lucknow,Uttar Pradesh,North,Electronics,Chargers & Cables,Anker PowerPort,3,1139.78,0.08,3145.79,764.83,UPI,Express
ORD-10507,2023-03-18,CUST-1220,Pooja Sharma,Corporate,Kolkata,West Bengal,East,Food & Beverages,Dry Fruits & Nuts,True Elements Trail Mix,8,1371.23,0.08,10092.25,2328.1,UPI,Standard
ORD-10667,2023-03-18,CUST-1275,Ananya Sharma,Consumer,Mumbai,Maharashtra,West,Furniture,Desks,Nilkamal Aries Workstation,1,10893.12,0.15,9259.15,1006.91,UPI,Standard
ORD-11221,2023-03-18,CUST-1116,Ishaan Patel,Home Office,Jaipur,Rajasthan,North,Furniture,Desks,Wakefit Orion Study Table,2,14212.56,0.1,25582.61,3877.17,Credit Card,Standard
ORD-11009,2023-03-18,CUST-1439,Kriti Rao,Consumer,Hyderabad,Telangana,South,Electronics,Tablets,Apple iPad 10th Gen,1,21508.23,0.2,17206.58,822.02,Credit Card,Standard
ORD-11744,2023-03-18,CUST-1411,Mohit Kapoor,Corporate,Lucknow,Uttar Pradesh,North,Clothing,Ethnic Wear,Manyavar Kurta Set,3,2866.2,0.03,8340.64,3519.73,UPI,Standard
ORD-10045,2023-03-18,CUST-1499,Kunal Das,Consumer,Delhi,Delhi,North,Electronics,Chargers & Cables,Portronics Adaptor,5,607.24,0.05,2884.39,1138.4,UPI,Standard
ORD-10580,2023-03-18,CUST-1411,Mohit Kapoor,Corporate,Lucknow,Uttar Pradesh,North,Electronics,Smartphones,Samsung Galaxy M34,2,24702.26,0.08,45452.16,5735.82,Cash,Express
ORD-11211,2023-03-18,CUST-1276,Amit Sinha,Consumer,Nagpur,Maharashtra,West,Food & Beverages,Beverages,Tropicana Mixed Fruit 1L,4,95.29,0.05,362.1,113.82,UPI,Same Day
ORD-11996,2023-03-19,CUST-1410,Amit Kulkarni,Consumer,Patna,Bihar,East,Food & Beverages,Dry Fruits & Nuts,Happilo Almonds 500g,4,2124.63,0.15,7223.74,670.47,Cash,Express
ORD-10672,2023-03-19,CUST-1240,Manish Das,Corporate,Kolkata,West Bengal,East,Electronics,Chargers & Cables,Mi 33W SonicCharge,1,897.22,0.03,870.3,442.29,Debit Card,Standard
ORD-12311,2023-03-20,CUST-1500,Gaurav Iyer,Consumer,Ahmedabad,Gujarat,West,Clothing,Formal Shirts,Raymond Linen Shirt,1,3049.92,0.1,2744.93,997.27,UPI,Express
ORD-12395,2023-03-20,CUST-1338,Ananya Menon,Consumer,Mumbai,Maharashtra,West,Clothing,Formal Shirts,Peter England Classic,1,834.12,0.05,792.41,204.53,Cash,Standard
ORD-10340,2023-03-20,CUST-1152,Neha Das,Corporate,Lucknow,Uttar Pradesh,North,Electronics,Smartphones,OnePlus Nord CE3,1,29296.08,0.23,22557.98,1360.21,Credit Card,Express
ORD-11188,2023-03-21,CUST-1563,Aarav Verma,Consumer,Bangalore,Karnataka,South,Electronics,Tablets,Realme Pad Mini,1,11898.97,0.0,11898.97,1099.16,Credit Card,Express
ORD-10517,2023-03-21,CUST-1251,Simran Mehta,Home Office,Delhi,Delhi,North,Office Supplies,Storage & Organizers,Cello Novelty Big Drawer,4,867.4,0.05,3296.12,804.33,Debit Card,Same Day
ORD-11412,2023-03-21,CUST-1398,Deepika Chopra,Home Office,Delhi,Delhi,North,Electronics,Smartphones,OnePlus Nord CE3,1,38950.61,0.0,38950.61,6437.78,Credit Card,Same Day
ORD-11357,2023-03-22,CUST-1535,Meera Tiwari,Home Office,Bangalore,Karnataka,South,Electronics,Headphones,OnePlus Buds Z2,3,1211.28,0.05,3452.15,892.75,Credit Card,Economy
ORD-11866,2023-03-22,CUST-1540,Neha Saxena,Consumer,Ahmedabad,Gujarat,West,Electronics,Headphones,JBL Tune 510BT,1,2977.35,0.0,2977.35,727.41,UPI,Standard
ORD-12378,2023-03-22,CUST-1308,Arjun Yadav,Consumer,Mumbai,Maharashtra,West,Electronics,Chargers & Cables,Portronics Adaptor,4,2211.64,0.0,8846.56,2905.89,Net Banking,Standard
ORD-10432,2023-03-23,CUST-1272,Varun Rao,Corporate,Mumbai,Maharashtra,West,Food & Beverages,Tea & Coffee,Organic India Tulsi Green,3,395.85,0.08,1092.55,230.7,UPI,Standard
ORD-11795,2023-03-23,CUST-1030,Sanjay Pandey,Corporate,Kolkata,West Bengal,East,Office Supplies,Pens & Stationery,Faber-Castell Kit,1,81.5,0.23,62.76,35.16,Debit Card,Same Day
ORD-11487,2023-03-24,CUST-1582,Diya Das,Consumer,Pune,Maharashtra,West,Electronics,Smartwatches,Samsung Galaxy Watch 5,3,1999.0,0.05,5697.15,1341.24,Credit Card,Same Day
ORD-11123,2023-03-24,CUST-1333,Mohit Chatterjee,Consumer,Gurugram,Haryana,North,Clothing,Jeans,Wrangler Bootcut,4,2143.46,0.05,8145.15,2797.6,Cash,Economy
ORD-10235,2023-03-24,CUST-1573,Sneha Shah,Consumer,Mumbai,Maharashtra,West,Clothing,Formal Shirts,Louis Philippe Checked,3,1222.15,0.15,3116.48,980.54,Cash,Standard
ORD-11988,2023-03-24,CUST-1002,Gaurav Yadav,Consumer,Delhi,Delhi,North,Office Supplies,Storage & Organizers,Nilkamal Chester 24,4,1225.22,0.1,4410.79,1379.58,UPI,Standard
ORD-12066,2023-03-25,CUST-1354,Ishaan Iyer,Corporate,Jaipur,Rajasthan,North,Office Supplies,Ink & Toner,HP 678 Tri-Color,2,1326.99,0.28,1910.87,440.97,Cash,Same Day
ORD-10719,2023-03-25,CUST-1295,Vivek Gupta,Consumer,Nagpur,Maharashtra,West,Clothing,T-Shirts,Allen Solly Polo,5,299.0,0.0,1495.0,647.2,Credit Card,Standard
ORD-11292,2023-03-25,CUST-1015,Rajesh Gupta,Consumer,Bhubaneswar,Odisha,East,Office Supplies,Ink & Toner,HP 802 Black Cartridge,3,1140.59,0.0,3421.77,632.39,Credit Card,Same Day
ORD-12398,2023-03-25,CUST-1529,Neha Banerjee,Consumer,Coimbatore,Tamil Nadu,South,Clothing,Formal Shirts,Arrow Regular Fit,1,2566.53,0.1,2309.88,670.87,Net Banking,Standard
ORD-10781,2023-03-26,CUST-1570,Rohit Patel,Consumer,Bhubaneswar,Odisha,East,Furniture,Desks,Featherlite Amaze,1,16185.53,0.0,16185.53,2821.46,UPI,Express
ORD-10256,2023-03-26,CUST-1131,Vikram Sinha,Consumer,Kolkata,West Bengal,East,Furniture,Bookshelves,DeckUp Meritus,1,9211.26,0.05,8750.7,1600.97,UPI,Standard
ORD-11432,2023-03-26,CUST-1044,Pankaj Agarwal,Consumer,Guwahati,Assam,East,Clothing,T-Shirts,Allen Solly Polo,4,1105.39,0.15,3758.33,1682.82,Credit Card,Express
ORD-11738,2023-03-26,CUST-1299,Rishi Mishra,Consumer,Delhi,Delhi,North,Clothing,Ethnic Wear,W Palazzo Set,4,999.0,0.15,3396.6,731.37,Debit Card,Express
ORD-10558,2023-03-27,CUST-1423,Ishaan Pillai,Home Office,Lucknow,Uttar Pradesh,North,Furniture,Beds,Nilkamal Imperial Queen,2,35083.98,0.2,56134.37,1552.9,UPI,Standard
ORD-10912,2023-03-27,CUST-1191,Rahul Mishra,Corporate,Kolkata,West Bengal,East,Furniture,Desks,Nilkamal Aries Workstation,1,15062.43,0.03,14610.56,1119.21,UPI,Standard
ORD-11074,2023-03-27,CUST-1318,Nandini Pandey,Corporate,Ahmedabad,Gujarat,West,Furniture,Beds,Wakefit Orthopaedic Bed,1,21271.85,0.23,16379.32,1281.76,Debit Card,Express
ORD-11631,2023-03-27,CUST-1512,Aditi Kumar,Corporate,Gurugram,Haryana,North,Food & Beverages,Health Supplements,Ensure Nutritional Drink,3,3993.57,0.03,11621.29,2593.0,UPI,Express
ORD-10759,2023-03-27,CUST-1050,Ananya Pandey,Corporate,Bangalore,Karnataka,South,Clothing,Jeans,Levi's 511 Slim,3,3444.85,0.28,7440.88,2153.14,Net Banking,Express
ORD-12102,2023-03-28,CUST-1495,Isha Patil,Corporate,Surat,Gujarat,West,Electronics,Smartwatches,Noise ColorFit Pro 4,1,9707.17,0.13,8445.24,1791.36,Credit Card,Standard
ORD-12329,2023-03-28,CUST-1338,Ananya Menon,Consumer,Mumbai,Maharashtra,West,Electronics,Smartwatches,Apple Watch SE,3,2086.06,0.15,5319.45,1138.8,UPI,Express
ORD-11022,2023-03-29,CUST-1433,Uma Nair,Consumer,Coimbatore,Tamil Nadu,South,Clothing,Ethnic Wear,Biba Anarkali Suit,3,6958.43,0.0,20875.29,4465.44,Cash,Standard
ORD-11998,2023-03-30,CUST-1135,Kriti Kapoor,Consumer,Gurugram,Haryana,North,Electronics,Smartphones,Xiaomi Redmi Note 13,3,89999.0,0.05,256497.15,26168.11,Debit Card,Standard
ORD-11339,2023-03-30,CUST-1562,Pankaj Sinha,Corporate,Bangalore,Karnataka,South,Office Supplies,Pens & Stationery,Reynolds Trimax Gel,8,199.94,0.13,1391.58,846.16,Cash,Standard
ORD-11636,2023-03-30,CUST-1161,Bhavya Menon,Consumer,Pune,Maharashtra,West,Food & Beverages,Dry Fruits & Nuts,Happilo Almonds 500g,1,481.07,0.1,432.96,83.29,UPI,Express
ORD-11274,2023-03-30,CUST-1347,Bhavya Singh,Consumer,Bhubaneswar,Odisha,East,Clothing,Jackets,HRX Active Jacket,2,1934.63,0.0,3869.26,1026.12,Credit Card,Economy
ORD-11514,2023-03-30,CUST-1506,Kunal Sharma,Corporate,Hyderabad,Telangana,South,Furniture,Beds,Pepperfry Trundle Bed,1,19719.04,0.03,19127.47,2757.22,Debit Card,Standard
ORD-11905,2023-03-30,CUST-1358,Kavya Patil,Consumer,Kochi,Kerala,South,Electronics,Tablets,Realme Pad Mini,1,29306.87,0.05,27841.53,3761.92,Credit Card,Express
ORD-11766,2023-03-31,CUST-1450,Simran Malhotra,Home Office,Ahmedabad,Gujarat,West,Electronics,Smartphones,iPhone 15,1,28328.52,0.15,24079.24,1479.15,Debit Card,Same Day
ORD-11692,2023-03-31,CUST-1050,Ananya Pandey,Corporate,Bangalore,Karnataka,South,Clothing,Jackets,Fort Collins Puffer,1,8334.94,0.18,6834.65,1453.73,Cash,Standard
ORD-12122,2023-03-31,CUST-1524,Priya Verma,Home Office,Pune,Maharashtra,West,Food & Beverages,Beverages,Coca-Cola 2L,6,282.93,0.0,1697.58,427.48,UPI,Same Day
ORD-12256,2023-03-31,CUST-1419,Zara Shah,Consumer,Mumbai,Maharashtra,West,Clothing,Ethnic Wear,Soch Silk Saree,3,8574.32,0.0,25722.96,9146.46,Debit Card,Economy
ORD-12059,2023-04-01,CUST-1523,Aditya Pandey,Consumer,Hyderabad,Telangana,South,Clothing,Jeans,Lee Cooper Skinny,1,2713.83,0.0,2713.83,646.6,Net Banking,Standard
ORD-11042,2023-04-03,CUST-1098,Nikhil Patil,Corporate,Bangalore,Karnataka,South,Clothing,T-Shirts,Allen Solly Polo,3,1592.64,0.18,3917.89,1386.02,Credit Card,Express
ORD-12400,2023-04-03,CUST-1079,Aditya Agarwal,Consumer,Hyderabad,Telangana,South,Furniture,Desks,Nilkamal Aries Workstation,2,7157.12,0.3,10019.97,405.96,Credit Card,Standard
ORD-10511,2023-04-03,CUST-1137,Dev Iyer,Home Office,Kochi,Kerala,South,Food & Beverages,Tea & Coffee,Nescafe Classic 200g,3,1898.11,0.0,5694.33,1766.54,Debit Card,Standard
ORD-10677,2023-04-04,CUST-1436,Sneha Verma,Home Office,Mumbai,Maharashtra,West,Furniture,Desks,Wakefit Orion Study Table,1,4999.0,0.15,4249.15,552.83,Credit Card,Standard
ORD-11260,2023-04-04,CUST-1548,Kunal Joshi,Consumer,Delhi,Delhi,North,Clothing,T-Shirts,U.S. Polo Assn. Crew,1,804.53,0.05,764.3,276.46,Debit Card,Standard
ORD-12286,2023-04-04,CUST-1430,Manish Sharma,Consumer,Lucknow,Uttar Pradesh,North,Clothing,Ethnic Wear,Manyavar Kurta Set,2,3927.37,0.25,5891.06,2011.73,UPI,Standard
ORD-12072,2023-04-04,CUST-1282,Zara Yadav,Corporate,Kochi,Kerala,South,Furniture,Dining Tables,Home Centre Montoya,2,15685.6,0.08,28861.5,4546.43,Debit Card,Same Day
ORD-12099,2023-04-05,CUST-1100,Ishaan Mishra,Consumer,Visakhapatnam,Andhra Pradesh,South,Food & Beverages,Dry Fruits & Nuts,Happilo Almonds 500g,4,442.55,0.0,1770.2,439.63,Credit Card,Standard
ORD-11586,2023-04-05,CUST-1523,Aditya Pandey,Consumer,Hyderabad,Telangana,South,Electronics,Laptops,Acer Aspire 5,1,57513.45,0.05,54637.78,5220.77,Cash,Standard
ORD-11409,2023-04-05,CUST-1515,Meera Iyer,Consumer,Chennai,Tamil Nadu,South,Office Supplies,Ink & Toner,Brother BT-D60BK,2,4858.35,0.25,7287.52,1673.95,Net Banking,Standard
ORD-11832,2023-04-06,CUST-1241,Mohit Kulkarni,Corporate,Delhi,Delhi,North,Clothing,Formal Shirts,Van Heusen Slim Fit,1,1911.81,0.03,1854.46,794.9,Net Banking,Standard
ORD-12264,2023-04-06,CUST-1358,Kavya Patil,Consumer,Kochi,Kerala,South,Clothing,Jeans,Lee Cooper Skinny,4,2575.51,0.0,10302.04,2098.81,Credit Card,Express
ORD-10699,2023-04-06,CUST-1311,Dev Nair,Consumer,Chennai,Tamil Nadu,South,Electronics,Headphones,Sony WH-1000XM5,2,3325.38,0.25,4988.07,422.26,UPI,Express
ORD-11024,2023-04-06,CUST-1031,Dev Das,Consumer,Mumbai,Maharashtra,West,Electronics,Headphones,Sony WH-1000XM5,1,2146.26,0.1,1931.63,444.75,UPI,Standard
ORD-12224,2023-04-06,CUST-1328,Sanjay Pandey,Consumer,Pune,Maharashtra,West,Office Supplies,Ink & Toner,Brother BT-D60BK,4,1962.68,0.15,6673.11,1857.29,UPI,Express
ORD-10769,2023-04-06,CUST-1359,Nisha Banerjee,Consumer,Pune,Maharashtra,West,Electronics,Laptops,ASUS VivoBook 15,1,60304.62,0.05,57289.39,6223.97,Debit Card,Standard
ORD-11691,2023-04-06,CUST-1114,Pooja Yadav,Corporate,Pune,Maharashtra,West,Clothing,Ethnic Wear,FabIndia Cotton Kurta,3,6614.48,0.33,13295.1,2469.26,Debit Card,Express
ORD-11308,2023-04-07,CUST-1547,Aditya Gupta,Corporate,Delhi,Delhi,North,Electronics,Laptops,ASUS VivoBook 15,1,36749.0,0.03,35646.53,3331.09,Credit Card,Standard
ORD-10900,2023-04-07,CUST-1475,Ishaan Singh,Consumer,Pune,Maharashtra,West,Food & Beverages,Tea & Coffee,Tata Gold Tea 500g,2,530.5,0.0,1061.0,318.63,Cash,Same Day
ORD-12433,2023-04-07,CUST-1586,Priya Patel,Corporate,Bangalore,Karnataka,South,Clothing,T-Shirts,Allen Solly Polo,3,879.44,0.18,2163.42,630.54,UPI,Express
ORD-12039,2023-04-08,CUST-1488,Rajesh Yadav,Home Office,Kolkata,West Bengal,East,Office Supplies,Pens & Stationery,Faber-Castell Kit,5,83.64,0.05,397.29,200.78,Credit Card,Same Day
ORD-12288,2023-04-08,CUST-1446,Aditi Nair,Corporate,Patna,Bihar,East,Furniture,Beds,Pepperfry Trundle Bed,1,20612.47,0.08,18963.47,3217.73,Credit Card,Standard
ORD-10813,2023-04-10,CUST-1307,Ayesha Pandey,Corporate,Patna,Bihar,East,Office Supplies,Storage & Organizers,Nilkamal Chester 24,6,918.52,0.03,5345.79,1280.03,UPI,Same Day
ORD-11548,2023-04-10,CUST-1061,Kunal Sinha,Corporate,Hyderabad,Telangana,South,Food & Beverages,Dry Fruits & Nuts,Nutraj Cashews 250g,2,989.39,0.33,1325.78,147.71,Net Banking,Express
ORD-12056,2023-04-10,CUST-1245,Yash Gupta,Consumer,Ahmedabad,Gujarat,West,Electronics,Tablets,Samsung Galaxy Tab A8,2,10912.18,0.1,19641.92,2379.8,UPI,Same Day
ORD-10344,2023-04-11,CUST-1225,Aditi Agarwal,Consumer,Jaipur,Rajasthan,North,Furniture,Dining Tables,Home Centre Montoya,1,25780.74,0.2,20624.59,1886.45,UPI,Standard
ORD-11639,2023-04-12,CUST-1535,Meera Tiwari,Home Office,Bangalore,Karnataka,South,Office Supplies,Ink & Toner,Brother BT-D60BK,4,1238.28,0.0,4953.12,1267.47,UPI,Standard
ORD-11464,2023-04-12,CUST-1506,Kunal Sharma,Corporate,Hyderabad,Telangana,South,Office Supplies,Pens & Stationery,Pilot V5 Hi-Tecpoint,5,111.79,0.03,542.18,290.03,Debit Card,Standard
ORD-12478,2023-04-12,CUST-1510,Deepika Menon,Corporate,Bangalore,Karnataka,South,Food & Beverages,Health Supplements,MuscleBlaze Whey Protein,12,606.06,0.08,6690.9,1737.87,Credit Card,Same Day
ORD-12181,2023-04-12,CUST-1166,Shreya Pillai,Home Office,Chennai,Tamil Nadu,South,Clothing,Ethnic Wear,FabIndia Cotton Kurta,1,2194.39,0.15,1865.23,400.29,Net Banking,Standard
ORD-10365,2023-04-13,CUST-1566,Rahul Reddy,Consumer,Coimbatore,Tamil Nadu,South,Office Supplies,Paper & Notebooks,Classmate Notebook 200pg,3,172.52,0.25,388.17,165.78,UPI,Express
ORD-11146,2023-04-13,CUST-1286,Nikhil Rao,Consumer,Pune,Maharashtra,West,Electronics,Headphones,JBL Tune 510BT,1,3084.29,0.05,2930.08,445.1,Net Banking,Express
ORD-11103,2023-04-13,CUST-1041,Amit Joshi,Consumer,Kolkata,West Bengal,East,Electronics,Laptops,HP Pavilion 15,1,41918.73,0.1,37726.86,1599.7,Debit Card,Economy
ORD-11621,2023-04-13,CUST-1245,Yash Gupta,Consumer,Ahmedabad,Gujarat,West,Food & Beverages,Health Supplements,HealthKart Multivitamin,4,2546.99,0.0,10187.96,3522.31,Cash,Express
ORD-11807,2023-04-13,CUST-1482,Ritika Mishra,Consumer,Bangalore,Karnataka,South,Food & Beverages,Health Supplements,Revital H Capsules,8,671.49,0.05,5103.32,969.66,Debit Card,Standard
ORD-10424,2023-04-13,CUST-1193,Sanjay Banerjee,Consumer,Mumbai,Maharashtra,West,Furniture,Dining Tables,Urban Ladder Danton 6-Seater,1,9965.38,0.0,9965.38,2100.57,Debit Card,Standard
ORD-11403,2023-04-14,CUST-1334,Tanvi Malhotra,Consumer,Ahmedabad,Gujarat,West,Electronics,Smartwatches,boAt Storm Call,4,15548.76,0.05,59085.29,15549.42,Cash,Standard
ORD-10858,2023-04-15,CUST-1318,Nandini Pandey,Corporate,Ahmedabad,Gujarat,West,Food & Beverages,Tea & Coffee,Organic India Tulsi Green,2,129.44,0.28,186.39,49.61,UPI,Express
ORD-11971,2023-04-15,CUST-1335,Tushar Das,Consumer,Mumbai,Maharashtra,West,Clothing,T-Shirts,Dennis Lingo Slim Fit,1,948.29,0.2,758.63,220.9,UPI,Economy
ORD-10149,2023-04-15,CUST-1493,Rajesh Reddy,Corporate,Pune,Maharashtra,West,Office Supplies,Storage & Organizers,Milton Modular Box,1,3934.8,0.08,3620.02,1252.19,UPI,Economy
ORD-12044,2023-04-16,CUST-1194,Yash Bhat,Corporate,Kolkata,West Bengal,East,Clothing,Jeans,Levi's 511 Slim,1,2225.79,0.03,2159.02,488.97,UPI,Economy
ORD-11838,2023-04-16,CUST-1417,Kavya Bhat,Home Office,Delhi,Delhi,North,Office Supplies,Pens & Stationery,Reynolds Trimax Gel,10,75.7,0.0,757.0,392.86,UPI,Standard
ORD-10922,2023-04-17,CUST-1102,Sakshi Reddy,Home Office,Ahmedabad,Gujarat,West,Clothing,Formal Shirts,Louis Philippe Checked,2,1612.05,0.15,2740.48,1022.51,UPI,Standard
ORD-12482,2023-04-17,CUST-1538,Manish Gupta,Consumer,Noida,Uttar Pradesh,North,Food & Beverages,Tea & Coffee,Nescafe Classic 200g,6,451.91,0.1,2440.31,685.53,Debit Card,Same Day
ORD-10666,2023-04-17,CUST-1285,Chirag Iyer,Consumer,Delhi,Delhi,North,Food & Beverages,Tea & Coffee,Tata Gold Tea 500g,4,333.29,0.15,1133.19,316.01,UPI,Standard
ORD-10796,2023-04-17,CUST-1282,Zara Yadav,Corporate,Kochi,Kerala,South,Clothing,Formal Shirts,Van Heusen Slim Fit,1,950.76,0.08,874.7,376.93,UPI,Standard
ORD-10821,2023-04-18,CUST-1228,Tushar Menon,Consumer,Gurugram,Haryana,North,Food & Beverages,Health Supplements,Ensure Nutritional Drink,5,2073.15,0.15,8810.89,1750.04,UPI,Standard
ORD-10178,2023-04-18,CUST-1295,Vivek Gupta,Consumer,Nagpur,Maharashtra,West,Electronics,Headphones,OnePlus Buds Z2,1,6895.12,0.1,6205.61,1554.18,UPI,Express
ORD-12321,2023-04-18,CUST-1509,Tushar Kulkarni,Corporate,Bangalore,Karnataka,South,Food & Beverages,Tea & Coffee,Bru Instant Coffee,3,1051.5,0.03,3059.86,1072.21,Credit Card,Express
ORD-11185,2023-04-18,CUST-1446,Aditi Nair,Corporate,Patna,Bihar,East,Food & Beverages,Beverages,Sting Energy Drink,3,88.04,0.03,256.2,49.67,Debit Card,Standard
ORD-10156,2023-04-18,CUST-1444,Tushar Yadav,Corporate,Kochi,Kerala,South,Electronics,Tablets,Lenovo Tab M10,1,18390.67,0.03,17838.95,1305.45,Credit Card,Standard
ORD-11669,2023-04-18,CUST-1151,Kunal Gupta,Corporate,Bhubaneswar,Odisha,East,Electronics,Laptops,Dell Inspiron 14,1,73082.32,0.03,70889.85,6164.32,Credit Card,Standard
ORD-10907,2023-04-18,CUST-1250,Bhavya Reddy,Consumer,Bangalore,Karnataka,South,Electronics,Smartphones,Realme Narzo 60,2,47435.23,0.1,85383.41,8132.21,Net Banking,Standard
ORD-11666,2023-04-19,CUST-1290,Varun Nair,Consumer,Bangalore,Karnataka,South,Food & Beverages,Beverages,Coca-Cola 2L,2,599.0,0.25,898.5,163.41,Credit Card,Standard
ORD-12085,2023-04-19,CUST-1013,Yash Patel,Home Office,Bangalore,Karnataka,South,Food & Beverages,Snacks & Chips,Too Yumm Multigrain,1,111.23,0.0,111.23,19.28,Net Banking,Express
ORD-10646,2023-04-19,CUST-1049,Tushar Deshmukh,Home Office,Bangalore,Karnataka,South,Office Supplies,Storage & Organizers,Nilkamal Chester 24,1,1232.03,0.0,1232.03,373.9,UPI,Standard
ORD-10081,2023-04-19,CUST-1302,Nandini Deshmukh,Consumer,Noida,Uttar Pradesh,North,Food & Beverages,Beverages,Sting Energy Drink,3,44.89,0.15,114.47,31.37,Credit Card,Standard
ORD-12086,2023-04-20,CUST-1554,Manish Mishra,Corporate,Delhi,Delhi,North,Clothing,Formal Shirts,Raymond Linen Shirt,1,1413.51,0.28,1017.73,306.65,Debit Card,Economy
ORD-11654,2023-04-21,CUST-1241,Mohit Kulkarni,Corporate,Delhi,Delhi,North,Office Supplies,Paper & Notebooks,Classmate Notebook 200pg,3,150.43,0.23,347.49,111.15,UPI,Express
ORD-10552,2023-04-21,CUST-1279,Amit Yadav,Consumer,Kolkata,West Bengal,East,Clothing,Ethnic Wear,Biba Anarkali Suit,2,4264.56,0.05,8102.66,1683.61,Debit Card,Standard
ORD-11127,2023-04-22,CUST-1377,Neha Menon,Home Office,Jaipur,Rajasthan,North,Food & Beverages,Health Supplements,Revital H Capsules,3,299.0,0.05,852.15,307.22,Debit Card,Standard
ORD-10212,2023-04-22,CUST-1176,Varun Kulkarni,Consumer,Delhi,Delhi,North,Electronics,Smartwatches,Apple Watch SE,1,9400.73,0.05,8930.69,1531.45,Net Banking,Standard
ORD-10789,2023-04-23,CUST-1470,Sakshi Sharma,Consumer,Hyderabad,Telangana,South,Electronics,Laptops,Dell Inspiron 14,2,97720.27,0.15,166124.46,4145.16,Cash,Express
ORD-12025,2023-04-24,CUST-1589,Vivek Reddy,Corporate,Delhi,Delhi,North,Electronics,Tablets,Realme Pad Mini,1,34183.49,0.33,22902.94,-106.47,Net Banking,Standard
ORD-11154,2023-04-24,CUST-1165,Priya Deshmukh,Consumer,Bhubaneswar,Odisha,East,Food & Beverages,Tea & Coffee,Organic India Tulsi Green,2,174.39,0.2,279.02,81.47,Credit Card,Express
ORD-11882,2023-04-25,CUST-1453,Uma Agarwal,Corporate,Delhi,Delhi,North,Furniture,Beds,Wakefit Orthopaedic Bed,1,23841.1,0.18,19549.7,1335.02,Cash,Standard
ORD-10738,2023-04-25,CUST-1337,Amit Banerjee,Consumer,Bangalore,Karnataka,South,Electronics,Tablets,Lenovo Tab M10,5,19949.81,0.1,89774.14,4561.06,Credit Card,Standard
ORD-12334,2023-04-26,CUST-1372,Varun Joshi,Corporate,Bhubaneswar,Odisha,East,Office Supplies,Paper & Notebooks,Classmate Notebook 200pg,2,588.95,0.08,1083.67,573.91,Credit Card,Same Day
ORD-11950,2023-04-26,CUST-1378,Ishaan Gupta,Corporate,Pune,Maharashtra,West,Clothing,Jeans,Flying Machine Tapered,3,1573.38,0.03,4578.54,1747.6,UPI,Standard
ORD-12234,2023-04-26,CUST-1068,Pankaj Gupta,Corporate,Bangalore,Karnataka,South,Food & Beverages,Health Supplements,MuscleBlaze Whey Protein,3,828.74,0.08,2287.32,800.75,Cash,Standard
ORD-11643,2023-04-27,CUST-1470,Sakshi Sharma,Consumer,Hyderabad,Telangana,South,Furniture,Beds,IKEA Malm King Bed,1,24885.29,0.2,19908.23,2680.71,UPI,Same Day
ORD-11105,2023-04-27,CUST-1480,Gaurav Shah,Consumer,Patna,Bihar,East,Food & Beverages,Tea & Coffee,Nescafe Classic 200g,6,1026.03,0.0,6156.18,2325.67,UPI,Standard
ORD-11872,2023-04-28,CUST-1287,Neha Verma,Home Office,Ahmedabad,Gujarat,West,Food & Beverages,Snacks & Chips,Haldiram's Aloo Bhujia,6,420.91,0.05,2399.19,782.84,Credit Card,Economy
ORD-11200,2023-04-28,CUST-1174,Sanjay Deshmukh,Corporate,Noida,Uttar Pradesh,North,Clothing,Formal Shirts,Van Heusen Slim Fit,2,1994.65,0.13,3470.69,1198.44,Credit Card,Express
ORD-12154,2023-04-28,CUST-1168,Bhavya Patil,Corporate,Ranchi,Jharkhand,East,Furniture,Dining Tables,Urban Ladder Danton 6-Seater,2,12090.2,0.23,18618.91,753.22,Cash,Same Day
ORD-11821,2023-04-28,CUST-1540,Neha Saxena,Consumer,Ahmedabad,Gujarat,West,Furniture,Beds,IKEA Malm King Bed,1,22057.22,0.0,22057.22,4009.3,Credit Card,Standard
ORD-11650,2023-04-29,CUST-1402,Gaurav Tiwari,Corporate,Delhi,Delhi,North,Food & Beverages,Tea & Coffee,Nescafe Classic 200g,2,388.91,0.28,560.03,80.11,UPI,Standard
ORD-10905,2023-04-29,CUST-1177,Yash Pandey,Corporate,Ahmedabad,Gujarat,West,Electronics,Tablets,Realme Pad Mini,2,34919.15,0.03,67743.15,7683.12,Net Banking,Express
ORD-12493,2023-04-30,CUST-1178,Aditi Chopra,Consumer,Delhi,Delhi,North,Food & Beverages,Health Supplements,Ensure Nutritional Drink,4,1412.81,0.0,5651.24,1279.0,Debit Card,Express
ORD-11115,2023-04-30,CUST-1071,Ishaan Kulkarni,Consumer,Bangalore,Karnataka,South,Office Supplies,Printers,HP Smart Tank 580,2,13959.75,0.1,25127.55,1526.34,Credit Card,Same Day
ORD-12472,2023-05-01,CUST-1002,Gaurav Yadav,Consumer,Delhi,Delhi,North,Electronics,Tablets,Samsung Galaxy Tab A8,3,31013.47,0.1,83736.37,9515.62,UPI,Same Day
ORD-10458,2023-05-01,CUST-1481,Rahul Shah,Consumer,Kolkata,West Bengal,East,Electronics,Smartphones,Xiaomi Redmi Note 13,2,38184.21,0.0,76368.42,7822.95,Credit Card,Economy
ORD-12272,2023-05-01,CUST-1129,Nikhil Pillai,Consumer,Bhubaneswar,Odisha,East,Office Supplies,Pens & Stationery,Faber-Castell Kit,3,227.79,0.0,683.37,311.3,UPI,Express
ORD-10106,2023-05-01,CUST-1037,Bhavya Patil,Corporate,Delhi,Delhi,North,Electronics,Smartwatches,Apple Watch SE,3,15435.0,0.08,42600.6,9582.37,UPI,Economy
ORD-11553,2023-05-01,CUST-1098,Nikhil Patil,Corporate,Bangalore,Karnataka,South,Electronics,Chargers & Cables,Amazon Basics USB-C Cable,1,779.93,0.03,756.53,316.06,UPI,Express
ORD-12171,2023-05-02,CUST-1035,Zara Joshi,Consumer,Delhi,Delhi,North,Office Supplies,Ink & Toner,Brother BT-D60BK,5,1654.02,0.2,6616.08,1815.6,Cash,Standard
ORD-10454,2023-05-02,CUST-1599,Ananya Reddy,Consumer,Coimbatore,Tamil Nadu,South,Clothing,Ethnic Wear,Biba Anarkali Suit,1,4499.46,0.25,3374.6,892.1,Cash,Same Day
ORD-12082,2023-05-02,CUST-1100,Ishaan Mishra,Consumer,Visakhapatnam,Andhra Pradesh,South,Furniture,Bookshelves,DeckUp Meritus,1,11057.0,0.15,9398.45,1299.67,Cash,Express
ORD-12158,2023-05-02,CUST-1579,Diya Mishra,Consumer,Chennai,Tamil Nadu,South,Food & Beverages,Snacks & Chips,Kurkure Masala Munch,8,41.79,0.2,267.46,41.63,UPI,Economy
ORD-10497,2023-05-02,CUST-1380,Yash Das,Corporate,Bangalore,Karnataka,South,Clothing,T-Shirts,Dennis Lingo Slim Fit,1,2391.17,0.03,2319.43,1025.61,Debit Card,Same Day
ORD-11304,2023-05-03,CUST-1546,Vivek Shah,Consumer,Lucknow,Uttar Pradesh,North,Electronics,Smartwatches,Samsung Galaxy Watch 5,2,5429.11,0.0,10858.22,1785.3,Cash,Express
ORD-12094,2023-05-03,CUST-1455,Tanvi Sinha,Consumer,Bhubaneswar,Odisha,East,Electronics,Smartphones,OnePlus Nord CE3,2,44869.34,0.1,80764.81,5678.16,Debit Card,Same Day
ORD-10470,2023-05-03,CUST-1058,Sakshi Menon,Home Office,Coimbatore,Tamil Nadu,South,Office Supplies,Storage & Organizers,Tupperware Store-All,2,1538.4,0.2,2461.44,702.1,Cash,Standard
ORD-11892,2023-05-04,CUST-1047,Aditi Verma,Consumer,Mumbai,Maharashtra,West,Clothing,Ethnic Wear,Manyavar Kurta Set,5,9650.45,0.1,43427.02,15215.58,UPI,Express
ORD-11713,2023-05-05,CUST-1551,Harsh Joshi,Corporate,Kolkata,West Bengal,East,Electronics,Smartwatches,Fire-Boltt Phoenix,5,8955.17,0.33,29999.82,4362.12,Credit Card,Standard
ORD-11659,2023-05-05,CUST-1020,Sanjay Bhat,Consumer,Pune,Maharashtra,West,Clothing,Formal Shirts,Peter England Classic,1,1133.46,0.2,906.77,290.53,Credit Card,Standard
ORD-10223,2023-05-06,CUST-1151,Kunal Gupta,Corporate,Bhubaneswar,Odisha,East,Electronics,Headphones,Realme Buds Air 3,1,1988.74,0.23,1531.33,387.86,UPI,Economy
ORD-11837,2023-05-06,CUST-1412,Deepika Reddy,Corporate,Surat,Gujarat,West,Office Supplies,Storage & Organizers,Milton Modular Box,3,879.05,0.13,2294.32,718.92,Credit Card,Express
ORD-11054,2023-05-06,CUST-1575,Lavanya Das,Consumer,Bhubaneswar,Odisha,East,Food & Beverages,Dry Fruits & Nuts,Happilo Almonds 500g,3,841.16,0.05,2397.31,584.8,Credit Card,Express
ORD-10111,2023-05-07,CUST-1381,Rishi Deshmukh,Consumer,Chennai,Tamil Nadu,South,Food & Beverages,Dry Fruits & Nuts,True Elements Trail Mix,3,2679.55,0.15,6832.85,1584.29,Debit Card,Standard
ORD-11233,2023-05-07,CUST-1419,Zara Shah,Consumer,Mumbai,Maharashtra,West,Office Supplies,Pens & Stationery,Parker Classic Gold,3,55.67,0.0,167.01,62.02,Cash,Same Day
ORD-10142,2023-05-07,CUST-1595,Amit Kapoor,Consumer,Delhi,Delhi,North,Electronics,Chargers & Cables,Portronics Adaptor,3,1110.29,0.0,3330.87,1290.7,Credit Card,Standard
ORD-11992,2023-05-07,CUST-1117,Simran Mehta,Consumer,Delhi,Delhi,North,Office Supplies,Pens & Stationery,Pilot V5 Hi-Tecpoint,1,348.18,0.15,295.95,114.47,Debit Card,Standard
ORD-11798,2023-05-08,CUST-1027,Rishi Malhotra,Consumer,Lucknow,Uttar Pradesh,North,Clothing,Ethnic Wear,Soch Silk Saree,1,11835.33,0.2,9468.26,3034.21,UPI,Economy
ORD-12413,2023-05-08,CUST-1496,Nikhil Gupta,Consumer,Chennai,Tamil Nadu,South,Office Supplies,Ink & Toner,Brother BT-D60BK,1,686.06,0.2,548.85,74.72,UPI,Economy
ORD-11416,2023-05-08,CUST-1497,Arjun Das,Consumer,Kochi,Kerala,South,Office Supplies,Paper & Notebooks,Navneet Long Book,2,333.98,0.05,634.56,269.2,UPI,Express
ORD-11972,2023-05-08,CUST-1145,Amit Banerjee,Consumer,Chennai,Tamil Nadu,South,Food & Beverages,Dry Fruits & Nuts,Farmley Premium Walnuts,6,648.42,0.15,3306.94,284.69,Net Banking,Express
ORD-11539,2023-05-08,CUST-1292,Vivek Pandey,Corporate,Chennai,Tamil Nadu,South,Clothing,Jeans,Pepe Jeans Slim,2,1973.84,0.08,3631.87,748.46,UPI,Economy
ORD-10452,2023-05-09,CUST-1500,Gaurav Iyer,Consumer,Ahmedabad,Gujarat,West,Clothing,Formal Shirts,Louis Philippe Checked,4,1602.23,0.0,6408.92,1468.57,Net Banking,Same Day
ORD-11605,2023-05-09,CUST-1542,Nikhil Kapoor,Consumer,Noida,Uttar Pradesh,North,Food & Beverages,Snacks & Chips,Kurkure Masala Munch,3,105.88,0.15,269.99,39.22,Credit Card,Express
ORD-12406,2023-05-09,CUST-1094,Tushar Singh,Consumer,Chandigarh,Punjab,North,Electronics,Smartphones,iPhone 15,4,43918.9,0.2,140540.48,11078.93,UPI,Standard
ORD-10019,2023-05-09,CUST-1532,Shreya Verma,Consumer,Bhubaneswar,Odisha,East,Office Supplies,Paper & Notebooks,Luxor Exercise Book,12,137.83,0.3,1157.77,471.03,UPI,Express
ORD-10122,2023-05-09,CUST-1155,Zara Rao,Home Office,Chennai,Tamil Nadu,South,Clothing,Ethnic Wear,Soch Silk Saree,2,1354.05,0.2,2166.48,724.7,Cash,Standard
ORD-12030,2023-05-09,CUST-1585,Priya Mehta,Consumer,Coimbatore,Tamil Nadu,South,Food & Beverages,Snacks & Chips,Lay's Classic Salted,10,499.0,0.2,3992.0,1018.26,UPI,Express
ORD-11164,2023-05-10,CUST-1197,Manish Das,Consumer,Kolkata,West Bengal,East,Electronics,Tablets,Realme Pad Mini,5,32248.13,0.2,128992.52,11618.96,UPI,Standard
ORD-10330,2023-05-10,CUST-1023,Rohit Kapoor,Corporate,Lucknow,Uttar Pradesh,North,Clothing,Jackets,Red Tape Bomber,1,2307.74,0.03,2238.51,585.25,UPI,Standard
ORD-10779,2023-05-11,CUST-1380,Yash Das,Corporate,Bangalore,Karnataka,South,Furniture,Office Chairs,IKEA Markus,2,4393.4,0.03,8523.2,1859.22,Debit Card,Express
ORD-10020,2023-05-11,CUST-1381,Rishi Deshmukh,Consumer,Chennai,Tamil Nadu,South,Clothing,Formal Shirts,Raymond Linen Shirt,4,851.58,0.0,3406.32,1422.11,Net Banking,Economy
ORD-11287,2023-05-12,CUST-1512,Aditi Kumar,Corporate,Gurugram,Haryana,North,Electronics,Headphones,JBL Tune 510BT,3,15961.08,0.03,46446.74,7077.44,UPI,Express
ORD-10617,2023-05-13,CUST-1481,Rahul Shah,Consumer,Kolkata,West Bengal,East,Furniture,Office Chairs,HOF Ito Mesh Chair,3,12701.12,0.15,32387.86,3167.88,Cash,Standard
ORD-10372,2023-05-13,CUST-1313,Amit Menon,Corporate,Lucknow,Uttar Pradesh,North,Electronics,Chargers & Cables,Mi 33W SonicCharge,1,365.96,0.33,245.19,82.8,Credit Card,Standard
ORD-12323,2023-05-13,CUST-1168,Bhavya Patil,Corporate,Ranchi,Jharkhand,East,Office Supplies,Paper & Notebooks,Classmate Notebook 200pg,5,184.31,0.23,709.59,323.76,Net Banking,Express
ORD-11704,2023-05-14,CUST-1190,Nikhil Mishra,Consumer,Bangalore,Karnataka,South,Furniture,Dining Tables,Godrej Interio Neo,1,34787.17,0.2,27829.74,3840.17,Net Banking,Economy
ORD-10343,2023-05-14,CUST-1403,Ishaan Bhat,Corporate,Mumbai,Maharashtra,West,Office Supplies,Printers,Brother DCP-T420W,4,9744.62,0.03,37809.13,3400.1,UPI,Express
ORD-11038,2023-05-15,CUST-1559,Sanjay Malhotra,Consumer,Bangalore,Karnataka,South,Food & Beverages,Beverages,Paper Boat Aamras,4,599.0,0.1,2156.4,532.5,UPI,Same Day
ORD-10287,2023-05-15,CUST-1139,Dev Menon,Home Office,Delhi,Delhi,North,Food & Beverages,Health Supplements,Ensure Nutritional Drink,1,714.87,0.15,607.64,144.51,Cash,Express
ORD-10099,2023-05-17,CUST-1419,Zara Shah,Consumer,Mumbai,Maharashtra,West,Office Supplies,Paper & Notebooks,Classmate Notebook 200pg,3,589.41,0.15,1503.0,530.73,Cash,Standard
ORD-10290,2023-05-18,CUST-1528,Rajesh Mehta,Home Office,Mumbai,Maharashtra,West,Electronics,Headphones,OnePlus Buds Z2,4,1155.26,0.2,3696.83,642.03,Credit Card,Standard
ORD-11039,2023-05-18,CUST-1509,Tushar Kulkarni,Corporate,Bangalore,Karnataka,South,Furniture,Office Chairs,HOF Ito Mesh Chair,2,14889.6,0.18,24418.94,3326.2,UPI,Standard
ORD-10920,2023-05-18,CUST-1200,Chirag Patel,Home Office,Kolkata,West Bengal,East,Electronics,Laptops,Lenovo IdeaPad Slim 3,2,79877.25,0.05,151766.78,9161.77,Cash,Standard
ORD-10787,2023-05-18,CUST-1541,Tanvi Chopra,Corporate,Jaipur,Rajasthan,North,Electronics,Smartphones,Realme Narzo 60,1,45246.94,0.33,30315.45,358.8,Cash,Express
ORD-11205,2023-05-18,CUST-1448,Arjun Sharma,Consumer,Mumbai,Maharashtra,West,Electronics,Chargers & Cables,Portronics Adaptor,2,575.35,0.2,920.56,347.62,Debit Card,Economy
ORD-12494,2023-05-19,CUST-1360,Amit Yadav,Corporate,Pune,Maharashtra,West,Electronics,Chargers & Cables,Anker PowerPort,1,2074.13,0.03,2011.91,605.88,UPI,Standard
ORD-10381,2023-05-19,CUST-1332,Kavya Banerjee,Consumer,Patna,Bihar,East,Clothing,T-Shirts,Levi's Graphic Tee,1,1206.11,0.0,1206.11,387.53,Credit Card,Standard
ORD-10921,2023-05-20,CUST-1253,Simran Mehta,Consumer,Visakhapatnam,Andhra Pradesh,South,Clothing,Jeans,Wrangler Bootcut,1,2254.24,0.15,1916.1,621.73,Credit Card,Same Day
ORD-11242,2023-05-20,CUST-1539,Zara Patil,Consumer,Kolkata,West Bengal,East,Food & Beverages,Snacks & Chips,Haldiram's Aloo Bhujia,8,414.39,0.1,2983.61,584.99,UPI,Same Day
ORD-11637,2023-05-20,CUST-1129,Nikhil Pillai,Consumer,Bhubaneswar,Odisha,East,Electronics,Chargers & Cables,Amazon Basics USB-C Cable,3,356.83,0.05,1016.97,382.72,UPI,Economy
ORD-10576,2023-05-21,CUST-1225,Aditi Agarwal,Consumer,Jaipur,Rajasthan,North,Electronics,Chargers & Cables,Belkin BoostCharge,4,481.44,0.05,1829.47,601.92,Credit Card,Standard
ORD-11283,2023-05-21,CUST-1344,Pooja Saxena,Corporate,Ahmedabad,Gujarat,West,Clothing,Jackets,Fort Collins Puffer,1,2302.76,0.08,2118.54,654.45,Cash,Standard
ORD-11368,2023-05-22,CUST-1221,Aarav Deshmukh,Corporate,Mumbai,Maharashtra,West,Electronics,Tablets,Samsung Galaxy Tab A8,2,45680.69,0.08,84052.47,10459.27,UPI,Same Day
ORD-11070,2023-05-22,CUST-1460,Aarav Shah,Home Office,Surat,Gujarat,West,Office Supplies,Paper & Notebooks,Luxor Exercise Book,5,162.2,0.05,770.45,266.06,UPI,Standard
ORD-11969,2023-05-22,CUST-1330,Aditya Rao,Consumer,Coimbatore,Tamil Nadu,South,Electronics,Smartwatches,Samsung Galaxy Watch 5,1,7969.96,0.2,6375.97,1176.82,Credit Card,Standard
ORD-11367,2023-05-22,CUST-1297,Priya Iyer,Corporate,Bangalore,Karnataka,South,Electronics,Headphones,OnePlus Buds Z2,3,2885.79,0.13,7531.91,1077.6,Cash,Standard
ORD-10771,2023-05-22,CUST-1560,Neha Reddy,Corporate,Ahmedabad,Gujarat,West,Electronics,Chargers & Cables,Amazon Basics USB-C Cable,3,247.21,0.18,608.14,173.44,UPI,Standard
ORD-11466,2023-05-22,CUST-1539,Zara Patil,Consumer,Kolkata,West Bengal,East,Electronics,Laptops,ASUS VivoBook 15,1,67976.5,0.05,64577.68,5443.69,UPI,Express
ORD-11175,2023-05-23,CUST-1376,Nandini Iyer,Consumer,Mumbai,Maharashtra,West,Electronics,Smartwatches,Fire-Boltt Phoenix,1,10202.42,0.15,8672.06,1119.54,Net Banking,Standard
ORD-10317,2023-05-23,CUST-1156,Sneha Mishra,Consumer,Delhi,Delhi,North,Office Supplies,Storage & Organizers,Cello Novelty Big Drawer,3,1370.2,0.0,4110.6,1560.5,Net Banking,Economy
ORD-12083,2023-05-24,CUST-1301,Uma Bhat,Consumer,Pune,Maharashtra,West,Office Supplies,Printers,Epson L3250,4,10064.97,0.2,32207.9,2854.67,Debit Card,Standard
ORD-10611,2023-05-24,CUST-1458,Sanjay Reddy,Home Office,Gurugram,Haryana,North,Clothing,T-Shirts,U.S. Polo Assn. Crew,1,1345.26,0.15,1143.47,473.25,UPI,Same Day
ORD-12227,2023-05-25,CUST-1163,Uma Singh,Consumer,Hyderabad,Telangana,South,Office Supplies,Printers,Brother DCP-T420W,2,20433.61,0.05,38823.86,3537.74,Debit Card,Same Day
ORD-10812,2023-05-25,CUST-1349,Rajesh Patel,Corporate,Lucknow,Uttar Pradesh,North,Electronics,Chargers & Cables,Amazon Basics USB-C Cable,1,569.77,0.13,495.7,189.31,UPI,Same Day
ORD-11351,2023-05-25,CUST-1574,Varun Tiwari,Corporate,Bangalore,Karnataka,South,Clothing,Jeans,Pepe Jeans Slim,1,1896.72,0.18,1555.31,500.15,Cash,Standard
ORD-11331,2023-05-26,CUST-1274,Sneha Pillai,Consumer,Pune,Maharashtra,West,Electronics,Smartphones,Vivo T2x,3,14778.13,0.0,44334.39,7489.9,Net Banking,Express
ORD-11515,2023-05-26,CUST-1502,Neha Patel,Consumer,Chennai,Tamil Nadu,South,Clothing,Formal Shirts,Arrow Regular Fit,1,2267.68,0.2,1814.14,645.26,UPI,Standard
ORD-11916,2023-05-26,CUST-1582,Diya Das,Consumer,Pune,Maharashtra,West,Electronics,Headphones,Noise Buds VS104,1,9800.73,0.1,8820.66,1989.26,UPI,Standard
ORD-12377,2023-05-26,CUST-1052,Rahul Chopra,Corporate,Noida,Uttar Pradesh,North,Office Supplies,Printers,HP Smart Tank 580,3,9488.14,0.03,27610.49,2504.33,Credit Card,Standard
ORD-11564,2023-05-26,CUST-1339,Aarav Mishra,Home Office,Chennai,Tamil Nadu,South,Office Supplies,Storage & Organizers,Nilkamal Chester 24,8,1797.33,0.05,13659.71,2631.7,UPI,Standard
ORD-10867,2023-05-27,CUST-1296,Ayesha Pandey,Corporate,Surat,Gujarat,West,Clothing,Jeans,Wrangler Bootcut,1,1206.11,0.03,1169.93,439.55,UPI,Standard
ORD-10042,2023-05-28,CUST-1201,Yash Patil,Consumer,Chennai,Tamil Nadu,South,Furniture,Beds,Pepperfry Trundle Bed,1,19040.67,0.05,18088.64,2645.54,Debit Card,Standard
ORD-10684,2023-05-28,CUST-1104,Amit Mehta,Corporate,Delhi,Delhi,North,Electronics,Tablets,Apple iPad 10th Gen,3,47390.04,0.08,130796.51,7755.9,Debit Card,Standard
ORD-12342,2023-05-28,CUST-1289,Ishaan Agarwal,Corporate,Hyderabad,Telangana,South,Food & Beverages,Snacks & Chips,Haldiram's Aloo Bhujia,2,422.63,0.18,693.11,126.07,UPI,Standard
ORD-12180,2023-05-29,CUST-1182,Rajesh Shah,Corporate,Noida,Uttar Pradesh,North,Clothing,Ethnic Wear,Biba Anarkali Suit,1,9507.95,0.03,9222.71,2743.9,Cash,Express
ORD-10652,2023-05-29,CUST-1455,Tanvi Sinha,Consumer,Bhubaneswar,Odisha,East,Clothing,Ethnic Wear,W Palazzo Set,2,6434.46,0.3,9008.24,2631.28,Debit Card,Standard
ORD-11864,2023-05-29,CUST-1218,Gaurav Reddy,Consumer,Chandigarh,Punjab,North,Electronics,Tablets,Lenovo Tab M10,2,20237.06,0.3,28331.88,1430.72,UPI,Express
ORD-10882,2023-05-30,CUST-1042,Kunal Sharma,Consumer,Hyderabad,Telangana,South,Office Supplies,Paper & Notebooks,Classmate Notebook 200pg,4,320.37,0.05,1217.41,662.26,Debit Card,Express
ORD-11773,2023-05-30,CUST-1146,Pooja Patil,Corporate,Surat,Gujarat,West,Office Supplies,Paper & Notebooks,Luxor Exercise Book,5,498.98,0.33,1671.58,757.39,Net Banking,Express
ORD-11828,2023-05-31,CUST-1022,Chirag Nair,Corporate,Delhi,Delhi,North,Electronics,Laptops,ASUS VivoBook 15,2,115165.36,0.13,200387.73,20662.34,Credit Card,Standard
ORD-12120,2023-06-01,CUST-1590,Zara Chopra,Consumer,Gurugram,Haryana,North,Office Supplies,Paper & Notebooks,Classmate Notebook 200pg,4,164.14,0.0,656.56,364.93,UPI,Standard
ORD-10361,2023-06-01,CUST-1277,Ayesha Patil,Corporate,Guwahati,Assam,East,Office Supplies,Pens & Stationery,Parker Classic Gold,5,109.82,0.08,505.17,231.84,Credit Card,Standard
ORD-12200,2023-06-01,CUST-1187,Meera Kapoor,Consumer,Lucknow,Uttar Pradesh,North,Clothing,T-Shirts,Levi's Graphic Tee,1,598.5,0.15,508.72,142.77,Net Banking,Express
ORD-12448,2023-06-01,CUST-1180,Manish Kulkarni,Consumer,Lucknow,Uttar Pradesh,North,Electronics,Chargers & Cables,Portronics Adaptor,2,446.66,0.0,893.32,432.14,Cash,Standard
ORD-11278,2023-06-02,CUST-1444,Tushar Yadav,Corporate,Kochi,Kerala,South,Clothing,Jeans,Flying Machine Tapered,1,799.0,0.03,775.03,285.89,Credit Card,Economy
ORD-10214,2023-06-02,CUST-1507,Aditya Kulkarni,Consumer,Ahmedabad,Gujarat,West,Electronics,Laptops,HP Pavilion 15,3,97618.79,0.1,263570.73,14922.66,UPI,Standard
ORD-10002,2023-06-03,CUST-1468,Chirag Bhat,Consumer,Ahmedabad,Gujarat,West,Electronics,Smartwatches,Fire-Boltt Phoenix,3,2807.01,0.0,8421.03,1803.05,Credit Card,Express
ORD-10075,2023-06-03,CUST-1570,Rohit Patel,Consumer,Bhubaneswar,Odisha,East,Clothing,T-Shirts,H&M Basic Tee,1,1146.55,0.25,859.91,358.38,Credit Card,Same Day
ORD-10198,2023-06-04,CUST-1245,Yash Gupta,Consumer,Ahmedabad,Gujarat,West,Electronics,Smartwatches,Noise ColorFit Pro 4,2,2099.62,0.0,4199.24,582.16,UPI,Standard
ORD-10809,2023-06-04,CUST-1362,Meera Reddy,Consumer,Delhi,Delhi,North,Electronics,Laptops,MacBook Air M2,1,72369.02,0.0,72369.02,10001.89,UPI,Standard
ORD-11060,2023-06-05,CUST-1120,Diya Deshmukh,Consumer,Bangalore,Karnataka,South,Electronics,Smartwatches,Noise ColorFit Pro 4,2,4116.5,0.15,6998.05,1230.46,Cash,Express
ORD-10181,2023-06-05,CUST-1279,Amit Yadav,Consumer,Kolkata,West Bengal,East,Clothing,Ethnic Wear,FabIndia Cotton Kurta,1,4069.34,0.2,3255.47,1158.14,UPI,Same Day
ORD-11671,2023-06-06,CUST-1419,Zara Shah,Consumer,Mumbai,Maharashtra,West,Food & Beverages,Snacks & Chips,Lay's Classic Salted,5,59.85,0.15,254.36,74.89,UPI,Express
ORD-12162,2023-06-06,CUST-1404,Rahul Patil,Corporate,Pune,Maharashtra,West,Electronics,Smartphones,iPhone 15,1,69082.94,0.23,53193.86,2336.52,Net Banking,Express
ORD-12125,2023-06-06,CUST-1280,Deepika Tiwari,Consumer,Pune,Maharashtra,West,Electronics,Smartwatches,Apple Watch SE,2,5237.16,0.2,8379.46,1703.03,Credit Card,Express
ORD-11462,2023-06-06,CUST-1420,Nikhil Tiwari,Consumer,Pune,Maharashtra,West,Clothing,T-Shirts,Allen Solly Polo,3,920.06,0.2,2208.14,791.56,Debit Card,Express
ORD-12105,2023-06-06,CUST-1285,Chirag Iyer,Consumer,Delhi,Delhi,North,Office Supplies,Paper & Notebooks,Classmate Notebook 200pg,3,305.17,0.05,869.73,488.19,Credit Card,Express
ORD-12067,2023-06-07,CUST-1242,Aditya Saxena,Consumer,Gurugram,Haryana,North,Furniture,Beds,Wakefit Orthopaedic Bed,1,28159.91,0.0,28159.91,3025.35,Cash,Express
ORD-11442,2023-06-10,CUST-1473,Amit Mishra,Home Office,Kolkata,West Bengal,East,Electronics,Tablets,Samsung Galaxy Tab A8,1,64999.0,0.0,64999.0,6358.46,Cash,Same Day
ORD-12466,2023-06-10,CUST-1229,Dev Verma,Consumer,Mumbai,Maharashtra,West,Clothing,T-Shirts,Levi's Graphic Tee,3,900.75,0.2,2161.8,582.14,UPI,Economy
ORD-10312,2023-06-10,CUST-1590,Zara Chopra,Consumer,Gurugram,Haryana,North,Electronics,Tablets,Apple iPad 10th Gen,2,34682.77,0.05,65897.26,5276.01,UPI,Standard
ORD-12361,2023-06-11,CUST-1412,Deepika Reddy,Corporate,Surat,Gujarat,West,Furniture,Bookshelves,DeckUp Meritus,1,10100.93,0.08,9292.86,1014.06,UPI,Express
ORD-12296,2023-06-11,CUST-1454,Deepika Menon,Consumer,Gurugram,Haryana,North,Food & Beverages,Beverages,Coca-Cola 2L,1,86.66,0.1,77.99,29.29,Debit Card,Standard
ORD-10622,2023-06-12,CUST-1366,Vikram Pandey,Consumer,Surat,Gujarat,West,Electronics,Tablets,OnePlus Pad Go,1,25763.63,0.05,24475.45,1941.74,Debit Card,Express
ORD-11939,2023-06-12,CUST-1530,Varun Chatterjee,Corporate,Noida,Uttar Pradesh,North,Furniture,Dining Tables,IKEA Ekedalen,1,25865.51,0.13,22502.99,2957.65,UPI,Standard
ORD-10364,2023-06-13,CUST-1217,Lavanya Shah,Home Office,Lucknow,Uttar Pradesh,North,Electronics,Smartphones,iPhone 15,1,10122.45,0.1,9110.21,1048.56,Cash,Standard
ORD-10655,2023-06-13,CUST-1461,Ritika Singh,Corporate,Hyderabad,Telangana,South,Electronics,Smartwatches,Fire-Boltt Phoenix,4,16283.96,0.08,59924.97,13854.18,UPI,Standard
ORD-10890,2023-06-14,CUST-1223,Aditya Kumar,Consumer,Delhi,Delhi,North,Office Supplies,Pens & Stationery,Pilot V5 Hi-Tecpoint,2,65.03,0.2,104.05,48.48,Debit Card,Same Day
ORD-11342,2023-06-14,CUST-1047,Aditi Verma,Consumer,Mumbai,Maharashtra,West,Furniture,Beds,Wakefit Orthopaedic Bed,1,28134.96,0.0,28134.96,2749.54,UPI,Express
ORD-11087,2023-06-15,CUST-1281,Aditya Patil,Consumer,Mumbai,Maharashtra,West,Electronics,Chargers & Cables,Anker PowerPort,3,412.42,0.25,927.94,221.12,Credit Card,Express
ORD-10090,2023-06-17,CUST-1192,Ishaan Deshmukh,Home Office,Delhi,Delhi,North,Clothing,Ethnic Wear,Soch Silk Saree,2,4063.3,0.1,7313.94,1822.18,Cash,Express
ORD-12221,2023-06-17,CUST-1172,Kavya Gupta,Consumer,Jaipur,Rajasthan,North,Food & Beverages,Dry Fruits & Nuts,Nutraj Cashews 250g,2,2999.0,0.05,5698.1,1228.01,UPI,Express
ORD-12303,2023-06-17,CUST-1563,Aarav Verma,Consumer,Bangalore,Karnataka,South,Furniture,Bookshelves,DeckUp Meritus,2,7120.7,0.05,13529.33,1800.82,Credit Card,Standard
ORD-11206,2023-06-18,CUST-1546,Vivek Shah,Consumer,Lucknow,Uttar Pradesh,North,Electronics,Headphones,OnePlus Buds Z2,3,14792.37,0.05,42158.25,11783.69,Debit Card,Economy
ORD-10487,2023-06-18,CUST-1232,Varun Patel,Consumer,Surat,Gujarat,West,Electronics,Tablets,Realme Pad Mini,2,17530.28,0.05,33307.53,3258.87,UPI,Standard
ORD-11995,2023-06-19,CUST-1006,Sakshi Pillai,Corporate,Hyderabad,Telangana,South,Clothing,Jeans,Wrangler Bootcut,1,4999.0,0.08,4599.08,1382.87,Debit Card,Same Day
ORD-10144,2023-06-20,CUST-1566,Rahul Reddy,Consumer,Coimbatore,Tamil Nadu,South,Furniture,Bookshelves,Nilkamal Freedom Mini,2,6475.32,0.0,12950.64,2851.88,UPI,Same Day
ORD-10876,2023-06-20,CUST-1169,Lavanya Patel,Corporate,Gurugram,Haryana,North,Clothing,Jeans,Wrangler Bootcut,2,1540.8,0.13,2680.99,617.55,Credit Card,Express
ORD-12283,2023-06-20,CUST-1442,Pooja Patil,Consumer,Gurugram,Haryana,North,Clothing,T-Shirts,Allen Solly Polo,2,959.8,0.0,1919.6,600.73,Credit Card,Express
ORD-11600,2023-06-21,CUST-1231,Deepika Chopra,Corporate,Delhi,Delhi,North,Electronics,Smartwatches,Apple Watch SE,5,4398.01,0.03,21330.35,4504.31,Credit Card,Standard
ORD-11130,2023-06-22,CUST-1567,Rishi Yadav,Home Office,Mumbai,Maharashtra,West,Clothing,Jackets,Campus Sutra Denim,2,2180.57,0.05,4143.08,1536.45,Credit Card,Standard
ORD-11107,2023-06-22,CUST-1154,Meera Pandey,Consumer,Bangalore,Karnataka,South,Furniture,Office Chairs,IKEA Markus,2,12396.17,0.0,24792.34,5946.25,UPI,Express
ORD-10064,2023-06-22,CUST-1262,Gaurav Kumar,Consumer,Hyderabad,Telangana,South,Electronics,Headphones,Noise Buds VS104,2,2523.93,0.0,5047.86,800.6,Debit Card,Same Day
ORD-12188,2023-06-23,CUST-1367,Varun Joshi,Consumer,Surat,Gujarat,West,Food & Beverages,Health Supplements,MuscleBlaze Whey Protein,6,836.46,0.3,3513.13,964.85,Cash,Economy
ORD-11336,2023-06-23,CUST-1593,Vikram Das,Consumer,Chandigarh,Punjab,North,Furniture,Beds,IKEA Malm King Bed,1,13265.61,0.15,11275.77,1645.91,UPI,Standard
ORD-12375,2023-06-23,CUST-1340,Rohit Gupta,Consumer,Patna,Bihar,East,Electronics,Chargers & Cables,Anker PowerPort,4,1174.61,0.0,4698.44,1428.88,Cash,Standard
ORD-11856,2023-06-23,CUST-1508,Kavya Pillai,Home Office,Jaipur,Rajasthan,North,Clothing,Ethnic Wear,W Palazzo Set,2,5230.94,0.15,8892.6,2213.64,Net Banking,Economy
ORD-11926,2023-06-23,CUST-1017,Kriti Kapoor,Home Office,Mumbai,Maharashtra,West,Clothing,Formal Shirts,Louis Philippe Checked,1,992.3,0.2,793.84,208.82,UPI,Express
ORD-11731,2023-06-24,CUST-1384,Zara Verma,Corporate,Bangalore,Karnataka,South,Food & Beverages,Health Supplements,Dabur Chyawanprash 1kg,2,952.97,0.23,1467.57,236.23,UPI,Same Day
ORD-12477,2023-06-25,CUST-1431,Ritika Malhotra,Consumer,Bangalore,Karnataka,South,Office Supplies,Storage & Organizers,Milton Modular Box,3,299.0,0.3,627.9,69.12,UPI,Standard
ORD-10108,2023-06-26,CUST-1096,Nisha Agarwal,Consumer,Bhubaneswar,Odisha,East,Clothing,Ethnic Wear,Manyavar Kurta Set,3,4391.52,0.2,10539.65,2384.02,Credit Card,Standard
ORD-12219,2023-06-26,CUST-1209,Sanjay Sinha,Corporate,Hyderabad,Telangana,South,Food & Beverages,Dry Fruits & Nuts,Happilo Almonds 500g,3,1138.46,0.08,3142.15,320.04,Credit Card,Same Day
ORD-10746,2023-06-27,CUST-1486,Vikram Mehta,Consumer,Kolkata,West Bengal,East,Food & Beverages,Health Supplements,Revital H Capsules,10,1092.28,0.15,9284.38,1331.39,Net Banking,Express
ORD-10641,2023-06-27,CUST-1306,Isha Pillai,Corporate,Ahmedabad,Gujarat,West,Electronics,Tablets,Samsung Galaxy Tab A8,3,18525.09,0.18,45571.72,2870.39,Debit Card,Express
ORD-12381,2023-06-27,CUST-1327,Uma Verma,Home Office,Kolkata,West Bengal,East,Clothing,Jeans,Pepe Jeans Slim,1,1523.05,0.1,1370.74,273.17,UPI,Standard
ORD-11007,2023-06-28,CUST-1072,Vivek Malhotra,Home Office,Hyderabad,Telangana,South,Office Supplies,Paper & Notebooks,Classmate Notebook 200pg,8,255.02,0.1,1836.14,969.88,UPI,Standard
ORD-10659,2023-06-28,CUST-1375,Ananya Kulkarni,Consumer,Noida,Uttar Pradesh,North,Clothing,Jeans,Wrangler Bootcut,3,1353.75,0.1,3655.12,835.22,Debit Card,Express
ORD-12371,2023-06-29,CUST-1485,Ananya Deshmukh,Consumer,Delhi,Delhi,North,Furniture,Dining Tables,Home Centre Montoya,1,12171.24,0.0,12171.24,1251.03,Credit Card,Standard
ORD-12435,2023-06-29,CUST-1272,Varun Rao,Corporate,Mumbai,Maharashtra,West,Office Supplies,Pens & Stationery,Reynolds Trimax Gel,3,319.69,0.23,738.48,286.7,Credit Card,Express
ORD-12357,2023-06-29,CUST-1028,Nisha Tiwari,Home Office,Chennai,Tamil Nadu,South,Clothing,Jeans,Wrangler Bootcut,2,1586.2,0.15,2696.54,945.69,UPI,Standard
ORD-11095,2023-06-29,CUST-1308,Arjun Yadav,Consumer,Mumbai,Maharashtra,West,Electronics,Smartphones,Vivo T2x,2,31574.9,0.25,47362.35,3945.23,UPI,Same Day
ORD-10870,2023-06-30,CUST-1077,Bhavya Patel,Corporate,Bhubaneswar,Odisha,East,Office Supplies,Paper & Notebooks,Sundaram A4 Ruled,1,923.77,0.23,711.3,302.62,Credit Card,Standard
ORD-10008,2023-07-01,CUST-1363,Ritika Nair,Consumer,Bangalore,Karnataka,South,Electronics,Tablets,Samsung Galaxy Tab A8,1,24326.33,0.0,24326.33,3709.77,UPI,Standard
ORD-10009,2023-07-01,CUST-1204,Mohit Tiwari,Consumer,Mumbai,Maharashtra,West,Electronics,Smartphones,Vivo T2x,3,25310.18,0.0,75930.54,10779.85,Credit Card,Standard
ORD-12387,2023-07-02,CUST-1377,Neha Menon,Home Office,Jaipur,Rajasthan,North,Clothing,Jeans,Flying Machine Tapered,3,2279.01,0.0,6837.03,1812.64,UPI,Standard
ORD-11418,2023-07-02,CUST-1398,Deepika Chopra,Home Office,Delhi,Delhi,North,Furniture,Beds,IKEA Malm King Bed,1,55308.35,0.0,55308.35,10786.36,UPI,Standard
ORD-11008,2023-07-03,CUST-1144,Shreya Iyer,Home Office,Mumbai,Maharashtra,West,Food & Beverages,Beverages,Paper Boat Aamras,1,69.09,0.2,55.27,20.43,Cash,Economy
ORD-10463,2023-07-03,CUST-1009,Amit Singh,Corporate,Delhi,Delhi,North,Clothing,Jackets,Red Tape Bomber,4,3674.05,0.08,13520.5,3984.47,Debit Card,Standard
ORD-10049,2023-07-03,CUST-1557,Zara Gupta,Consumer,Bangalore,Karnataka,South,Electronics,Chargers & Cables,Anker PowerPort,4,1676.16,0.1,6034.18,1497.09,Cash,Express
ORD-12336,2023-07-03,CUST-1248,Isha Gupta,Corporate,Pune,Maharashtra,West,Clothing,Ethnic Wear,Biba Anarkali Suit,5,1411.29,0.08,6491.93,1544.71,Debit Card,Same Day
ORD-10843,2023-07-04,CUST-1533,Neha Sinha,Home Office,Pune,Maharashtra,West,Furniture,Beds,Nilkamal Imperial Queen,1,21936.88,0.2,17549.5,691.34,UPI,Express
ORD-12498,2023-07-04,CUST-1074,Aditya Patil,Corporate,Kochi,Kerala,South,Electronics,Smartwatches,Apple Watch SE,1,5117.87,0.13,4452.55,751.8,UPI,Standard
ORD-12389,2023-07-06,CUST-1373,Sneha Patil,Consumer,Gurugram,Haryana,North,Office Supplies,Ink & Toner,Brother BT-D60BK,1,1798.71,0.0,1798.71,380.16,UPI,Express
ORD-10104,2023-07-06,CUST-1444,Tushar Yadav,Corporate,Kochi,Kerala,South,Food & Beverages,Dry Fruits & Nuts,Farmley Premium Walnuts,3,771.39,0.03,2244.74,565.94,Credit Card,Express
ORD-11907,2023-07-07,CUST-1186,Gaurav Shah,Corporate,Chennai,Tamil Nadu,South,Electronics,Tablets,Apple iPad 10th Gen,2,25121.8,0.23,38687.57,435.83,UPI,Standard
ORD-11941,2023-07-08,CUST-1498,Aditya Pandey,Corporate,Delhi,Delhi,North,Clothing,T-Shirts,Levi's Graphic Tee,2,506.57,0.08,932.09,381.99,Debit Card,Express
ORD-11679,2023-07-08,CUST-1102,Sakshi Reddy,Home Office,Ahmedabad,Gujarat,West,Electronics,Tablets,Lenovo Tab M10,2,34351.93,0.2,54963.09,2440.98,UPI,Standard
ORD-10162,2023-07-09,CUST-1283,Simran Rao,Consumer,Jaipur,Rajasthan,North,Furniture,Desks,Wakefit Orion Study Table,2,14245.65,0.25,21368.48,766.33,Cash,Economy
ORD-10355,2023-07-09,CUST-1510,Deepika Menon,Corporate,Bangalore,Karnataka,South,Furniture,Desks,Amazon Basics L-Shape Desk,1,8330.36,0.08,7663.93,969.07,Credit Card,Standard
ORD-10087,2023-07-10,CUST-1080,Rishi Sharma,Consumer,Delhi,Delhi,North,Food & Beverages,Beverages,Paper Boat Aamras,6,148.09,0.0,888.54,205.5,Cash,Standard
ORD-11142,2023-07-10,CUST-1090,Rishi Kapoor,Consumer,Chennai,Tamil Nadu,South,Furniture,Dining Tables,Home Centre Montoya,2,36160.24,0.15,61472.41,8625.98,Credit Card,Economy
ORD-10224,2023-07-10,CUST-1034,Uma Das,Corporate,Delhi,Delhi,North,Food & Beverages,Tea & Coffee,Brooke Bond Red Label,4,667.03,0.08,2454.67,715.7,UPI,Express
ORD-11794,2023-07-11,CUST-1220,Pooja Sharma,Corporate,Kolkata,West Bengal,East,Office Supplies,Pens & Stationery,Pilot V5 Hi-Tecpoint,5,299.45,0.18,1227.75,714.71,Cash,Standard
ORD-12222,2023-07-12,CUST-1181,Lavanya Sharma,Corporate,Hyderabad,Telangana,South,Furniture,Office Chairs,Nilkamal Leatherite,1,6428.73,0.13,5593.0,800.01,Cash,Express
ORD-10186,2023-07-12,CUST-1436,Sneha Verma,Home Office,Mumbai,Maharashtra,West,Clothing,T-Shirts,U.S. Polo Assn. Crew,1,1897.61,0.0,1897.61,774.41,UPI,Express
ORD-11495,2023-07-12,CUST-1266,Tanvi Kapoor,Consumer,Delhi,Delhi,North,Clothing,Jeans,Pepe Jeans Slim,1,1320.98,0.15,1122.83,183.68,UPI,Standard
ORD-11935,2023-07-12,CUST-1112,Uma Gupta,Corporate,Patna,Bihar,East,Clothing,T-Shirts,Dennis Lingo Slim Fit,4,862.68,0.08,3174.66,776.21,Credit Card,Express
ORD-11966,2023-07-12,CUST-1474,Bhavya Patil,Consumer,Hyderabad,Telangana,South,Food & Beverages,Dry Fruits & Nuts,Farmley Premium Walnuts,12,729.69,0.2,7005.02,1339.02,UPI,Same Day
ORD-10689,2023-07-12,CUST-1462,Aditi Menon,Corporate,Bangalore,Karnataka,South,Furniture,Desks,Amazon Basics L-Shape Desk,1,11825.4,0.03,11470.64,1928.89,UPI,Same Day
ORD-10499,2023-07-13,CUST-1335,Tushar Das,Consumer,Mumbai,Maharashtra,West,Electronics,Smartphones,Realme Narzo 60,1,24946.74,0.15,21204.73,2199.53,UPI,Economy
ORD-10952,2023-07-13,CUST-1323,Chirag Nair,Consumer,Mumbai,Maharashtra,West,Furniture,Dining Tables,Home Centre Montoya,1,38056.72,0.1,34251.05,4431.89,Net Banking,Express
ORD-11172,2023-07-13,CUST-1245,Yash Gupta,Consumer,Ahmedabad,Gujarat,West,Clothing,Ethnic Wear,W Palazzo Set,4,6604.74,0.3,18493.27,3338.86,Debit Card,Express
ORD-10693,2023-07-13,CUST-1114,Pooja Yadav,Corporate,Pune,Maharashtra,West,Office Supplies,Printers,Epson L3250,5,4736.96,0.03,22974.26,2922.52,Cash,Standard
ORD-11942,2023-07-13,CUST-1342,Vivek Yadav,Consumer,Ahmedabad,Gujarat,West,Clothing,Jackets,Fort Collins Puffer,5,3936.37,0.0,19681.85,7098.67,UPI,Express
ORD-11811,2023-07-13,CUST-1465,Lavanya Chatterjee,Home Office,Chennai,Tamil Nadu,South,Food & Beverages,Beverages,Sting Energy Drink,1,134.9,0.15,114.66,18.9,UPI,Express
ORD-11682,2023-07-14,CUST-1084,Aditi Deshmukh,Corporate,Lucknow,Uttar Pradesh,North,Electronics,Smartwatches,Fire-Boltt Phoenix,2,5884.97,0.03,11416.84,3071.49,UPI,Express
ORD-10288,2023-07-15,CUST-1478,Uma Mishra,Consumer,Mumbai,Maharashtra,West,Food & Beverages,Dry Fruits & Nuts,Nutraj Cashews 250g,5,852.4,0.0,4262.0,1157.1,UPI,Same Day
ORD-12141,2023-07-15,CUST-1590,Zara Chopra,Consumer,Gurugram,Haryana,North,Food & Beverages,Health Supplements,HealthKart Multivitamin,2,388.98,0.1,700.16,204.86,Cash,Standard
ORD-10093,2023-07-16,CUST-1558,Gaurav Kapoor,Consumer,Bangalore,Karnataka,South,Clothing,T-Shirts,Dennis Lingo Slim Fit,3,2292.22,0.15,5845.16,1368.05,Cash,Same Day
ORD-10835,2023-07-16,CUST-1035,Zara Joshi,Consumer,Delhi,Delhi,North,Electronics,Smartwatches,Fire-Boltt Phoenix,1,4915.2,0.3,3440.64,542.1,UPI,Same Day
ORD-12053,2023-07-16,CUST-1186,Gaurav Shah,Corporate,Chennai,Tamil Nadu,South,Electronics,Laptops,Acer Aspire 5,3,85005.11,0.23,196361.8,1963.62,Credit Card,Standard
ORD-10061,2023-07-17,CUST-1420,Nikhil Tiwari,Consumer,Pune,Maharashtra,West,Electronics,Laptops,Acer Aspire 5,1,39369.62,0.1,35432.66,3307.54,UPI,Standard
ORD-11385,2023-07-17,CUST-1297,Priya Iyer,Corporate,Bangalore,Karnataka,South,Electronics,Smartphones,Realme Narzo 60,1,29733.3,0.03,28841.3,4273.76,UPI,Standard
ORD-11348,2023-07-18,CUST-1417,Kavya Bhat,Home Office,Delhi,Delhi,North,Electronics,Headphones,Sony WH-1000XM5,2,2839.05,0.1,5110.29,1356.63,Credit Card,Standard
ORD-11999,2023-07-19,CUST-1410,Amit Kulkarni,Consumer,Patna,Bihar,East,Office Supplies,Ink & Toner,Brother BT-D60BK,1,1314.94,0.15,1117.7,266.16,Debit Card,Express
ORD-11806,2023-07-19,CUST-1093,Kunal Sharma,Home Office,Bangalore,Karnataka,South,Clothing,Jackets,Red Tape Bomber,1,1858.57,0.0,1858.57,496.41,UPI,Express
ORD-11288,2023-07-19,CUST-1212,Ananya Malhotra,Consumer,Bangalore,Karnataka,South,Office Supplies,Ink & Toner,HP 678 Tri-Color,10,1656.05,0.25,12420.38,3097.62,UPI,Same Day
ORD-12359,2023-07-19,CUST-1367,Varun Joshi,Consumer,Surat,Gujarat,West,Clothing,T-Shirts,Allen Solly Polo,1,2999.0,0.2,2399.2,883.08,Credit Card,Economy
ORD-12330,2023-07-19,CUST-1001,Priya Joshi,Consumer,Mumbai,Maharashtra,West,Furniture,Dining Tables,IKEA Ekedalen,1,11473.36,0.0,11473.36,2465.33,UPI,Same Day
ORD-10997,2023-07-20,CUST-1301,Uma Bhat,Consumer,Pune,Maharashtra,West,Furniture,Dining Tables,Nilkamal Shahenshah 4-Seater,1,49999.0,0.0,49999.0,8760.95,UPI,Standard
ORD-11119,2023-07-20,CUST-1129,Nikhil Pillai,Consumer,Bhubaneswar,Odisha,East,Electronics,Tablets,OnePlus Pad Go,2,21574.93,0.1,38834.87,3794.41,Credit Card,Standard
ORD-11139,2023-07-20,CUST-1355,Arjun Chopra,Consumer,Hyderabad,Telangana,South,Furniture,Dining Tables,Home Centre Montoya,1,28787.74,0.1,25908.97,4092.1,Credit Card,Express
ORD-12116,2023-07-21,CUST-1178,Aditi Chopra,Consumer,Delhi,Delhi,North,Furniture,Dining Tables,Godrej Interio Neo,1,10216.55,0.15,8684.07,801.44,Debit Card,Standard
ORD-12166,2023-07-21,CUST-1534,Aditya Gupta,Corporate,Delhi,Delhi,North,Clothing,Ethnic Wear,Biba Anarkali Suit,3,3273.71,0.08,9035.44,2661.83,UPI,Express
ORD-11190,2023-07-21,CUST-1014,Nisha Gupta,Consumer,Kolkata,West Bengal,East,Electronics,Chargers & Cables,Amazon Basics USB-C Cable,1,331.93,0.3,232.35,56.8,Net Banking,Standard
ORD-10648,2023-07-21,CUST-1233,Kriti Deshmukh,Home Office,Bangalore,Karnataka,South,Furniture,Desks,Wakefit Orion Study Table,1,21699.56,0.0,21699.56,2627.28,Cash,Same Day
ORD-11604,2023-07-21,CUST-1275,Ananya Sharma,Consumer,Mumbai,Maharashtra,West,Office Supplies,Ink & Toner,HP 678 Tri-Color,8,2411.75,0.0,19294.0,4093.38,UPI,Express
ORD-10830,2023-07-22,CUST-1525,Gaurav Patel,Consumer,Chennai,Tamil Nadu,South,Office Supplies,Pens & Stationery,Parker Classic Gold,5,236.98,0.0,1184.9,484.67,Debit Card,Express
ORD-11771,2023-07-22,CUST-1311,Dev Nair,Consumer,Chennai,Tamil Nadu,South,Electronics,Laptops,HP Pavilion 15,4,73540.68,0.0,294162.72,43510.97,Debit Card,Standard
ORD-12332,2023-07-22,CUST-1058,Sakshi Menon,Home Office,Coimbatore,Tamil Nadu,South,Food & Beverages,Health Supplements,Revital H Capsules,3,4969.06,0.0,14907.18,3540.03,UPI,Standard
ORD-10613,2023-07-23,CUST-1281,Aditya Patil,Consumer,Mumbai,Maharashtra,West,Furniture,Bookshelves,Amazon Basics Bookcase,2,8285.59,0.0,16571.18,2020.02,UPI,Express
ORD-12282,2023-07-23,CUST-1037,Bhavya Patil,Corporate,Delhi,Delhi,North,Food & Beverages,Snacks & Chips,Haldiram's Aloo Bhujia,8,150.75,0.08,1109.52,312.85,Net Banking,Standard
ORD-11896,2023-07-23,CUST-1513,Varun Agarwal,Consumer,Pune,Maharashtra,West,Electronics,Smartphones,Realme Narzo 60,1,89999.0,0.0,89999.0,12478.07,Cash,Express
ORD-10824,2023-07-24,CUST-1469,Chirag Das,Corporate,Hyderabad,Telangana,South,Food & Beverages,Tea & Coffee,Brooke Bond Red Label,6,482.38,0.23,2228.6,594.35,Net Banking,Express
ORD-12213,2023-07-24,CUST-1359,Nisha Banerjee,Consumer,Pune,Maharashtra,West,Food & Beverages,Dry Fruits & Nuts,Farmley Premium Walnuts,5,347.41,0.05,1650.2,173.73,Debit Card,Same Day
ORD-10535,2023-07-24,CUST-1010,Mohit Menon,Home Office,Bhubaneswar,Odisha,East,Electronics,Smartphones,Xiaomi Redmi Note 13,1,18512.96,0.05,17587.31,1182.1,Debit Card,Standard
ORD-12185,2023-07-24,CUST-1072,Vivek Malhotra,Home Office,Hyderabad,Telangana,South,Food & Beverages,Beverages,Real Fruit Power Mango,2,118.06,0.05,224.31,86.45,Credit Card,Express
ORD-10595,2023-07-25,CUST-1092,Rajesh Kumar,Consumer,Kolkata,West Bengal,East,Electronics,Headphones,Sony WH-1000XM5,1,1165.51,0.0,1165.51,236.81,Credit Card,Standard
ORD-11863,2023-07-25,CUST-1010,Mohit Menon,Home Office,Bhubaneswar,Odisha,East,Electronics,Headphones,Noise Buds VS104,3,2314.76,0.1,6249.85,1743.19,Debit Card,Standard
ORD-10934,2023-07-25,CUST-1380,Yash Das,Corporate,Bangalore,Karnataka,South,Food & Beverages,Beverages,Sting Energy Drink,4,559.39,0.23,1722.92,326.76,UPI,Express
ORD-10275,2023-07-25,CUST-1467,Uma Chopra,Consumer,Bangalore,Karnataka,South,Office Supplies,Ink & Toner,Brother BT-D60BK,2,1285.85,0.0,2571.7,556.89,Net Banking,Standard
ORD-10948,2023-07-26,CUST-1581,Meera Sinha,Corporate,Delhi,Delhi,North,Electronics,Tablets,Samsung Galaxy Tab A8,3,20312.89,0.13,53016.64,4638.41,Credit Card,Same Day
ORD-10895,2023-07-26,CUST-1005,Aditya Mehta,Corporate,Mumbai,Maharashtra,West,Furniture,Office Chairs,Nilkamal Leatherite,2,4872.99,0.33,6529.81,318.17,UPI,Same Day
ORD-11791,2023-07-26,CUST-1452,Rishi Mehta,Corporate,Delhi,Delhi,North,Furniture,Office Chairs,IKEA Markus,1,7759.47,0.33,5198.84,80.57,Credit Card,Express
ORD-10025,2023-07-26,CUST-1250,Bhavya Reddy,Consumer,Bangalore,Karnataka,South,Electronics,Headphones,Sony WH-1000XM5,1,14509.28,0.05,13783.82,2485.86,Credit Card,Standard
ORD-10754,2023-07-26,CUST-1386,Sneha Saxena,Home Office,Chennai,Tamil Nadu,South,Electronics,Laptops,HP Pavilion 15,4,25999.0,0.25,77997.0,1802.38,UPI,Same Day
ORD-11991,2023-07-26,CUST-1082,Nisha Chatterjee,Consumer,Ahmedabad,Gujarat,West,Electronics,Smartwatches,Apple Watch SE,1,7873.73,0.05,7480.04,1204.7,UPI,Standard
ORD-12002,2023-07-26,CUST-1165,Priya Deshmukh,Consumer,Bhubaneswar,Odisha,East,Electronics,Chargers & Cables,Portronics Adaptor,3,1075.22,0.0,3225.66,1306.14,Debit Card,Standard
ORD-11320,2023-07-26,CUST-1482,Ritika Mishra,Consumer,Bangalore,Karnataka,South,Furniture,Office Chairs,Green Soul Jupiter,1,7636.16,0.0,7636.16,1516.21,UPI,Express
ORD-10127,2023-07-27,CUST-1124,Harsh Pillai,Corporate,Delhi,Delhi,North,Furniture,Office Chairs,Nilkamal Leatherite,3,21393.65,0.18,52628.38,5912.49,Debit Card,Standard
ORD-11285,2023-07-28,CUST-1432,Kriti Verma,Consumer,Kochi,Kerala,South,Food & Beverages,Tea & Coffee,Organic India Tulsi Green,3,99.0,0.0,297.0,82.77,Debit Card,Economy
ORD-10783,2023-07-28,CUST-1151,Kunal Gupta,Corporate,Bhubaneswar,Odisha,East,Office Supplies,Printers,Epson L3250,3,29999.0,0.23,69297.69,692.98,UPI,Express
ORD-10220,2023-07-28,CUST-1012,Yash Patil,Consumer,Kolkata,West Bengal,East,Clothing,Jackets,Fort Collins Puffer,1,2549.75,0.0,2549.75,634.68,Debit Card,Standard
ORD-12133,2023-07-28,CUST-1193,Sanjay Banerjee,Consumer,Mumbai,Maharashtra,West,Electronics,Chargers & Cables,Portronics Adaptor,5,1094.77,0.2,4379.08,1408.47,Net Banking,Express
ORD-12464,2023-07-28,CUST-1328,Sanjay Pandey,Consumer,Pune,Maharashtra,West,Food & Beverages,Health Supplements,MuscleBlaze Whey Protein,1,1218.24,0.3,852.77,78.52,UPI,Same Day
ORD-10060,2023-07-28,CUST-1389,Harsh Sinha,Home Office,Lucknow,Uttar Pradesh,North,Electronics,Smartphones,Vivo T2x,4,31655.06,0.1,113958.22,16036.2,Net Banking,Standard
ORD-11647,2023-07-30,CUST-1189,Zara Patel,Consumer,Guwahati,Assam,East,Food & Beverages,Tea & Coffee,Nescafe Classic 200g,5,575.25,0.05,2732.44,882.74,UPI,Economy
ORD-11522,2023-07-31,CUST-1475,Ishaan Singh,Consumer,Pune,Maharashtra,West,Clothing,Jackets,Campus Sutra Denim,3,3539.91,0.0,10619.73,4137.38,Cash,Standard
ORD-11970,2023-07-31,CUST-1419,Zara Shah,Consumer,Mumbai,Maharashtra,West,Food & Beverages,Dry Fruits & Nuts,True Elements Trail Mix,3,789.39,0.05,2249.76,604.56,UPI,Standard
ORD-11790,2023-07-31,CUST-1436,Sneha Verma,Home Office,Mumbai,Maharashtra,West,Furniture,Beds,Nilkamal Imperial Queen,1,14798.2,0.0,14798.2,2027.55,UPI,Express
ORD-10086,2023-08-01,CUST-1271,Zara Malhotra,Consumer,Mumbai,Maharashtra,West,Electronics,Laptops,Dell Inspiron 14,2,29029.22,0.05,55155.52,4277.53,Net Banking,Express
ORD-11984,2023-08-01,CUST-1359,Nisha Banerjee,Consumer,Pune,Maharashtra,West,Office Supplies,Pens & Stationery,Pilot V5 Hi-Tecpoint,2,102.79,0.15,174.74,80.84,Net Banking,Express
ORD-10935,2023-08-01,CUST-1212,Ananya Malhotra,Consumer,Bangalore,Karnataka,South,Electronics,Tablets,Samsung Galaxy Tab A8,2,38872.51,0.0,77745.02,7448.89,Credit Card,Same Day
ORD-10955,2023-08-02,CUST-1505,Zara Joshi,Corporate,Bangalore,Karnataka,South,Clothing,Jeans,Wrangler Bootcut,4,1006.21,0.13,3501.61,1339.91,Debit Card,Standard
ORD-11337,2023-08-02,CUST-1328,Sanjay Pandey,Consumer,Pune,Maharashtra,West,Clothing,Formal Shirts,Van Heusen Slim Fit,4,1799.97,0.0,7199.88,1655.08,UPI,Standard
ORD-11371,2023-08-02,CUST-1408,Sanjay Chatterjee,Corporate,Surat,Gujarat,West,Office Supplies,Printers,HP Smart Tank 580,1,20392.38,0.08,18760.99,1088.31,Debit Card,Standard
ORD-10444,2023-08-02,CUST-1542,Nikhil Kapoor,Consumer,Noida,Uttar Pradesh,North,Electronics,Chargers & Cables,Anker PowerPort,3,788.11,0.05,2246.11,814.1,UPI,Standard
ORD-10985,2023-08-03,CUST-1558,Gaurav Kapoor,Consumer,Bangalore,Karnataka,South,Electronics,Smartwatches,boAt Storm Call,2,14368.85,0.15,24427.04,4575.32,Credit Card,Express
ORD-12168,2023-08-03,CUST-1497,Arjun Das,Consumer,Kochi,Kerala,South,Electronics,Laptops,Dell Inspiron 14,5,42119.69,0.1,189538.6,7435.25,Cash,Standard
ORD-10894,2023-08-03,CUST-1028,Nisha Tiwari,Home Office,Chennai,Tamil Nadu,South,Clothing,Formal Shirts,Raymond Linen Shirt,1,2156.84,0.0,2156.84,475.92,UPI,Same Day
ORD-11925,2023-08-04,CUST-1215,Bhavya Verma,Corporate,Visakhapatnam,Andhra Pradesh,South,Office Supplies,Pens & Stationery,Pilot V5 Hi-Tecpoint,2,62.56,0.13,108.85,61.79,Debit Card,Same Day
ORD-11956,2023-08-04,CUST-1532,Shreya Verma,Consumer,Bhubaneswar,Odisha,East,Clothing,Formal Shirts,Louis Philippe Checked,3,2894.7,0.0,8684.1,3511.63,Debit Card,Standard
ORD-11438,2023-08-04,CUST-1542,Nikhil Kapoor,Consumer,Noida,Uttar Pradesh,North,Electronics,Smartphones,Realme Narzo 60,1,61782.67,0.1,55604.4,4130.46,Credit Card,Express
ORD-10231,2023-08-04,CUST-1124,Harsh Pillai,Corporate,Delhi,Delhi,North,Clothing,Formal Shirts,Arrow Regular Fit,2,1982.17,0.18,3250.76,633.11,UPI,Economy
ORD-12004,2023-08-04,CUST-1292,Vivek Pandey,Corporate,Chennai,Tamil Nadu,South,Electronics,Tablets,Realme Pad Mini,1,31575.01,0.18,25891.51,1788.67,Net Banking,Standard
ORD-10797,2023-08-05,CUST-1085,Simran Tiwari,Consumer,Bangalore,Karnataka,South,Office Supplies,Paper & Notebooks,Classmate Notebook 200pg,2,156.64,0.0,313.28,98.68,UPI,Standard
ORD-10159,2023-08-05,CUST-1004,Varun Kumar,Consumer,Ranchi,Jharkhand,East,Clothing,Formal Shirts,Peter England Classic,5,1903.84,0.1,8567.28,3219.89,UPI,Standard
ORD-11565,2023-08-05,CUST-1433,Uma Nair,Consumer,Coimbatore,Tamil Nadu,South,Furniture,Office Chairs,Featherlite Optima,1,9752.33,0.0,9752.33,2413.5,Net Banking,Express
ORD-10953,2023-08-05,CUST-1097,Rajesh Malhotra,Consumer,Hyderabad,Telangana,South,Food & Beverages,Snacks & Chips,Haldiram's Aloo Bhujia,12,121.68,0.0,1460.16,495.34,Net Banking,Economy
ORD-11695,2023-08-06,CUST-1380,Yash Das,Corporate,Bangalore,Karnataka,South,Electronics,Headphones,Realme Buds Air 3,3,8136.5,0.03,23677.22,6117.67,UPI,Express
ORD-11359,2023-08-06,CUST-1144,Shreya Iyer,Home Office,Mumbai,Maharashtra,West,Electronics,Laptops,ASUS VivoBook 15,3,66413.89,0.0,199241.67,25683.29,Debit Card,Standard
ORD-10070,2023-08-06,CUST-1103,Mohit Sinha,Corporate,Ahmedabad,Gujarat,West,Food & Beverages,Tea & Coffee,Bru Instant Coffee,1,666.0,0.08,612.72,135.46,UPI,Standard
ORD-11488,2023-08-07,CUST-1291,Rahul Mehta,Consumer,Kochi,Kerala,South,Electronics,Smartwatches,Apple Watch SE,4,7667.87,0.05,29137.91,7020.9,UPI,Standard
ORD-11276,2023-08-07,CUST-1453,Uma Agarwal,Corporate,Delhi,Delhi,North,Clothing,Formal Shirts,Arrow Regular Fit,3,1591.9,0.23,3677.29,695.69,UPI,Standard
ORD-11484,2023-08-07,CUST-1465,Lavanya Chatterjee,Home Office,Chennai,Tamil Nadu,South,Electronics,Chargers & Cables,Mi 33W SonicCharge,1,944.28,0.1,849.85,332.96,UPI,Economy
ORD-10751,2023-08-07,CUST-1276,Amit Sinha,Consumer,Nagpur,Maharashtra,West,Food & Beverages,Dry Fruits & Nuts,Nutraj Cashews 250g,1,959.89,0.05,911.9,182.93,Credit Card,Standard
ORD-10018,2023-08-08,CUST-1519,Nisha Yadav,Corporate,Chandigarh,Punjab,North,Food & Beverages,Health Supplements,Dabur Chyawanprash 1kg,10,2478.28,0.23,19082.76,2567.18,Debit Card,Standard
ORD-11443,2023-08-08,CUST-1133,Priya Gupta,Home Office,Noida,Uttar Pradesh,North,Furniture,Office Chairs,Featherlite Optima,1,11274.52,0.1,10147.07,1078.38,UPI,Standard
ORD-10786,2023-08-08,CUST-1116,Ishaan Patel,Home Office,Jaipur,Rajasthan,North,Furniture,Beds,Pepperfry Trundle Bed,1,14644.47,0.25,10983.35,1007.72,Debit Card,Economy
ORD-11122,2023-08-08,CUST-1194,Yash Bhat,Corporate,Kolkata,West Bengal,East,Clothing,Formal Shirts,Raymond Linen Shirt,4,1356.07,0.08,4990.34,1834.08,Net Banking,Standard
ORD-11763,2023-08-09,CUST-1091,Rahul Deshmukh,Home Office,Bangalore,Karnataka,South,Office Supplies,Pens & Stationery,Parker Classic Gold,2,121.24,0.05,230.36,93.29,UPI,Express
ORD-10716,2023-08-09,CUST-1440,Varun Nair,Consumer,Bangalore,Karnataka,South,Food & Beverages,Health Supplements,Ensure Nutritional Drink,3,984.19,0.3,2066.8,348.23,Credit Card,Standard
ORD-11345,2023-08-09,CUST-1236,Aditya Pandey,Consumer,Pune,Maharashtra,West,Office Supplies,Storage & Organizers,Cello Novelty Big Drawer,1,692.0,0.1,622.8,125.23,Credit Card,Express
ORD-10886,2023-08-09,CUST-1080,Rishi Sharma,Consumer,Delhi,Delhi,North,Office Supplies,Ink & Toner,HP 802 Black Cartridge,6,1020.96,0.1,5513.18,851.73,UPI,Standard
ORD-10982,2023-08-09,CUST-1119,Rishi Pillai,Corporate,Hyderabad,Telangana,South,Electronics,Smartwatches,Apple Watch SE,2,5272.1,0.08,9700.66,2145.7,UPI,Express
ORD-10082,2023-08-09,CUST-1367,Varun Joshi,Consumer,Surat,Gujarat,West,Clothing,Jackets,Wildcraft Windbreaker,4,1956.32,0.05,7434.02,1382.07,Cash,Standard
ORD-11270,2023-08-10,CUST-1080,Rishi Sharma,Consumer,Delhi,Delhi,North,Office Supplies,Storage & Organizers,Nilkamal Chester 24,2,533.87,0.05,1014.35,189.1,Debit Card,Standard
ORD-12358,2023-08-11,CUST-1561,Tanvi Kumar,Consumer,Bhubaneswar,Odisha,East,Clothing,Jeans,Levi's 511 Slim,2,2543.8,0.25,3815.7,1191.89,UPI,Express
ORD-10827,2023-08-11,CUST-1245,Yash Gupta,Consumer,Ahmedabad,Gujarat,West,Clothing,Jackets,Red Tape Bomber,1,1990.79,0.15,1692.17,580.91,UPI,Standard
ORD-12263,2023-08-11,CUST-1523,Aditya Pandey,Consumer,Hyderabad,Telangana,South,Clothing,Jackets,Wildcraft Windbreaker,5,2078.5,0.0,10392.5,4008.46,UPI,Economy
ORD-11354,2023-08-11,CUST-1599,Ananya Reddy,Consumer,Coimbatore,Tamil Nadu,South,Furniture,Desks,Nilkamal Aries Workstation,1,13559.41,0.25,10169.56,362.93,Debit Card,Express
ORD-10639,2023-08-12,CUST-1384,Zara Verma,Corporate,Bangalore,Karnataka,South,Food & Beverages,Snacks & Chips,Bingo Mad Angles,3,53.84,0.08,148.6,43.88,Credit Card,Express
ORD-10695,2023-08-12,CUST-1549,Isha Patil,Home Office,Lucknow,Uttar Pradesh,North,Electronics,Headphones,Sony WH-1000XM5,2,13537.18,0.05,25720.64,7679.13,Credit Card,Standard
ORD-12335,2023-08-12,CUST-1099,Sanjay Mishra,Consumer,Chennai,Tamil Nadu,South,Electronics,Tablets,OnePlus Pad Go,4,22889.65,0.1,82402.74,4442.14,Debit Card,Standard
ORD-11705,2023-08-12,CUST-1349,Rajesh Patel,Corporate,Lucknow,Uttar Pradesh,North,Food & Beverages,Tea & Coffee,Nescafe Classic 200g,1,195.14,0.08,179.53,51.42,UPI,Standard
ORD-11680,2023-08-13,CUST-1507,Aditya Kulkarni,Consumer,Ahmedabad,Gujarat,West,Furniture,Dining Tables,Godrej Interio Neo,2,37782.75,0.0,75565.5,10539.97,Credit Card,Economy
ORD-11660,2023-08-13,CUST-1102,Sakshi Reddy,Home Office,Ahmedabad,Gujarat,West,Food & Beverages,Snacks & Chips,Lay's Classic Salted,6,63.62,0.15,324.46,89.71,Cash,Standard
ORD-11626,2023-08-13,CUST-1279,Amit Yadav,Consumer,Kolkata,West Bengal,East,Electronics,Smartphones,Xiaomi Redmi Note 13,1,34611.31,0.3,24227.92,1753.31,UPI,Standard
ORD-11216,2023-08-14,CUST-1429,Ishaan Patel,Corporate,Ahmedabad,Gujarat,West,Office Supplies,Pens & Stationery,Pilot V5 Hi-Tecpoint,8,46.24,0.08,340.33,138.09,Credit Card,Express
ORD-11664,2023-08-14,CUST-1154,Meera Pandey,Consumer,Bangalore,Karnataka,South,Furniture,Bookshelves,IKEA Kallax Shelf,1,4795.76,0.1,4316.18,874.59,UPI,Express
ORD-11734,2023-08-15,CUST-1188,Ananya Reddy,Corporate,Chennai,Tamil Nadu,South,Electronics,Smartphones,Realme Narzo 60,1,41441.59,0.03,40198.34,6531.51,Cash,Standard
ORD-10979,2023-08-15,CUST-1355,Arjun Chopra,Consumer,Hyderabad,Telangana,South,Clothing,T-Shirts,Levi's Graphic Tee,2,453.19,0.1,815.74,267.45,UPI,Standard
ORD-12273,2023-08-15,CUST-1038,Varun Malhotra,Corporate,Surat,Gujarat,West,Electronics,Laptops,Dell Inspiron 14,1,57269.57,0.33,38370.61,73.36,Cash,Same Day
ORD-12312,2023-08-15,CUST-1051,Lavanya Yadav,Consumer,Guwahati,Assam,East,Clothing,Formal Shirts,Van Heusen Slim Fit,1,2657.73,0.0,2657.73,1041.72,UPI,Economy
ORD-12468,2023-08-16,CUST-1267,Priya Pillai,Consumer,Bhubaneswar,Odisha,East,Electronics,Headphones,Realme Buds Air 3,3,1560.38,0.1,4213.03,1276.51,Cash,Express
ORD-11486,2023-08-17,CUST-1224,Rishi Iyer,Home Office,Bangalore,Karnataka,South,Furniture,Office Chairs,HOF Ito Mesh Chair,1,11322.81,0.0,11322.81,2303.32,Net Banking,Standard
ORD-10989,2023-08-17,CUST-1394,Amit Agarwal,Corporate,Kolkata,West Bengal,East,Clothing,Ethnic Wear,FabIndia Cotton Kurta,4,2819.13,0.03,10938.22,3257.99,Credit Card,Same Day
ORD-11786,2023-08-17,CUST-1444,Tushar Yadav,Corporate,Kochi,Kerala,South,Furniture,Office Chairs,Featherlite Optima,1,15009.86,0.33,10056.61,828.11,UPI,Standard
ORD-11775,2023-08-17,CUST-1590,Zara Chopra,Consumer,Gurugram,Haryana,North,Food & Beverages,Health Supplements,HealthKart Multivitamin,6,746.69,0.15,3808.12,1093.7,Credit Card,Express
ORD-12016,2023-08-18,CUST-1113,Aditi Pillai,Home Office,Ahmedabad,Gujarat,West,Electronics,Smartwatches,Fire-Boltt Phoenix,1,3360.51,0.0,3360.51,940.48,UPI,Standard
ORD-10621,2023-08-18,CUST-1388,Aarav Deshmukh,Home Office,Delhi,Delhi,North,Food & Beverages,Dry Fruits & Nuts,Happilo Almonds 500g,2,1416.14,0.0,2832.28,397.1,UPI,Express
ORD-12178,2023-08-18,CUST-1578,Ananya Chatterjee,Consumer,Bhubaneswar,Odisha,East,Furniture,Office Chairs,Featherlite Optima,1,20226.53,0.0,20226.53,4796.88,UPI,Express
ORD-10938,2023-08-18,CUST-1007,Sneha Patil,Consumer,Chennai,Tamil Nadu,South,Food & Beverages,Dry Fruits & Nuts,True Elements Trail Mix,3,300.19,0.1,810.51,204.42,UPI,Same Day
ORD-11321,2023-08-18,CUST-1287,Neha Verma,Home Office,Ahmedabad,Gujarat,West,Food & Beverages,Health Supplements,MuscleBlaze Whey Protein,1,1819.61,0.0,1819.61,644.48,UPI,Express
ORD-12046,2023-08-18,CUST-1438,Rishi Das,Consumer,Coimbatore,Tamil Nadu,South,Food & Beverages,Beverages,Paper Boat Aamras,1,108.69,0.05,103.26,26.81,Credit Card,Express
ORD-10466,2023-08-19,CUST-1494,Shreya Singh,Consumer,Gurugram,Haryana,North,Clothing,Formal Shirts,Raymond Linen Shirt,2,783.1,0.05,1487.89,593.0,Net Banking,Standard
ORD-12338,2023-08-19,CUST-1089,Rishi Das,Consumer,Mumbai,Maharashtra,West,Electronics,Smartphones,Xiaomi Redmi Note 13,3,46340.27,0.05,132069.77,21111.09,Net Banking,Standard
ORD-12207,2023-08-19,CUST-1562,Pankaj Sinha,Corporate,Bangalore,Karnataka,South,Clothing,Jeans,Levi's 511 Slim,1,1458.2,0.33,976.99,116.21,Credit Card,Express
ORD-10057,2023-08-19,CUST-1320,Sanjay Nair,Home Office,Mumbai,Maharashtra,West,Furniture,Dining Tables,Godrej Interio Neo,1,14447.97,0.05,13725.57,2233.67,UPI,Same Day
ORD-11855,2023-08-19,CUST-1585,Priya Mehta,Consumer,Coimbatore,Tamil Nadu,South,Clothing,Jeans,Levi's 511 Slim,1,2097.85,0.0,2097.85,716.81,Credit Card,Express
ORD-10538,2023-08-19,CUST-1174,Sanjay Deshmukh,Corporate,Noida,Uttar Pradesh,North,Clothing,T-Shirts,Levi's Graphic Tee,1,731.77,0.23,563.46,201.28,UPI,Express
ORD-10551,2023-08-19,CUST-1245,Yash Gupta,Consumer,Ahmedabad,Gujarat,West,Office Supplies,Ink & Toner,HP 802 Black Cartridge,3,754.01,0.3,1583.42,351.52,Credit Card,Economy
ORD-11813,2023-08-20,CUST-1496,Nikhil Gupta,Consumer,Chennai,Tamil Nadu,South,Clothing,Ethnic Wear,FabIndia Cotton Kurta,1,5992.67,0.1,5393.4,1532.54,Debit Card,Standard
ORD-11322,2023-08-20,CUST-1351,Yash Bhat,Corporate,Pune,Maharashtra,West,Office Supplies,Ink & Toner,HP 678 Tri-Color,2,2727.8,0.33,3655.25,447.22,UPI,Standard
ORD-10190,2023-08-20,CUST-1051,Lavanya Yadav,Consumer,Guwahati,Assam,East,Office Supplies,Pens & Stationery,Faber-Castell Kit,10,73.15,0.1,658.35,355.32,Net Banking,Economy
ORD-10770,2023-08-20,CUST-1319,Deepika Bhat,Home Office,Ahmedabad,Gujarat,West,Clothing,T-Shirts,Allen Solly Polo,1,600.78,0.0,600.78,156.04,Debit Card,Express
ORD-10328,2023-08-21,CUST-1250,Bhavya Reddy,Consumer,Bangalore,Karnataka,South,Electronics,Tablets,Lenovo Tab M10,3,21912.02,0.05,62449.26,7212.23,Debit Card,Standard
ORD-10637,2023-08-21,CUST-1496,Nikhil Gupta,Consumer,Chennai,Tamil Nadu,South,Office Supplies,Ink & Toner,Brother BT-D60BK,2,1482.88,0.15,2520.9,659.29,Credit Card,Express
ORD-12458,2023-08-22,CUST-1344,Pooja Saxena,Corporate,Ahmedabad,Gujarat,West,Electronics,Smartphones,Realme Narzo 60,3,23980.13,0.03,69782.18,9545.63,UPI,Express
ORD-11922,2023-08-22,CUST-1438,Rishi Das,Consumer,Coimbatore,Tamil Nadu,South,Clothing,Jackets,HRX Active Jacket,2,3799.77,0.25,5699.66,1726.75,Credit Card,Economy
ORD-12467,2023-08-22,CUST-1536,Harsh Nair,Home Office,Jaipur,Rajasthan,North,Electronics,Smartwatches,Apple Watch SE,1,22998.93,0.1,20699.04,3701.2,UPI,Express
ORD-10992,2023-08-22,CUST-1480,Gaurav Shah,Consumer,Patna,Bihar,East,Electronics,Chargers & Cables,Belkin BoostCharge,3,429.89,0.1,1160.7,495.95,Debit Card,Same Day
ORD-11032,2023-08-22,CUST-1569,Deepika Bhat,Corporate,Jaipur,Rajasthan,North,Office Supplies,Ink & Toner,Canon PG-745 Black,3,1380.4,0.23,3188.72,615.76,Credit Card,Standard
ORD-10450,2023-08-23,CUST-1163,Uma Singh,Consumer,Hyderabad,Telangana,South,Clothing,T-Shirts,Allen Solly Polo,1,875.14,0.1,787.63,233.3,Debit Card,Same Day
ORD-10039,2023-08-23,CUST-1356,Manish Kumar,Consumer,Lucknow,Uttar Pradesh,North,Electronics,Smartphones,Motorola Edge 40,1,75143.96,0.15,63872.37,6401.87,Cash,Express
ORD-12386,2023-08-23,CUST-1565,Priya Patil,Corporate,Jaipur,Rajasthan,North,Office Supplies,Paper & Notebooks,Luxor Exercise Book,8,152.21,0.03,1181.15,578.41,Debit Card,Same Day
ORD-11232,2023-08-23,CUST-1353,Sneha Saxena,Home Office,Bhubaneswar,Odisha,East,Clothing,Ethnic Wear,Biba Anarkali Suit,2,2724.95,0.0,5449.9,2422.69,UPI,Express
ORD-12176,2023-08-23,CUST-1097,Rajesh Malhotra,Consumer,Hyderabad,Telangana,South,Clothing,T-Shirts,U.S. Polo Assn. Crew,1,1245.02,0.0,1245.02,452.83,Net Banking,Standard
ORD-11880,2023-08-23,CUST-1553,Aditi Malhotra,Consumer,Mumbai,Maharashtra,West,Clothing,Ethnic Wear,FabIndia Cotton Kurta,1,4968.77,0.0,4968.77,1783.65,Cash,Standard
ORD-11825,2023-08-24,CUST-1066,Harsh Bhat,Consumer,Delhi,Delhi,North,Clothing,Formal Shirts,Van Heusen Slim Fit,3,794.55,0.2,1906.92,578.86,UPI,Express
ORD-10409,2023-08-24,CUST-1464,Kavya Kapoor,Corporate,Coimbatore,Tamil Nadu,South,Electronics,Chargers & Cables,Mi 33W SonicCharge,1,2008.56,0.28,1446.16,270.3,UPI,Economy
ORD-11712,2023-08-24,CUST-1159,Nandini Nair,Consumer,Surat,Gujarat,West,Office Supplies,Ink & Toner,Canon PG-745 Black,5,1272.17,0.1,5724.76,1517.04,Cash,Standard
ORD-11845,2023-08-24,CUST-1421,Amit Patil,Consumer,Jaipur,Rajasthan,North,Food & Beverages,Tea & Coffee,Nescafe Classic 200g,8,317.64,0.0,2541.12,913.75,Debit Card,Express
ORD-11426,2023-08-24,CUST-1476,Tushar Gupta,Corporate,Gurugram,Haryana,North,Furniture,Office Chairs,Green Soul Jupiter,1,13604.84,0.23,10475.73,814.92,UPI,Express
ORD-10179,2023-08-25,CUST-1467,Uma Chopra,Consumer,Bangalore,Karnataka,South,Office Supplies,Pens & Stationery,Cello Pinpoint Blue,12,115.64,0.0,1387.68,733.03,Credit Card,Standard
ORD-10631,2023-08-25,CUST-1285,Chirag Iyer,Consumer,Delhi,Delhi,North,Clothing,Jeans,Pepe Jeans Slim,1,1882.84,0.0,1882.84,740.19,UPI,Standard
ORD-10155,2023-08-25,CUST-1548,Kunal Joshi,Consumer,Delhi,Delhi,North,Electronics,Smartwatches,Apple Watch SE,1,14933.32,0.2,11946.66,2214.43,Debit Card,Express
ORD-10017,2023-08-26,CUST-1553,Aditi Malhotra,Consumer,Mumbai,Maharashtra,West,Clothing,Jackets,Fort Collins Puffer,1,4018.32,0.2,3214.66,1026.61,UPI,Economy
ORD-11434,2023-08-27,CUST-1340,Rohit Gupta,Consumer,Patna,Bihar,East,Office Supplies,Paper & Notebooks,Luxor Exercise Book,8,310.72,0.0,2485.76,793.6,UPI,Express
ORD-10396,2023-08-27,CUST-1081,Sakshi Iyer,Home Office,Lucknow,Uttar Pradesh,North,Electronics,Laptops,ASUS VivoBook 15,1,107940.87,0.2,86352.7,3434.39,UPI,Same Day
ORD-11078,2023-08-27,CUST-1009,Amit Singh,Corporate,Delhi,Delhi,North,Clothing,T-Shirts,Dennis Lingo Slim Fit,3,1057.43,0.08,2918.51,1003.85,Cash,Standard
ORD-10363,2023-08-27,CUST-1521,Mohit Sinha,Consumer,Surat,Gujarat,West,Office Supplies,Printers,Epson L3250,4,14923.89,0.2,47756.45,656.58,Net Banking,Standard
ORD-10169,2023-08-27,CUST-1075,Ritika Shah,Corporate,Gurugram,Haryana,North,Clothing,Jackets,Fort Collins Puffer,1,3630.56,0.13,3158.59,838.72,Cash,Standard
ORD-10572,2023-08-27,CUST-1333,Mohit Chatterjee,Consumer,Gurugram,Haryana,North,Furniture,Desks,IKEA Bekant Standing Desk,2,13976.56,0.15,23760.15,3242.83,Debit Card,Standard
ORD-11143,2023-08-28,CUST-1417,Kavya Bhat,Home Office,Delhi,Delhi,North,Office Supplies,Storage & Organizers,Nilkamal Chester 24,6,516.09,0.2,2477.23,637.6,Cash,Standard
ORD-11757,2023-08-29,CUST-1166,Shreya Pillai,Home Office,Chennai,Tamil Nadu,South,Furniture,Office Chairs,Green Soul Jupiter,1,12975.15,0.3,9082.6,1380.34,UPI,Standard
ORD-10976,2023-08-29,CUST-1467,Uma Chopra,Consumer,Bangalore,Karnataka,South,Food & Beverages,Health Supplements,Revital H Capsules,8,1296.04,0.2,8294.66,2479.55,UPI,Economy
ORD-11092,2023-08-29,CUST-1564,Diya Menon,Consumer,Nagpur,Maharashtra,West,Office Supplies,Paper & Notebooks,Luxor Exercise Book,4,383.76,0.05,1458.29,840.64,Credit Card,Economy
ORD-11239,2023-08-29,CUST-1043,Manish Kulkarni,Consumer,Kolkata,West Bengal,East,Office Supplies,Paper & Notebooks,Luxor Exercise Book,2,105.88,0.1,190.58,82.21,Debit Card,Standard
ORD-10453,2023-08-29,CUST-1416,Gaurav Menon,Consumer,Bangalore,Karnataka,South,Clothing,Formal Shirts,Raymond Linen Shirt,3,2765.56,0.0,8296.68,3623.4,UPI,Same Day
ORD-10644,2023-08-30,CUST-1226,Nandini Nair,Corporate,Chennai,Tamil Nadu,South,Office Supplies,Pens & Stationery,Pilot V5 Hi-Tecpoint,1,176.98,0.18,145.12,71.56,Debit Card,Standard
ORD-10864,2023-08-30,CUST-1065,Pooja Malhotra,Consumer,Mumbai,Maharashtra,West,Electronics,Tablets,OnePlus Pad Go,1,20693.7,0.1,18624.33,2418.64,Debit Card,Standard
ORD-11204,2023-08-30,CUST-1487,Chirag Kapoor,Consumer,Pune,Maharashtra,West,Electronics,Chargers & Cables,Belkin BoostCharge,1,536.24,0.15,455.8,115.99,Credit Card,Standard
ORD-11472,2023-08-31,CUST-1080,Rishi Sharma,Consumer,Delhi,Delhi,North,Furniture,Bookshelves,Nilkamal Freedom Mini,1,6707.37,0.1,6036.63,1154.05,Debit Card,Standard
ORD-11015,2023-08-31,CUST-1499,Kunal Das,Consumer,Delhi,Delhi,North,Office Supplies,Paper & Notebooks,Navneet Long Book,6,164.28,0.0,985.68,328.6,Net Banking,Express
ORD-12412,2023-08-31,CUST-1145,Amit Banerjee,Consumer,Chennai,Tamil Nadu,South,Clothing,T-Shirts,Levi's Graphic Tee,1,741.49,0.15,630.27,213.95,Cash,Express
ORD-10792,2023-09-01,CUST-1566,Rahul Reddy,Consumer,Coimbatore,Tamil Nadu,South,Furniture,Dining Tables,Home Centre Montoya,1,18878.79,0.05,17934.85,2250.59,UPI,Standard
ORD-11873,2023-09-01,CUST-1119,Rishi Pillai,Corporate,Hyderabad,Telangana,South,Office Supplies,Pens & Stationery,Cello Pinpoint Blue,3,32.42,0.03,94.34,47.99,UPI,Standard
ORD-11356,2023-09-02,CUST-1367,Varun Joshi,Consumer,Surat,Gujarat,West,Clothing,Jackets,Red Tape Bomber,3,2490.48,0.1,6724.3,1562.78,Debit Card,Standard
ORD-11708,2023-09-02,CUST-1132,Meera Mishra,Consumer,Ahmedabad,Gujarat,West,Electronics,Headphones,boAt Rockerz 450,1,5346.65,0.2,4277.32,602.93,Credit Card,Economy
ORD-12088,2023-09-02,CUST-1004,Varun Kumar,Consumer,Ranchi,Jharkhand,East,Office Supplies,Printers,Canon Pixma G3060,2,10130.54,0.05,19248.03,1490.44,Credit Card,Economy
ORD-10883,2023-09-02,CUST-1162,Sakshi Verma,Consumer,Coimbatore,Tamil Nadu,South,Office Supplies,Ink & Toner,HP 802 Black Cartridge,8,750.56,0.1,5404.03,835.38,Debit Card,Standard
ORD-12407,2023-09-02,CUST-1235,Nisha Chatterjee,Home Office,Ahmedabad,Gujarat,West,Furniture,Beds,Nilkamal Imperial Queen,1,23555.84,0.3,16489.09,1189.6,Credit Card,Standard
ORD-11928,2023-09-02,CUST-1435,Aditi Joshi,Consumer,Hyderabad,Telangana,South,Clothing,Ethnic Wear,Biba Anarkali Suit,2,4979.56,0.05,9461.16,2981.86,UPI,Standard
ORD-10910,2023-09-03,CUST-1098,Nikhil Patil,Corporate,Bangalore,Karnataka,South,Food & Beverages,Snacks & Chips,Haldiram's Aloo Bhujia,4,99.08,0.13,344.8,92.73,Cash,Standard
ORD-11346,2023-09-03,CUST-1328,Sanjay Pandey,Consumer,Pune,Maharashtra,West,Office Supplies,Pens & Stationery,Reynolds Trimax Gel,3,90.95,0.2,218.28,99.45,UPI,Economy
ORD-10736,2023-09-03,CUST-1032,Kavya Shah,Consumer,Ahmedabad,Gujarat,West,Clothing,Jeans,Wrangler Bootcut,2,1675.83,0.1,3016.49,1108.46,Debit Card,Express
ORD-12013,2023-09-03,CUST-1239,Bhavya Patel,Corporate,Hyderabad,Telangana,South,Electronics,Chargers & Cables,Anker PowerPort,1,534.62,0.23,411.66,105.17,Net Banking,Standard
ORD-11501,2023-09-04,CUST-1416,Gaurav Menon,Consumer,Bangalore,Karnataka,South,Food & Beverages,Tea & Coffee,Tata Gold Tea 500g,2,378.74,0.05,719.61,273.2,Cash,Standard
ORD-11904,2023-09-04,CUST-1313,Amit Menon,Corporate,Lucknow,Uttar Pradesh,North,Food & Beverages,Health Supplements,Dabur Chyawanprash 1kg,10,1747.76,0.08,16079.39,2861.45,Credit Card,Express
ORD-10443,2023-09-04,CUST-1373,Sneha Patil,Consumer,Gurugram,Haryana,North,Furniture,Desks,IKEA Bekant Standing Desk,1,22034.94,0.2,17627.95,926.52,Debit Card,Standard
ORD-10333,2023-09-05,CUST-1214,Vikram Reddy,Corporate,Ranchi,Jharkhand,East,Food & Beverages,Snacks & Chips,Kurkure Masala Munch,10,160.33,0.03,1555.2,265.91,Credit Card,Express
ORD-10233,2023-09-05,CUST-1295,Vivek Gupta,Consumer,Nagpur,Maharashtra,West,Electronics,Laptops,HP Pavilion 15,4,53988.28,0.05,205155.46,25164.99,UPI,Express
ORD-11525,2023-09-06,CUST-1569,Deepika Bhat,Corporate,Jaipur,Rajasthan,North,Clothing,Ethnic Wear,FabIndia Cotton Kurta,2,2330.91,0.13,4055.78,980.8,UPI,Same Day
ORD-11729,2023-09-06,CUST-1505,Zara Joshi,Corporate,Bangalore,Karnataka,South,Clothing,Jeans,Lee Cooper Skinny,2,1011.6,0.08,1861.34,597.27,UPI,Express
ORD-10717,2023-09-06,CUST-1356,Manish Kumar,Consumer,Lucknow,Uttar Pradesh,North,Furniture,Beds,Nilkamal Imperial Queen,1,58510.27,0.0,58510.27,9810.79,Cash,Express
ORD-11284,2023-09-06,CUST-1571,Priya Reddy,Consumer,Bangalore,Karnataka,South,Clothing,T-Shirts,Levi's Graphic Tee,3,1126.05,0.1,3040.33,1424.0,Credit Card,Express
ORD-10500,2023-09-06,CUST-1275,Ananya Sharma,Consumer,Mumbai,Maharashtra,West,Electronics,Headphones,JBL Tune 510BT,2,2946.82,0.0,5893.64,1682.13,Cash,Express
ORD-11835,2023-09-07,CUST-1388,Aarav Deshmukh,Home Office,Delhi,Delhi,North,Electronics,Headphones,Realme Buds Air 3,4,6540.87,0.05,24855.31,4170.31,Debit Card,Express
ORD-11236,2023-09-07,CUST-1596,Varun Joshi,Corporate,Coimbatore,Tamil Nadu,South,Office Supplies,Storage & Organizers,Amazon Basics Desk Organizer,4,1168.69,0.03,4534.52,1317.14,Debit Card,Express
ORD-10788,2023-09-07,CUST-1278,Zara Menon,Home Office,Hyderabad,Telangana,South,Electronics,Laptops,Dell Inspiron 14,3,53779.7,0.1,145205.19,9265.31,UPI,Express
ORD-10710,2023-09-08,CUST-1135,Kriti Kapoor,Consumer,Gurugram,Haryana,North,Electronics,Chargers & Cables,Mi 33W SonicCharge,2,854.55,0.3,1196.37,360.93,Credit Card,Express
ORD-12320,2023-09-08,CUST-1565,Priya Patil,Corporate,Jaipur,Rajasthan,North,Clothing,Formal Shirts,Arrow Regular Fit,3,3413.2,0.13,8908.45,2069.24,Credit Card,Standard
ORD-10681,2023-09-08,CUST-1107,Arjun Mehta,Consumer,Gurugram,Haryana,North,Clothing,Ethnic Wear,W Palazzo Set,2,3623.95,0.1,6523.11,1845.62,Net Banking,Standard
ORD-11017,2023-09-08,CUST-1298,Nandini Singh,Corporate,Surat,Gujarat,West,Office Supplies,Printers,HP LaserJet M1005,8,4126.31,0.13,28719.12,2295.63,Debit Card,Standard
ORD-11451,2023-09-08,CUST-1294,Sakshi Joshi,Consumer,Ahmedabad,Gujarat,West,Clothing,Formal Shirts,Peter England Classic,4,1403.97,0.1,5054.29,1097.89,UPI,Economy
ORD-10898,2023-09-08,CUST-1091,Rahul Deshmukh,Home Office,Bangalore,Karnataka,South,Electronics,Headphones,Realme Buds Air 3,2,6371.14,0.05,12105.17,2160.73,UPI,Economy
ORD-12373,2023-09-09,CUST-1227,Harsh Malhotra,Consumer,Kochi,Kerala,South,Food & Beverages,Tea & Coffee,Organic India Tulsi Green,4,228.47,0.0,913.88,277.53,Credit Card,Express
ORD-11080,2023-09-09,CUST-1429,Ishaan Patel,Corporate,Ahmedabad,Gujarat,West,Office Supplies,Paper & Notebooks,Luxor Exercise Book,2,301.02,0.08,553.88,155.67,UPI,Standard
ORD-11502,2023-09-09,CUST-1218,Gaurav Reddy,Consumer,Chandigarh,Punjab,North,Electronics,Laptops,MacBook Air M2,3,66750.95,0.05,190240.21,13222.24,Credit Card,Same Day
ORD-11546,2023-09-09,CUST-1429,Ishaan Patel,Corporate,Ahmedabad,Gujarat,West,Clothing,Ethnic Wear,Manyavar Kurta Set,1,6361.69,0.08,5852.75,2356.13,Cash,Economy
ORD-11902,2023-09-09,CUST-1118,Vivek Verma,Consumer,Ahmedabad,Gujarat,West,Electronics,Tablets,Realme Pad Mini,2,40826.06,0.15,69404.3,7202.94,Credit Card,Express
ORD-10657,2023-09-10,CUST-1226,Nandini Nair,Corporate,Chennai,Tamil Nadu,South,Furniture,Desks,IKEA Bekant Standing Desk,2,13579.84,0.23,20912.95,2640.3,UPI,Standard
ORD-10388,2023-09-10,CUST-1385,Gaurav Kulkarni,Home Office,Bhubaneswar,Odisha,East,Office Supplies,Pens & Stationery,Parker Classic Gold,2,240.18,0.05,456.34,275.89,Cash,Express
ORD-10680,2023-09-10,CUST-1560,Neha Reddy,Corporate,Ahmedabad,Gujarat,West,Clothing,Jeans,Lee Cooper Skinny,3,1115.64,0.03,3246.51,849.73,UPI,Same Day
ORD-11328,2023-09-10,CUST-1243,Ananya Tiwari,Corporate,Kolkata,West Bengal,East,Food & Beverages,Snacks & Chips,Bingo Mad Angles,8,73.31,0.28,422.27,68.76,Credit Card,Standard
ORD-11421,2023-09-11,CUST-1106,Yash Pillai,Consumer,Guwahati,Assam,East,Food & Beverages,Snacks & Chips,Haldiram's Aloo Bhujia,4,202.96,0.15,690.06,173.84,UPI,Express
ORD-10527,2023-09-11,CUST-1397,Rahul Tiwari,Consumer,Pune,Maharashtra,West,Electronics,Laptops,Dell Inspiron 14,1,84201.85,0.0,84201.85,6340.32,UPI,Express
ORD-11959,2023-09-11,CUST-1029,Kunal Das,Corporate,Gurugram,Haryana,North,Electronics,Laptops,HP Pavilion 15,4,33604.1,0.03,130383.91,10181.95,Credit Card,Economy
ORD-10271,2023-09-12,CUST-1206,Amit Nair,Consumer,Mumbai,Maharashtra,West,Clothing,Jackets,Campus Sutra Denim,1,4943.51,0.05,4696.33,948.49,Credit Card,Standard
ORD-11162,2023-09-12,CUST-1068,Pankaj Gupta,Corporate,Bangalore,Karnataka,South,Clothing,Formal Shirts,Arrow Regular Fit,3,1719.07,0.18,4228.91,1279.94,Debit Card,Same Day
ORD-11379,2023-09-12,CUST-1133,Priya Gupta,Home Office,Noida,Uttar Pradesh,North,Electronics,Chargers & Cables,Mi 33W SonicCharge,3,599.72,0.15,1529.29,394.45,Debit Card,Express
ORD-10077,2023-09-12,CUST-1169,Lavanya Patel,Corporate,Gurugram,Haryana,North,Clothing,Jeans,Pepe Jeans Slim,1,2352.4,0.03,2281.83,665.59,Cash,Standard
ORD-11224,2023-09-13,CUST-1027,Rishi Malhotra,Consumer,Lucknow,Uttar Pradesh,North,Clothing,Jeans,Levi's 511 Slim,3,2986.73,0.2,7168.15,2736.9,Credit Card,Economy
ORD-11962,2023-09-13,CUST-1332,Kavya Banerjee,Consumer,Patna,Bihar,East,Food & Beverages,Tea & Coffee,Nescafe Classic 200g,6,818.88,0.0,4913.28,1503.03,UPI,Same Day
ORD-10227,2023-09-13,CUST-1000,Mohit Agarwal,Home Office,Gurugram,Haryana,North,Electronics,Tablets,Samsung Galaxy Tab A8,1,15683.86,0.0,15683.86,1835.13,UPI,Standard
ORD-11084,2023-09-13,CUST-1230,Nisha Sinha,Corporate,Chandigarh,Punjab,North,Clothing,Formal Shirts,Peter England Classic,2,1181.92,0.03,2292.92,766.77,Credit Card,Standard
ORD-10118,2023-09-13,CUST-1347,Bhavya Singh,Consumer,Bhubaneswar,Odisha,East,Furniture,Desks,Featherlite Amaze,1,5964.08,0.1,5367.67,531.55,Debit Card,Same Day
ORD-10338,2023-09-13,CUST-1171,Kriti Nair,Consumer,Bhubaneswar,Odisha,East,Electronics,Laptops,Dell Inspiron 14,3,32405.59,0.0,97216.77,11425.71,UPI,Express
ORD-11685,2023-09-14,CUST-1112,Uma Gupta,Corporate,Patna,Bihar,East,Furniture,Beds,Pepperfry Trundle Bed,1,12020.36,0.08,11058.73,1800.8,UPI,Economy
ORD-11193,2023-09-14,CUST-1008,Yash Malhotra,Consumer,Kolkata,West Bengal,East,Office Supplies,Paper & Notebooks,Classmate Notebook 200pg,3,218.24,0.1,589.25,253.48,Net Banking,Express
ORD-11318,2023-09-14,CUST-1483,Yash Patil,Corporate,Bangalore,Karnataka,South,Furniture,Beds,Sleepyhead Original,2,36465.97,0.08,67097.38,11199.4,UPI,Standard
ORD-11254,2023-09-15,CUST-1444,Tushar Yadav,Corporate,Kochi,Kerala,South,Office Supplies,Printers,Canon Pixma G3060,2,14852.22,0.03,28813.31,3871.82,UPI,Standard
ORD-10261,2023-09-15,CUST-1228,Tushar Menon,Consumer,Gurugram,Haryana,North,Electronics,Headphones,Sony WH-1000XM5,2,4289.85,0.1,7721.73,1439.99,UPI,Standard
ORD-11951,2023-09-16,CUST-1356,Manish Kumar,Consumer,Lucknow,Uttar Pradesh,North,Food & Beverages,Tea & Coffee,Nescafe Classic 200g,2,813.41,0.05,1545.48,416.93,Debit Card,Standard
ORD-12038,2023-09-16,CUST-1186,Gaurav Shah,Corporate,Chennai,Tamil Nadu,South,Food & Beverages,Dry Fruits & Nuts,Amazon Basics Mixed Nuts,4,2603.91,0.13,9061.61,1266.96,Debit Card,Express
ORD-11096,2023-09-16,CUST-1004,Varun Kumar,Consumer,Ranchi,Jharkhand,East,Food & Beverages,Health Supplements,Revital H Capsules,2,4999.0,0.0,9998.0,3032.57,UPI,Standard
ORD-11818,2023-09-16,CUST-1032,Kavya Shah,Consumer,Ahmedabad,Gujarat,West,Electronics,Chargers & Cables,Anker PowerPort,2,1483.28,0.05,2818.23,1114.09,Net Banking,Standard
ORD-10674,2023-09-17,CUST-1083,Rahul Pandey,Consumer,Kolkata,West Bengal,East,Office Supplies,Paper & Notebooks,Sundaram A4 Ruled,3,404.32,0.1,1091.66,550.14,Cash,Express
ORD-11737,2023-09-17,CUST-1488,Rajesh Yadav,Home Office,Kolkata,West Bengal,East,Office Supplies,Pens & Stationery,Cello Pinpoint Blue,1,73.97,0.15,62.87,34.03,Debit Card,Standard
ORD-12268,2023-09-17,CUST-1191,Rahul Mishra,Corporate,Kolkata,West Bengal,East,Electronics,Headphones,Realme Buds Air 3,1,4319.76,0.23,3326.22,366.24,Credit Card,Express
ORD-11913,2023-09-17,CUST-1260,Dev Iyer,Corporate,Mumbai,Maharashtra,West,Clothing,Jeans,Flying Machine Tapered,2,3868.95,0.03,7505.76,3185.85,Credit Card,Standard
ORD-12414,2023-09-17,CUST-1004,Varun Kumar,Consumer,Ranchi,Jharkhand,East,Electronics,Chargers & Cables,Anker PowerPort,1,1174.83,0.0,1174.83,410.99,Debit Card,Express
ORD-12280,2023-09-18,CUST-1166,Shreya Pillai,Home Office,Chennai,Tamil Nadu,South,Clothing,Jackets,Fort Collins Puffer,1,3063.41,0.05,2910.24,954.76,UPI,Same Day
ORD-11946,2023-09-18,CUST-1581,Meera Sinha,Corporate,Delhi,Delhi,North,Clothing,Ethnic Wear,W Palazzo Set,2,4584.8,0.18,7519.07,2421.3,UPI,Express
ORD-11774,2023-09-18,CUST-1398,Deepika Chopra,Home Office,Delhi,Delhi,North,Office Supplies,Ink & Toner,Brother BT-D60BK,1,1964.15,0.05,1865.94,398.81,Net Banking,Standard
ORD-11520,2023-09-19,CUST-1447,Tanvi Sharma,Consumer,Chennai,Tamil Nadu,South,Electronics,Laptops,Dell Inspiron 14,3,149999.0,0.0,449997.0,46024.65,UPI,Economy
ORD-11332,2023-09-19,CUST-1442,Pooja Patil,Consumer,Gurugram,Haryana,North,Office Supplies,Printers,HP Smart Tank 580,3,14607.42,0.0,43822.26,5200.21,Net Banking,Express
ORD-11516,2023-09-19,CUST-1435,Aditi Joshi,Consumer,Hyderabad,Telangana,South,Furniture,Desks,Amazon Basics L-Shape Desk,1,9253.09,0.15,7865.13,931.05,Debit Card,Standard
ORD-11458,2023-09-19,CUST-1343,Sakshi Joshi,Home Office,Bangalore,Karnataka,South,Clothing,Ethnic Wear,FabIndia Cotton Kurta,1,3269.56,0.0,3269.56,1027.47,Cash,Standard
ORD-12216,2023-09-19,CUST-1370,Nandini Reddy,Consumer,Ahmedabad,Gujarat,West,Food & Beverages,Beverages,Sting Energy Drink,4,179.93,0.1,647.75,222.39,Credit Card,Express
ORD-11510,2023-09-20,CUST-1382,Ananya Pillai,Consumer,Kochi,Kerala,South,Office Supplies,Printers,HP LaserJet M1005,4,6561.93,0.2,20998.18,1117.69,UPI,Same Day
ORD-10413,2023-09-21,CUST-1267,Priya Pillai,Consumer,Bhubaneswar,Odisha,East,Food & Beverages,Dry Fruits & Nuts,True Elements Trail Mix,2,1003.34,0.05,1906.35,374.81,UPI,Economy
ORD-11614,2023-09-21,CUST-1181,Lavanya Sharma,Corporate,Hyderabad,Telangana,South,Electronics,Laptops,Dell Inspiron 14,1,51346.21,0.03,49805.82,6658.48,UPI,Same Day
ORD-10078,2023-09-22,CUST-1246,Manish Saxena,Corporate,Kolkata,West Bengal,East,Food & Beverages,Dry Fruits & Nuts,Happilo Almonds 500g,5,310.48,0.28,1117.73,231.56,Debit Card,Standard
ORD-11435,2023-09-22,CUST-1119,Rishi Pillai,Corporate,Hyderabad,Telangana,South,Clothing,T-Shirts,Allen Solly Polo,3,832.0,0.23,1921.92,454.16,UPI,Standard
ORD-11352,2023-09-22,CUST-1380,Yash Das,Corporate,Bangalore,Karnataka,South,Office Supplies,Printers,Epson L3250,5,14370.28,0.28,51733.01,-1432.33,Debit Card,Standard
ORD-11298,2023-09-23,CUST-1030,Sanjay Pandey,Corporate,Kolkata,West Bengal,East,Clothing,Formal Shirts,Raymond Linen Shirt,4,1895.41,0.13,6596.03,1689.59,Credit Card,Standard
ORD-11393,2023-09-23,CUST-1255,Sneha Kapoor,Corporate,Chennai,Tamil Nadu,South,Office Supplies,Ink & Toner,HP 678 Tri-Color,3,3136.33,0.03,9126.72,2678.0,Credit Card,Economy
ORD-10098,2023-09-23,CUST-1314,Varun Kumar,Corporate,Hyderabad,Telangana,South,Office Supplies,Ink & Toner,Epson T664 Refill Bottle,3,2508.85,0.03,7300.75,1945.63,Credit Card,Economy
ORD-10249,2023-09-23,CUST-1143,Vikram Shah,Corporate,Pune,Maharashtra,West,Clothing,Ethnic Wear,Biba Anarkali Suit,2,5199.05,0.08,9566.25,3266.17,UPI,Standard
ORD-12226,2023-09-23,CUST-1169,Lavanya Patel,Corporate,Gurugram,Haryana,North,Furniture,Beds,Pepperfry Trundle Bed,1,38781.11,0.23,29861.45,789.94,Net Banking,Standard
ORD-11826,2023-09-23,CUST-1051,Lavanya Yadav,Consumer,Guwahati,Assam,East,Electronics,Smartphones,OnePlus Nord CE3,4,33618.77,0.1,121027.57,9722.42,Debit Card,Express
ORD-12142,2023-09-23,CUST-1534,Aditya Gupta,Corporate,Delhi,Delhi,North,Furniture,Office Chairs,IKEA Markus,1,5928.68,0.13,5157.95,495.78,Cash,Standard
ORD-11112,2023-09-23,CUST-1185,Aditi Banerjee,Consumer,Pune,Maharashtra,West,Furniture,Desks,IKEA Bekant Standing Desk,2,10472.06,0.15,17802.5,2538.7,Credit Card,Economy
ORD-10485,2023-09-24,CUST-1120,Diya Deshmukh,Consumer,Bangalore,Karnataka,South,Clothing,Jackets,Fort Collins Puffer,3,3899.8,0.0,11699.4,3465.48,Debit Card,Standard
ORD-11623,2023-09-24,CUST-1021,Pankaj Saxena,Corporate,Mumbai,Maharashtra,West,Office Supplies,Storage & Organizers,Amazon Basics Desk Organizer,3,1773.81,0.23,4097.5,1083.92,UPI,Standard
ORD-11286,2023-09-24,CUST-1193,Sanjay Banerjee,Consumer,Mumbai,Maharashtra,West,Office Supplies,Pens & Stationery,Pilot V5 Hi-Tecpoint,4,299.08,0.0,1196.32,680.53,Debit Card,Express
ORD-10765,2023-09-24,CUST-1482,Ritika Mishra,Consumer,Bangalore,Karnataka,South,Electronics,Chargers & Cables,Amazon Basics USB-C Cable,2,2328.9,0.05,4424.91,1927.09,UPI,Standard
ORD-11117,2023-09-24,CUST-1599,Ananya Reddy,Consumer,Coimbatore,Tamil Nadu,South,Office Supplies,Printers,HP LaserJet M1005,1,7607.73,0.15,6466.57,373.79,UPI,Same Day
ORD-11002,2023-09-25,CUST-1519,Nisha Yadav,Corporate,Chandigarh,Punjab,North,Office Supplies,Storage & Organizers,Cello Novelty Big Drawer,2,2580.32,0.08,4747.79,1579.1,UPI,Express
ORD-11218,2023-09-25,CUST-1595,Amit Kapoor,Consumer,Delhi,Delhi,North,Electronics,Smartwatches,Apple Watch SE,4,16562.57,0.1,59625.25,10570.12,Cash,Express
ORD-10591,2023-09-25,CUST-1320,Sanjay Nair,Home Office,Mumbai,Maharashtra,West,Furniture,Beds,Pepperfry Trundle Bed,1,21977.61,0.1,19779.85,1583.77,Credit Card,Standard
ORD-10146,2023-09-25,CUST-1231,Deepika Chopra,Corporate,Delhi,Delhi,North,Electronics,Headphones,Sony WH-1000XM5,1,22945.66,0.13,19962.72,5635.45,Cash,Economy
ORD-10252,2023-09-25,CUST-1511,Amit Tiwari,Corporate,Ranchi,Jharkhand,East,Food & Beverages,Dry Fruits & Nuts,Nutraj Cashews 250g,3,786.45,0.03,2288.57,298.58,Cash,Express
ORD-10961,2023-09-25,CUST-1395,Kriti Joshi,Consumer,Jaipur,Rajasthan,North,Office Supplies,Printers,HP Smart Tank 580,1,12907.42,0.0,12907.42,1268.74,UPI,Same Day
ORD-11641,2023-09-25,CUST-1407,Sanjay Tiwari,Consumer,Guwahati,Assam,East,Office Supplies,Storage & Organizers,Nilkamal Chester 24,2,1419.79,0.15,2413.64,681.94,Net Banking,Standard
ORD-11674,2023-09-26,CUST-1322,Priya Tiwari,Home Office,Mumbai,Maharashtra,West,Clothing,Ethnic Wear,W Palazzo Set,1,3702.24,0.0,3702.24,1153.21,Credit Card,Economy
ORD-11315,2023-09-26,CUST-1148,Sakshi Yadav,Corporate,Chennai,Tamil Nadu,South,Electronics,Tablets,Samsung Galaxy Tab A8,2,11750.7,0.13,20446.22,2338.71,UPI,Standard
ORD-11768,2023-09-26,CUST-1525,Gaurav Patel,Consumer,Chennai,Tamil Nadu,South,Food & Beverages,Beverages,Tropicana Mixed Fruit 1L,5,90.77,0.15,385.77,155.63,Credit Card,Express
ORD-12479,2023-09-26,CUST-1377,Neha Menon,Home Office,Jaipur,Rajasthan,North,Food & Beverages,Snacks & Chips,Lay's Classic Salted,3,22.33,0.15,56.94,10.69,Debit Card,Standard
ORD-11789,2023-09-26,CUST-1399,Priya Menon,Corporate,Hyderabad,Telangana,South,Office Supplies,Paper & Notebooks,JK Copier A4 Paper Ream,10,604.6,0.03,5864.62,2366.56,Debit Card,Standard
ORD-11736,2023-09-26,CUST-1136,Tanvi Chopra,Corporate,Bhubaneswar,Odisha,East,Furniture,Office Chairs,Featherlite Optima,1,15094.95,0.03,14642.1,1771.04,Debit Card,Standard
ORD-11149,2023-09-27,CUST-1481,Rahul Shah,Consumer,Kolkata,West Bengal,East,Clothing,T-Shirts,Dennis Lingo Slim Fit,1,408.56,0.1,367.7,135.37,Credit Card,Express
ORD-10367,2023-09-27,CUST-1332,Kavya Banerjee,Consumer,Patna,Bihar,East,Office Supplies,Ink & Toner,HP 678 Tri-Color,10,1315.9,0.2,10527.2,2211.84,Credit Card,Standard
ORD-11238,2023-09-27,CUST-1077,Bhavya Patel,Corporate,Bhubaneswar,Odisha,East,Food & Beverages,Health Supplements,HealthKart Multivitamin,8,583.06,0.33,3125.2,297.17,Credit Card,Express
ORD-11559,2023-09-27,CUST-1078,Tanvi Pillai,Corporate,Pune,Maharashtra,West,Food & Beverages,Dry Fruits & Nuts,Happilo Almonds 500g,3,1255.38,0.13,3276.54,597.66,UPI,Express
ORD-12138,2023-09-27,CUST-1546,Vivek Shah,Consumer,Lucknow,Uttar Pradesh,North,Electronics,Chargers & Cables,Portronics Adaptor,3,575.31,0.25,1294.45,254.86,Cash,Standard
ORD-10383,2023-09-27,CUST-1148,Sakshi Yadav,Corporate,Chennai,Tamil Nadu,South,Food & Beverages,Health Supplements,Revital H Capsules,3,605.03,0.13,1579.13,501.12,Net Banking,Express
ORD-10545,2023-09-28,CUST-1463,Aditya Nair,Home Office,Gurugram,Haryana,North,Electronics,Tablets,Realme Pad Mini,1,30501.61,0.1,27451.45,2293.6,Net Banking,Express
ORD-10305,2023-09-28,CUST-1393,Amit Saxena,Consumer,Mumbai,Maharashtra,West,Furniture,Beds,Nilkamal Imperial Queen,1,25208.45,0.05,23948.03,4280.36,Credit Card,Standard
ORD-11801,2023-09-29,CUST-1222,Gaurav Kapoor,Consumer,Kolkata,West Bengal,East,Furniture,Beds,Wakefit Orthopaedic Bed,2,9999.0,0.15,16998.3,1210.23,UPI,Standard
ORD-11976,2023-09-29,CUST-1272,Varun Rao,Corporate,Mumbai,Maharashtra,West,Food & Beverages,Tea & Coffee,Organic India Tulsi Green,4,734.32,0.08,2702.3,861.03,UPI,Standard
ORD-12024,2023-09-29,CUST-1568,Tushar Sharma,Consumer,Mumbai,Maharashtra,West,Food & Beverages,Dry Fruits & Nuts,Amazon Basics Mixed Nuts,3,586.92,0.2,1408.61,167.06,Cash,Standard
ORD-11052,2023-09-29,CUST-1327,Uma Verma,Home Office,Kolkata,West Bengal,East,Food & Beverages,Snacks & Chips,Haldiram's Aloo Bhujia,4,107.12,0.0,428.48,146.9,Debit Card,Standard
ORD-10565,2023-09-30,CUST-1223,Aditya Kumar,Consumer,Delhi,Delhi,North,Clothing,Jackets,Fort Collins Puffer,2,2064.17,0.05,3921.92,783.3,Cash,Express
ORD-11262,2023-09-30,CUST-1463,Aditya Nair,Home Office,Gurugram,Haryana,North,Furniture,Beds,Wakefit Orthopaedic Bed,1,13638.93,0.1,12275.04,1712.78,UPI,Standard
ORD-12242,2023-09-30,CUST-1580,Aditi Tiwari,Consumer,Visakhapatnam,Andhra Pradesh,South,Food & Beverages,Health Supplements,HealthKart Multivitamin,3,1045.9,0.0,3137.7,842.06,UPI,Express
ORD-11681,2023-09-30,CUST-1025,Mohit Deshmukh,Consumer,Kochi,Kerala,South,Clothing,Ethnic Wear,W Palazzo Set,2,2298.4,0.1,4137.12,973.09,UPI,Standard
ORD-10345,2023-09-30,CUST-1419,Zara Shah,Consumer,Mumbai,Maharashtra,West,Electronics,Smartwatches,boAt Storm Call,1,16655.73,0.25,12491.8,1651.07,UPI,Express
ORD-11725,2023-10-01,CUST-1450,Simran Malhotra,Home Office,Ahmedabad,Gujarat,West,Electronics,Smartwatches,Noise ColorFit Pro 4,4,16217.55,0.1,58383.18,6330.76,Credit Card,Standard
ORD-10408,2023-10-01,CUST-1269,Nisha Pillai,Consumer,Bangalore,Karnataka,South,Clothing,Jeans,Wrangler Bootcut,2,2128.41,0.2,3405.46,1207.95,Debit Card,Same Day
ORD-10079,2023-10-01,CUST-1090,Rishi Kapoor,Consumer,Chennai,Tamil Nadu,South,Clothing,T-Shirts,U.S. Polo Assn. Crew,4,375.82,0.25,1127.46,471.95,UPI,Same Day
ORD-11333,2023-10-01,CUST-1544,Vikram Yadav,Consumer,Chennai,Tamil Nadu,South,Clothing,T-Shirts,Dennis Lingo Slim Fit,1,2107.36,0.05,2001.99,502.03,Net Banking,Economy
ORD-10436,2023-10-01,CUST-1123,Isha Iyer,Consumer,Pune,Maharashtra,West,Clothing,Formal Shirts,Louis Philippe Checked,4,3999.0,0.15,13596.6,3913.82,Cash,Economy
ORD-10208,2023-10-02,CUST-1438,Rishi Das,Consumer,Coimbatore,Tamil Nadu,South,Electronics,Tablets,Realme Pad Mini,1,30624.5,0.05,29093.28,4118.9,Cash,Express
ORD-10875,2023-10-02,CUST-1178,Aditi Chopra,Consumer,Delhi,Delhi,North,Office Supplies,Printers,Brother DCP-T420W,6,11215.53,0.3,47105.23,-1545.57,Debit Card,Express
ORD-11618,2023-10-02,CUST-1116,Ishaan Patel,Home Office,Jaipur,Rajasthan,North,Clothing,Ethnic Wear,Biba Anarkali Suit,1,7162.56,0.2,5730.05,1067.56,Cash,Express
ORD-10281,2023-10-02,CUST-1117,Simran Mehta,Consumer,Delhi,Delhi,North,Electronics,Laptops,Lenovo IdeaPad Slim 3,2,56267.04,0.05,106907.38,7289.68,Credit Card,Express
ORD-11252,2023-10-03,CUST-1551,Harsh Joshi,Corporate,Kolkata,West Bengal,East,Office Supplies,Ink & Toner,Epson T664 Refill Bottle,2,4478.08,0.18,7344.05,1636.31,Debit Card,Economy
ORD-10187,2023-10-03,CUST-1242,Aditya Saxena,Consumer,Gurugram,Haryana,North,Clothing,Formal Shirts,Raymond Linen Shirt,3,2661.1,0.15,6785.8,2541.62,UPI,Express
ORD-10128,2023-10-03,CUST-1539,Zara Patil,Consumer,Kolkata,West Bengal,East,Furniture,Bookshelves,IKEA Kallax Shelf,2,13164.47,0.15,22379.6,1869.5,Credit Card,Express
ORD-10400,2023-10-04,CUST-1187,Meera Kapoor,Consumer,Lucknow,Uttar Pradesh,North,Office Supplies,Paper & Notebooks,Classmate Notebook 200pg,2,49.07,0.05,93.23,29.55,Debit Card,Standard
ORD-12018,2023-10-04,CUST-1103,Mohit Sinha,Corporate,Ahmedabad,Gujarat,West,Clothing,T-Shirts,H&M Basic Tee,1,461.42,0.08,424.51,196.29,Cash,Standard
ORD-11470,2023-10-04,CUST-1193,Sanjay Banerjee,Consumer,Mumbai,Maharashtra,West,Food & Beverages,Tea & Coffee,Brooke Bond Red Label,1,236.32,0.1,212.69,47.04,UPI,Economy
ORD-11076,2023-10-05,CUST-1524,Priya Verma,Home Office,Pune,Maharashtra,West,Food & Beverages,Dry Fruits & Nuts,Amazon Basics Mixed Nuts,10,1355.26,0.2,10842.08,1829.31,Net Banking,Standard
ORD-10854,2023-10-05,CUST-1223,Aditya Kumar,Consumer,Delhi,Delhi,North,Electronics,Chargers & Cables,Mi 33W SonicCharge,5,1051.43,0.25,3942.86,1821.48,UPI,Standard
ORD-10403,2023-10-05,CUST-1129,Nikhil Pillai,Consumer,Bhubaneswar,Odisha,East,Electronics,Laptops,ASUS VivoBook 15,5,80142.54,0.05,380677.06,46353.13,Credit Card,Standard
ORD-10464,2023-10-05,CUST-1456,Yash Verma,Corporate,Guwahati,Assam,East,Office Supplies,Storage & Organizers,Amazon Basics Desk Organizer,6,485.83,0.18,2390.28,561.41,Net Banking,Standard
ORD-12143,2023-10-05,CUST-1129,Nikhil Pillai,Consumer,Bhubaneswar,Odisha,East,Furniture,Beds,Pepperfry Trundle Bed,1,40029.95,0.05,38028.45,5875.61,UPI,Express
ORD-12295,2023-10-05,CUST-1525,Gaurav Patel,Consumer,Chennai,Tamil Nadu,South,Electronics,Smartwatches,Fire-Boltt Phoenix,1,1999.0,0.05,1899.05,273.24,Net Banking,Standard
ORD-12194,2023-10-05,CUST-1016,Sanjay Mehta,Home Office,Nagpur,Maharashtra,West,Food & Beverages,Health Supplements,Revital H Capsules,1,2058.12,0.3,1440.68,356.23,UPI,Express
ORD-10428,2023-10-05,CUST-1573,Sneha Shah,Consumer,Mumbai,Maharashtra,West,Electronics,Laptops,Dell Inspiron 14,1,149596.21,0.1,134636.59,12988.19,Cash,Express
ORD-12174,2023-10-06,CUST-1270,Varun Pandey,Consumer,Noida,Uttar Pradesh,North,Furniture,Beds,Nilkamal Imperial Queen,1,30705.86,0.05,29170.57,2567.66,UPI,Economy
ORD-10283,2023-10-06,CUST-1334,Tanvi Malhotra,Consumer,Ahmedabad,Gujarat,West,Electronics,Smartphones,Motorola Edge 40,1,26141.74,0.1,23527.57,2385.38,Cash,Standard
ORD-12463,2023-10-06,CUST-1582,Diya Das,Consumer,Pune,Maharashtra,West,Clothing,Jackets,Fort Collins Puffer,1,5685.88,0.2,4548.7,645.56,Credit Card,Express
ORD-10941,2023-10-06,CUST-1348,Dev Patel,Corporate,Kolkata,West Bengal,East,Food & Beverages,Snacks & Chips,Haldiram's Aloo Bhujia,2,499.0,0.23,768.46,128.54,Credit Card,Standard
ORD-10047,2023-10-07,CUST-1110,Isha Verma,Consumer,Mumbai,Maharashtra,West,Office Supplies,Storage & Organizers,Milton Modular Box,5,481.92,0.2,1927.68,385.72,UPI,Same Day
ORD-10578,2023-10-07,CUST-1165,Priya Deshmukh,Consumer,Bhubaneswar,Odisha,East,Clothing,Jackets,Fort Collins Puffer,2,5666.68,0.25,8500.02,1387.3,Credit Card,Express
ORD-11709,2023-10-07,CUST-1305,Tanvi Mishra,Home Office,Chennai,Tamil Nadu,South,Clothing,Ethnic Wear,FabIndia Cotton Kurta,5,4412.31,0.2,17649.24,6340.54,Debit Card,Same Day
ORD-10339,2023-10-07,CUST-1145,Amit Banerjee,Consumer,Chennai,Tamil Nadu,South,Food & Beverages,Beverages,Sting Energy Drink,1,349.69,0.1,314.72,66.16,Debit Card,Same Day
ORD-11420,2023-10-07,CUST-1465,Lavanya Chatterjee,Home Office,Chennai,Tamil Nadu,South,Electronics,Tablets,Lenovo Tab M10,3,15533.86,0.2,37281.26,2115.62,Debit Card,Standard
ORD-11772,2023-10-07,CUST-1047,Aditi Verma,Consumer,Mumbai,Maharashtra,West,Electronics,Smartphones,Samsung Galaxy M34,2,26440.76,0.3,37017.06,815.15,Cash,Economy
ORD-11634,2023-10-08,CUST-1357,Sanjay Menon,Consumer,Delhi,Delhi,North,Food & Beverages,Dry Fruits & Nuts,Farmley Premium Walnuts,3,2999.0,0.2,7197.6,974.53,Debit Card,Standard
ORD-10675,2023-10-08,CUST-1276,Amit Sinha,Consumer,Nagpur,Maharashtra,West,Food & Beverages,Tea & Coffee,Bru Instant Coffee,3,425.95,0.15,1086.17,224.33,Credit Card,Standard
ORD-12431,2023-10-08,CUST-1404,Rahul Patil,Corporate,Pune,Maharashtra,West,Food & Beverages,Beverages,Real Fruit Power Mango,3,448.97,0.23,1037.12,238.64,UPI,Standard
ORD-11299,2023-10-08,CUST-1321,Diya Rao,Home Office,Delhi,Delhi,North,Food & Beverages,Snacks & Chips,Too Yumm Multigrain,2,59.01,0.25,88.52,19.77,Net Banking,Standard
ORD-11129,2023-10-08,CUST-1132,Meera Mishra,Consumer,Ahmedabad,Gujarat,West,Office Supplies,Pens & Stationery,Reynolds Trimax Gel,2,180.72,0.05,343.37,214.99,Cash,Standard
ORD-10270,2023-10-08,CUST-1419,Zara Shah,Consumer,Mumbai,Maharashtra,West,Furniture,Office Chairs,HOF Ito Mesh Chair,1,13779.34,0.15,11712.44,1125.55,Debit Card,Express
ORD-11891,2023-10-08,CUST-1408,Sanjay Chatterjee,Corporate,Surat,Gujarat,West,Office Supplies,Paper & Notebooks,Navneet Long Book,3,319.51,0.08,881.85,471.14,Debit Card,Same Day
ORD-11469,2023-10-08,CUST-1195,Simran Kapoor,Consumer,Mumbai,Maharashtra,West,Clothing,Jeans,Lee Cooper Skinny,5,799.0,0.1,3595.5,801.84,Credit Card,Express
ORD-11108,2023-10-09,CUST-1026,Deepika Mehta,Consumer,Mumbai,Maharashtra,West,Clothing,T-Shirts,U.S. Polo Assn. Crew,3,772.79,0.2,1854.7,422.63,Credit Card,Express
ORD-12186,2023-10-09,CUST-1128,Pooja Rao,Consumer,Bangalore,Karnataka,South,Electronics,Smartwatches,Samsung Galaxy Watch 5,2,4581.37,0.05,8704.6,1057.02,Credit Card,Express
ORD-12187,2023-10-09,CUST-1538,Manish Gupta,Consumer,Noida,Uttar Pradesh,North,Electronics,Chargers & Cables,Amazon Basics USB-C Cable,3,1273.15,0.15,3246.53,1056.35,UPI,Express
ORD-10352,2023-10-10,CUST-1228,Tushar Menon,Consumer,Gurugram,Haryana,North,Electronics,Chargers & Cables,Belkin BoostCharge,4,404.11,0.05,1535.62,800.85,Debit Card,Standard
ORD-10107,2023-10-10,CUST-1534,Aditya Gupta,Corporate,Delhi,Delhi,North,Electronics,Smartwatches,Fire-Boltt Phoenix,3,16600.67,0.23,38347.55,3844.24,Net Banking,Economy
ORD-10840,2023-10-10,CUST-1193,Sanjay Banerjee,Consumer,Mumbai,Maharashtra,West,Electronics,Laptops,MacBook Air M2,2,53044.49,0.15,90175.63,3228.81,UPI,Express
ORD-11724,2023-10-10,CUST-1189,Zara Patel,Consumer,Guwahati,Assam,East,Furniture,Beds,Nilkamal Imperial Queen,1,39768.56,0.05,37780.13,5607.96,Debit Card,Economy
ORD-10670,2023-10-10,CUST-1096,Nisha Agarwal,Consumer,Bhubaneswar,Odisha,East,Clothing,T-Shirts,Allen Solly Polo,5,649.26,0.15,2759.36,1242.69,UPI,Express
ORD-12034,2023-10-10,CUST-1086,Sanjay Patel,Consumer,Ahmedabad,Gujarat,West,Electronics,Laptops,Acer Aspire 5,1,68399.87,0.2,54719.9,2991.13,Debit Card,Express
ORD-12383,2023-10-10,CUST-1065,Pooja Malhotra,Consumer,Mumbai,Maharashtra,West,Electronics,Smartwatches,Apple Watch SE,1,3342.23,0.2,2673.78,293.96,UPI,Standard
ORD-11990,2023-10-11,CUST-1016,Sanjay Mehta,Home Office,Nagpur,Maharashtra,West,Electronics,Chargers & Cables,Portronics Adaptor,3,1484.47,0.05,4230.74,2109.69,UPI,Standard
ORD-10491,2023-10-11,CUST-1532,Shreya Verma,Consumer,Bhubaneswar,Odisha,East,Food & Beverages,Beverages,Coca-Cola 2L,2,39.24,0.05,74.56,28.76,UPI,Economy
ORD-10268,2023-10-11,CUST-1196,Isha Sharma,Consumer,Pune,Maharashtra,West,Food & Beverages,Beverages,Sting Energy Drink,6,83.78,0.05,477.55,139.52,Debit Card,Standard
ORD-10598,2023-10-11,CUST-1133,Priya Gupta,Home Office,Noida,Uttar Pradesh,North,Electronics,Tablets,Apple iPad 10th Gen,2,25726.83,0.25,38590.25,582.11,Cash,Express
ORD-12489,2023-10-11,CUST-1363,Ritika Nair,Consumer,Bangalore,Karnataka,South,Electronics,Smartphones,Vivo T2x,4,26770.87,0.05,101729.31,12883.18,Credit Card,Express
ORD-10562,2023-10-11,CUST-1457,Simran Iyer,Consumer,Bangalore,Karnataka,South,Electronics,Chargers & Cables,Anker PowerPort,1,2240.4,0.25,1680.3,421.69,UPI,Express
ORD-12065,2023-10-12,CUST-1528,Rajesh Mehta,Home Office,Mumbai,Maharashtra,West,Electronics,Smartphones,Motorola Edge 40,2,64416.48,0.05,122391.31,13303.59,Debit Card,Economy
ORD-12087,2023-10-12,CUST-1028,Nisha Tiwari,Home Office,Chennai,Tamil Nadu,South,Office Supplies,Ink & Toner,HP 802 Black Cartridge,3,991.23,0.2,2378.95,480.67,UPI,Express
ORD-12261,2023-10-12,CUST-1105,Rahul Bhat,Consumer,Mumbai,Maharashtra,West,Food & Beverages,Snacks & Chips,Lay's Classic Salted,2,58.15,0.15,98.85,21.69,Debit Card,Same Day
ORD-10817,2023-10-12,CUST-1541,Tanvi Chopra,Corporate,Jaipur,Rajasthan,North,Office Supplies,Pens & Stationery,Cello Pinpoint Blue,2,220.36,0.18,361.39,196.48,Net Banking,Same Day
ORD-12306,2023-10-12,CUST-1205,Nandini Banerjee,Corporate,Jaipur,Rajasthan,North,Office Supplies,Pens & Stationery,Faber-Castell Kit,2,191.6,0.18,314.22,97.66,Credit Card,Standard
ORD-12132,2023-10-12,CUST-1129,Nikhil Pillai,Consumer,Bhubaneswar,Odisha,East,Office Supplies,Ink & Toner,HP 678 Tri-Color,4,2341.7,0.1,8430.12,1055.51,UPI,Standard
ORD-12426,2023-10-13,CUST-1319,Deepika Bhat,Home Office,Ahmedabad,Gujarat,West,Food & Beverages,Health Supplements,Ensure Nutritional Drink,4,1705.92,0.15,5800.13,1134.28,Cash,Same Day
ORD-10712,2023-10-13,CUST-1257,Rishi Sharma,Consumer,Guwahati,Assam,East,Electronics,Smartwatches,Fire-Boltt Phoenix,4,13004.05,0.1,46814.58,5769.42,Debit Card,Same Day
ORD-10630,2023-10-13,CUST-1185,Aditi Banerjee,Consumer,Pune,Maharashtra,West,Food & Beverages,Dry Fruits & Nuts,Happilo Almonds 500g,3,476.71,0.1,1287.12,293.58,Debit Card,Standard
ORD-11949,2023-10-14,CUST-1480,Gaurav Shah,Consumer,Patna,Bihar,East,Furniture,Beds,IKEA Malm King Bed,1,22208.69,0.1,19987.82,2155.15,Net Banking,Express
ORD-10216,2023-10-14,CUST-1541,Tanvi Chopra,Corporate,Jaipur,Rajasthan,North,Office Supplies,Paper & Notebooks,Luxor Exercise Book,6,66.8,0.13,348.7,121.72,UPI,Standard
ORD-11624,2023-10-14,CUST-1090,Rishi Kapoor,Consumer,Chennai,Tamil Nadu,South,Clothing,Ethnic Wear,Manyavar Kurta Set,1,1814.3,0.1,1632.87,524.41,Debit Card,Express
ORD-10978,2023-10-14,CUST-1283,Simran Rao,Consumer,Jaipur,Rajasthan,North,Electronics,Headphones,OnePlus Buds Z2,4,16559.34,0.05,62925.49,9237.59,Credit Card,Standard
ORD-10176,2023-10-15,CUST-1137,Dev Iyer,Home Office,Kochi,Kerala,South,Clothing,Jackets,Wildcraft Windbreaker,1,8999.0,0.1,8099.1,1711.88,UPI,Standard
ORD-12475,2023-10-15,CUST-1243,Ananya Tiwari,Corporate,Kolkata,West Bengal,East,Furniture,Office Chairs,Featherlite Optima,1,11267.91,0.13,9803.08,1499.49,Credit Card,Express
ORD-11912,2023-10-15,CUST-1527,Simran Das,Home Office,Kochi,Kerala,South,Clothing,Formal Shirts,Peter England Classic,2,1528.91,0.15,2599.15,603.11,Credit Card,Standard
ORD-10857,2023-10-15,CUST-1511,Amit Tiwari,Corporate,Ranchi,Jharkhand,East,Clothing,Formal Shirts,Van Heusen Slim Fit,1,1876.71,0.13,1632.74,328.56,Credit Card,Standard
ORD-11672,2023-10-15,CUST-1024,Harsh Patel,Corporate,Mumbai,Maharashtra,West,Clothing,Formal Shirts,Raymond Linen Shirt,2,1309.66,0.08,2409.77,733.52,Credit Card,Standard
ORD-10600,2023-10-15,CUST-1535,Meera Tiwari,Home Office,Bangalore,Karnataka,South,Clothing,Ethnic Wear,Biba Anarkali Suit,2,4052.45,0.05,7699.66,3155.81,Net Banking,Standard
ORD-12495,2023-10-16,CUST-1469,Chirag Das,Corporate,Hyderabad,Telangana,South,Office Supplies,Printers,HP Smart Tank 580,1,6262.38,0.08,5761.39,555.33,Debit Card,Standard
ORD-11780,2023-10-16,CUST-1029,Kunal Das,Corporate,Gurugram,Haryana,North,Clothing,Jackets,HRX Active Jacket,3,6199.28,0.23,14320.34,3375.99,UPI,Standard
ORD-10360,2023-10-16,CUST-1568,Tushar Sharma,Consumer,Mumbai,Maharashtra,West,Electronics,Smartphones,Motorola Edge 40,1,38457.54,0.25,28843.16,2686.02,Credit Card,Standard
ORD-11861,2023-10-16,CUST-1117,Simran Mehta,Consumer,Delhi,Delhi,North,Clothing,Formal Shirts,Van Heusen Slim Fit,2,974.46,0.2,1559.14,357.94,UPI,Same Day
ORD-10723,2023-10-16,CUST-1143,Vikram Shah,Corporate,Pune,Maharashtra,West,Food & Beverages,Health Supplements,Dabur Chyawanprash 1kg,5,2047.25,0.28,7370.1,1418.15,Cash,Standard
ORD-11300,2023-10-16,CUST-1556,Uma Mishra,Consumer,Mumbai,Maharashtra,West,Electronics,Smartwatches,Noise ColorFit Pro 4,2,7870.92,0.1,14167.66,2815.28,Credit Card,Standard
ORD-10023,2023-10-16,CUST-1271,Zara Malhotra,Consumer,Mumbai,Maharashtra,West,Electronics,Headphones,Noise Buds VS104,3,24999.0,0.05,71247.15,18955.77,Net Banking,Standard
ORD-11071,2023-10-16,CUST-1381,Rishi Deshmukh,Consumer,Chennai,Tamil Nadu,South,Furniture,Dining Tables,IKEA Ekedalen,1,32330.39,0.05,30713.87,5499.92,UPI,Express
ORD-10975,2023-10-17,CUST-1233,Kriti Deshmukh,Home Office,Bangalore,Karnataka,South,Electronics,Laptops,Dell Inspiron 14,3,64578.81,0.1,174362.79,18088.42,Cash,Economy
ORD-11271,2023-10-17,CUST-1277,Ayesha Patil,Corporate,Guwahati,Assam,East,Clothing,Jeans,Flying Machine Tapered,3,2666.59,0.23,6159.82,1147.26,Credit Card,Standard
ORD-11405,2023-10-17,CUST-1262,Gaurav Kumar,Consumer,Hyderabad,Telangana,South,Electronics,Smartphones,Realme Narzo 60,1,32686.15,0.3,22880.3,1625.38,Debit Card,Same Day
ORD-10390,2023-10-17,CUST-1466,Ayesha Menon,Home Office,Bangalore,Karnataka,South,Clothing,Jackets,HRX Active Jacket,1,4149.64,0.2,3319.71,509.36,UPI,Standard
ORD-12319,2023-10-17,CUST-1253,Simran Mehta,Consumer,Visakhapatnam,Andhra Pradesh,South,Food & Beverages,Health Supplements,Dabur Chyawanprash 1kg,2,3476.22,0.05,6604.82,1243.3,UPI,Same Day
ORD-10959,2023-10-17,CUST-1474,Bhavya Patil,Consumer,Hyderabad,Telangana,South,Electronics,Tablets,Realme Pad Mini,2,14452.14,0.3,20233.0,1220.75,Credit Card,Standard
ORD-10692,2023-10-18,CUST-1077,Bhavya Patel,Corporate,Bhubaneswar,Odisha,East,Clothing,T-Shirts,Levi's Graphic Tee,2,1961.36,0.13,3412.77,1491.78,Credit Card,Express
ORD-11340,2023-10-18,CUST-1587,Mohit Pillai,Consumer,Pune,Maharashtra,West,Electronics,Smartphones,Vivo T2x,2,30172.44,0.2,48275.9,2064.09,UPI,Standard
ORD-11425,2023-10-19,CUST-1174,Sanjay Deshmukh,Corporate,Noida,Uttar Pradesh,North,Clothing,Ethnic Wear,Soch Silk Saree,3,2596.28,0.08,7165.73,2423.03,UPI,Same Day
ORD-10054,2023-10-19,CUST-1000,Mohit Agarwal,Home Office,Gurugram,Haryana,North,Electronics,Smartwatches,Apple Watch SE,4,11681.47,0.2,37380.7,2867.27,Credit Card,Express
ORD-10836,2023-10-19,CUST-1340,Rohit Gupta,Consumer,Patna,Bihar,East,Food & Beverages,Health Supplements,HealthKart Multivitamin,12,2122.11,0.05,24192.05,6280.43,Cash,Same Day
ORD-11910,2023-10-20,CUST-1196,Isha Sharma,Consumer,Pune,Maharashtra,West,Electronics,Headphones,OnePlus Buds Z2,4,18974.52,0.35,49333.75,10193.24,Credit Card,Express
ORD-11293,2023-10-20,CUST-1461,Ritika Singh,Corporate,Hyderabad,Telangana,South,Electronics,Laptops,Dell Inspiron 14,3,149999.0,0.08,413997.24,41723.0,UPI,Economy
ORD-11879,2023-10-20,CUST-1077,Bhavya Patel,Corporate,Bhubaneswar,Odisha,East,Furniture,Office Chairs,HOF Ito Mesh Chair,1,22556.6,0.13,19624.24,3615.0,Credit Card,Standard
ORD-11560,2023-10-20,CUST-1428,Mohit Iyer,Home Office,Bangalore,Karnataka,South,Electronics,Smartphones,iPhone 15,4,28598.97,0.05,108676.09,17086.0,UPI,Same Day
ORD-10908,2023-10-20,CUST-1001,Priya Joshi,Consumer,Mumbai,Maharashtra,West,Electronics,Chargers & Cables,Mi 33W SonicCharge,1,1991.25,0.15,1692.56,373.61,UPI,Economy
ORD-12379,2023-10-20,CUST-1031,Dev Das,Consumer,Mumbai,Maharashtra,West,Electronics,Smartphones,Realme Narzo 60,1,43627.34,0.35,28357.77,-155.65,Cash,Standard
ORD-10254,2023-10-20,CUST-1386,Sneha Saxena,Home Office,Chennai,Tamil Nadu,South,Electronics,Smartphones,Realme Narzo 60,2,26976.08,0.25,40464.12,2900.98,Credit Card,Economy
ORD-10014,2023-10-21,CUST-1242,Aditya Saxena,Consumer,Gurugram,Haryana,North,Office Supplies,Ink & Toner,Brother BT-D60BK,5,4628.43,0.05,21985.04,3523.12,Debit Card,Standard
ORD-12427,2023-10-21,CUST-1343,Sakshi Joshi,Home Office,Bangalore,Karnataka,South,Food & Beverages,Tea & Coffee,Bru Instant Coffee,3,406.8,0.25,915.3,178.04,UPI,Same Day
ORD-10153,2023-10-21,CUST-1249,Pooja Chopra,Home Office,Hyderabad,Telangana,South,Electronics,Chargers & Cables,Anker PowerPort,1,813.94,0.05,773.24,308.53,Net Banking,Standard
ORD-12490,2023-10-21,CUST-1439,Kriti Rao,Consumer,Hyderabad,Telangana,South,Furniture,Desks,Amazon Basics L-Shape Desk,2,21516.14,0.15,36577.44,2135.46,Debit Card,Standard
ORD-12090,2023-10-21,CUST-1516,Meera Mehta,Consumer,Jaipur,Rajasthan,North,Furniture,Beds,Nilkamal Imperial Queen,1,21556.27,0.05,20478.46,1515.08,Credit Card,Same Day
ORD-10096,2023-10-22,CUST-1494,Shreya Singh,Consumer,Gurugram,Haryana,North,Food & Beverages,Dry Fruits & Nuts,Happilo Almonds 500g,4,883.15,0.15,3002.71,369.73,UPI,Economy
ORD-10349,2023-10-22,CUST-1170,Kunal Iyer,Home Office,Bangalore,Karnataka,South,Food & Beverages,Tea & Coffee,Bru Instant Coffee,8,497.51,0.05,3781.08,1251.48,Cash,Standard
ORD-11965,2023-10-22,CUST-1411,Mohit Kapoor,Corporate,Lucknow,Uttar Pradesh,North,Clothing,Jeans,Pepe Jeans Slim,2,1415.25,0.35,1839.82,205.49,Credit Card,Same Day
ORD-11407,2023-10-22,CUST-1036,Aditi Iyer,Corporate,Ahmedabad,Gujarat,West,Electronics,Smartphones,Realme Narzo 60,2,29385.86,0.08,54069.98,8357.39,UPI,Express
ORD-11161,2023-10-22,CUST-1475,Ishaan Singh,Consumer,Pune,Maharashtra,West,Office Supplies,Paper & Notebooks,Luxor Exercise Book,6,229.75,0.15,1171.72,436.08,UPI,Same Day
ORD-10435,2023-10-23,CUST-1202,Harsh Shah,Consumer,Bangalore,Karnataka,South,Electronics,Smartphones,Xiaomi Redmi Note 13,1,12041.77,0.15,10235.5,1354.56,Credit Card,Express
ORD-11568,2023-10-23,CUST-1196,Isha Sharma,Consumer,Pune,Maharashtra,West,Clothing,T-Shirts,Dennis Lingo Slim Fit,1,491.43,0.05,466.86,148.32,Debit Card,Express
ORD-12374,2023-10-23,CUST-1025,Mohit Deshmukh,Consumer,Kochi,Kerala,South,Furniture,Desks,IKEA Bekant Standing Desk,1,13037.36,0.05,12385.49,1657.68,UPI,Express
ORD-10513,2023-10-24,CUST-1221,Aarav Deshmukh,Corporate,Mumbai,Maharashtra,West,Clothing,Formal Shirts,Arrow Regular Fit,5,1546.72,0.18,6341.55,2125.85,UPI,Standard
ORD-11601,2023-10-24,CUST-1517,Pooja Patel,Home Office,Bangalore,Karnataka,South,Electronics,Laptops,ASUS VivoBook 15,1,46590.96,0.05,44261.41,3652.05,Cash,Standard
ORD-11616,2023-10-24,CUST-1487,Chirag Kapoor,Consumer,Pune,Maharashtra,West,Furniture,Office Chairs,Green Soul Jupiter,2,18971.74,0.35,24663.26,3561.28,UPI,Economy
ORD-12223,2023-10-24,CUST-1208,Tushar Shah,Consumer,Hyderabad,Telangana,South,Office Supplies,Paper & Notebooks,Navneet Long Book,2,148.15,0.2,237.04,113.31,Credit Card,Same Day
ORD-11617,2023-10-25,CUST-1303,Vivek Sinha,Consumer,Bhubaneswar,Odisha,East,Electronics,Headphones,Realme Buds Air 3,2,2335.14,0.15,3969.74,586.23,Credit Card,Same Day
ORD-12026,2023-10-25,CUST-1121,Chirag Gupta,Corporate,Hyderabad,Telangana,South,Clothing,Jeans,Flying Machine Tapered,2,799.0,0.18,1310.36,408.28,Debit Card,Express
ORD-10260,2023-10-25,CUST-1109,Kunal Pandey,Consumer,Patna,Bihar,East,Office Supplies,Paper & Notebooks,Navneet Long Book,1,105.31,0.05,100.04,53.55,UPI,Standard
ORD-10862,2023-10-26,CUST-1048,Zara Sharma,Corporate,Jaipur,Rajasthan,North,Office Supplies,Ink & Toner,HP 802 Black Cartridge,4,2175.96,0.08,8007.53,1922.7,Credit Card,Express
ORD-10125,2023-10-26,CUST-1090,Rishi Kapoor,Consumer,Chennai,Tamil Nadu,South,Office Supplies,Paper & Notebooks,JK Copier A4 Paper Ream,12,280.78,0.05,3200.89,951.0,Credit Card,Standard
ORD-10758,2023-10-26,CUST-1206,Amit Nair,Consumer,Mumbai,Maharashtra,West,Electronics,Smartwatches,Fire-Boltt Phoenix,1,20552.93,0.1,18497.64,4135.48,Cash,Standard
ORD-12121,2023-10-26,CUST-1319,Deepika Bhat,Home Office,Ahmedabad,Gujarat,West,Clothing,Jeans,Levi's 511 Slim,2,1302.7,0.2,2084.32,352.5,Credit Card,Express
ORD-11747,2023-10-27,CUST-1435,Aditi Joshi,Consumer,Hyderabad,Telangana,South,Electronics,Chargers & Cables,Amazon Basics USB-C Cable,1,2098.82,0.25,1574.12,613.28,Cash,Economy
ORD-12411,2023-10-27,CUST-1141,Uma Sharma,Home Office,Bangalore,Karnataka,South,Clothing,Formal Shirts,Van Heusen Slim Fit,2,1532.55,0.3,2145.57,404.12,Debit Card,Standard
ORD-11410,2023-10-27,CUST-1429,Ishaan Patel,Corporate,Ahmedabad,Gujarat,West,Food & Beverages,Tea & Coffee,Organic India Tulsi Green,1,233.62,0.35,151.85,43.08,Credit Card,Economy
ORD-10175,2023-10-27,CUST-1134,Mohit Banerjee,Home Office,Guwahati,Assam,East,Electronics,Laptops,MacBook Air M2,1,65539.47,0.2,52431.58,2392.84,Debit Card,Economy
ORD-12209,2023-10-27,CUST-1408,Sanjay Chatterjee,Corporate,Surat,Gujarat,West,Clothing,Ethnic Wear,Soch Silk Saree,2,5824.85,0.18,9552.75,1924.05,UPI,Economy
ORD-12281,2023-10-27,CUST-1060,Aditi Sharma,Consumer,Nagpur,Maharashtra,West,Clothing,Jackets,Wildcraft Windbreaker,4,3419.39,0.05,12993.68,2524.36,UPI,Same Day
ORD-10320,2023-10-27,CUST-1470,Sakshi Sharma,Consumer,Hyderabad,Telangana,South,Clothing,Ethnic Wear,Manyavar Kurta Set,3,8100.66,0.05,23086.88,6036.61,Credit Card,Standard
ORD-10036,2023-10-28,CUST-1249,Pooja Chopra,Home Office,Hyderabad,Telangana,South,Office Supplies,Printers,Epson L3250,4,9058.3,0.25,27174.9,1121.41,UPI,Express
ORD-11517,2023-10-28,CUST-1353,Sneha Saxena,Home Office,Bhubaneswar,Odisha,East,Clothing,Ethnic Wear,Soch Silk Saree,1,1928.18,0.15,1638.95,651.29,Net Banking,Standard
ORD-12461,2023-10-28,CUST-1001,Priya Joshi,Consumer,Mumbai,Maharashtra,West,Clothing,Jackets,HRX Active Jacket,1,1673.88,0.05,1590.19,542.68,UPI,Express
ORD-11011,2023-10-28,CUST-1528,Rajesh Mehta,Home Office,Mumbai,Maharashtra,West,Furniture,Desks,Amazon Basics L-Shape Desk,1,8022.32,0.05,7621.2,926.64,Debit Card,Standard
ORD-11457,2023-10-28,CUST-1495,Isha Patil,Corporate,Surat,Gujarat,West,Electronics,Smartphones,Vivo T2x,5,28366.79,0.13,123395.54,7059.98,UPI,Standard
ORD-10298,2023-10-28,CUST-1188,Ananya Reddy,Corporate,Chennai,Tamil Nadu,South,Electronics,Laptops,Acer Aspire 5,1,52266.27,0.33,35018.4,557.98,Cash,Express
ORD-10971,2023-10-28,CUST-1202,Harsh Shah,Consumer,Bangalore,Karnataka,South,Office Supplies,Paper & Notebooks,JK Copier A4 Paper Ream,2,141.34,0.05,268.55,129.45,Debit Card,Standard
ORD-11567,2023-10-29,CUST-1054,Amit Agarwal,Consumer,Delhi,Delhi,North,Office Supplies,Storage & Organizers,Milton Modular Box,4,1578.78,0.05,5999.36,2201.38,UPI,Standard
ORD-11800,2023-10-29,CUST-1260,Dev Iyer,Corporate,Mumbai,Maharashtra,West,Office Supplies,Pens & Stationery,Cello Pinpoint Blue,1,268.48,0.28,193.31,60.04,Credit Card,Standard
ORD-12434,2023-10-29,CUST-1216,Manish Kumar,Home Office,Kolkata,West Bengal,East,Electronics,Tablets,Apple iPad 10th Gen,1,24648.47,0.1,22183.62,1558.44,UPI,Economy
ORD-11380,2023-10-29,CUST-1506,Kunal Sharma,Corporate,Hyderabad,Telangana,South,Food & Beverages,Health Supplements,Revital H Capsules,8,2368.32,0.08,17430.84,2719.24,UPI,Same Day
ORD-10849,2023-10-30,CUST-1455,Tanvi Sinha,Consumer,Bhubaneswar,Odisha,East,Furniture,Desks,Nilkamal Aries Workstation,2,20088.54,0.35,26115.1,-503.39,UPI,Same Day
ORD-12270,2023-10-30,CUST-1510,Deepika Menon,Corporate,Bangalore,Karnataka,South,Office Supplies,Pens & Stationery,Parker Classic Gold,6,52.12,0.08,287.7,120.57,Debit Card,Express
ORD-10539,2023-10-30,CUST-1076,Nandini Mehta,Home Office,Bhubaneswar,Odisha,East,Electronics,Tablets,OnePlus Pad Go,1,11350.47,0.05,10782.95,1359.98,UPI,Economy
ORD-10211,2023-10-30,CUST-1134,Mohit Banerjee,Home Office,Guwahati,Assam,East,Office Supplies,Storage & Organizers,Milton Modular Box,2,4522.39,0.2,7235.82,1834.12,Cash,Express
ORD-10480,2023-10-30,CUST-1437,Aarav Reddy,Corporate,Hyderabad,Telangana,South,Office Supplies,Printers,HP Smart Tank 580,1,6070.4,0.13,5281.25,482.34,Cash,Express
ORD-11174,2023-10-30,CUST-1553,Aditi Malhotra,Consumer,Mumbai,Maharashtra,West,Furniture,Office Chairs,HOF Ito Mesh Chair,1,12055.07,0.05,11452.32,1572.37,Debit Card,Same Day
ORD-10154,2023-10-30,CUST-1090,Rishi Kapoor,Consumer,Chennai,Tamil Nadu,South,Food & Beverages,Health Supplements,Dabur Chyawanprash 1kg,8,4690.11,0.1,33768.79,7272.41,UPI,Same Day
ORD-10102,2023-10-31,CUST-1337,Amit Banerjee,Consumer,Bangalore,Karnataka,South,Office Supplies,Pens & Stationery,Pilot V5 Hi-Tecpoint,2,126.97,0.15,215.85,113.94,Debit Card,Express
ORD-10625,2023-10-31,CUST-1501,Sakshi Verma,Consumer,Pune,Maharashtra,West,Clothing,Jeans,Lee Cooper Skinny,2,4999.0,0.3,6998.6,1945.16,UPI,Express
ORD-12396,2023-10-31,CUST-1402,Gaurav Tiwari,Corporate,Delhi,Delhi,North,Electronics,Headphones,Noise Buds VS104,1,4427.36,0.33,2966.33,390.16,Debit Card,Standard
ORD-12179,2023-10-31,CUST-1124,Harsh Pillai,Corporate,Delhi,Delhi,North,Electronics,Headphones,JBL Tune 510BT,2,8520.65,0.28,12269.74,1701.88,UPI,Express
ORD-12418,2023-11-01,CUST-1040,Shreya Malhotra,Consumer,Hyderabad,Telangana,South,Furniture,Bookshelves,IKEA Kallax Shelf,2,5862.21,0.25,8793.32,465.89,UPI,Same Day
ORD-10113,2023-11-01,CUST-1313,Amit Menon,Corporate,Lucknow,Uttar Pradesh,North,Furniture,Dining Tables,Nilkamal Shahenshah 4-Seater,1,48452.81,0.23,37308.66,1465.69,Credit Card,Express
ORD-10476,2023-11-02,CUST-1256,Tanvi Chatterjee,Home Office,Visakhapatnam,Andhra Pradesh,South,Electronics,Chargers & Cables,Amazon Basics USB-C Cable,2,2424.38,0.25,3636.57,832.39,Net Banking,Standard
ORD-11023,2023-11-02,CUST-1122,Gaurav Saxena,Consumer,Chennai,Tamil Nadu,South,Food & Beverages,Snacks & Chips,Bingo Mad Angles,4,181.51,0.15,617.13,181.36,UPI,Standard
ORD-10204,2023-11-02,CUST-1464,Kavya Kapoor,Corporate,Coimbatore,Tamil Nadu,South,Office Supplies,Printers,Brother DCP-T420W,1,12863.46,0.13,11191.21,743.92,UPI,Standard
ORD-10609,2023-11-02,CUST-1206,Amit Nair,Consumer,Mumbai,Maharashtra,West,Office Supplies,Printers,Epson L3250,3,13893.66,0.05,39596.93,2847.24,Debit Card,Standard
ORD-11689,2023-11-02,CUST-1453,Uma Agarwal,Corporate,Delhi,Delhi,North,Furniture,Beds,IKEA Malm King Bed,1,59999.0,0.23,46199.23,5520.66,UPI,Standard
ORD-11212,2023-11-03,CUST-1033,Zara Gupta,Home Office,Bangalore,Karnataka,South,Furniture,Desks,Nilkamal Aries Workstation,1,8827.75,0.1,7944.98,1508.6,Debit Card,Express
ORD-11735,2023-11-03,CUST-1117,Simran Mehta,Consumer,Delhi,Delhi,North,Clothing,Formal Shirts,Louis Philippe Checked,2,1945.04,0.25,2917.56,924.26,UPI,Express
ORD-12269,2023-11-03,CUST-1178,Aditi Chopra,Consumer,Delhi,Delhi,North,Clothing,Jackets,Wildcraft Windbreaker,1,1499.0,0.1,1349.1,409.96,Credit Card,Same Day
ORD-10455,2023-11-03,CUST-1416,Gaurav Menon,Consumer,Bangalore,Karnataka,South,Clothing,Ethnic Wear,Manyavar Kurta Set,2,7194.78,0.2,11511.65,4068.98,UPI,Express
ORD-10932,2023-11-03,CUST-1184,Pooja Yadav,Consumer,Ahmedabad,Gujarat,West,Clothing,Formal Shirts,Arrow Regular Fit,1,1222.46,0.15,1039.09,374.25,UPI,Express
ORD-10269,2023-11-03,CUST-1376,Nandini Iyer,Consumer,Mumbai,Maharashtra,West,Electronics,Smartwatches,Apple Watch SE,1,1999.0,0.05,1899.05,291.92,Net Banking,Express
ORD-10461,2023-11-03,CUST-1439,Kriti Rao,Consumer,Hyderabad,Telangana,South,Office Supplies,Printers,HP Smart Tank 580,3,3999.0,0.05,11397.15,977.76,Credit Card,Same Day
ORD-11111,2023-11-04,CUST-1595,Amit Kapoor,Consumer,Delhi,Delhi,North,Office Supplies,Printers,Canon Pixma G3060,3,25874.14,0.1,69860.18,4457.93,Credit Card,Express
ORD-10482,2023-11-04,CUST-1069,Priya Rao,Corporate,Ahmedabad,Gujarat,West,Food & Beverages,Snacks & Chips,Too Yumm Multigrain,6,61.98,0.13,323.54,79.3,UPI,Standard
ORD-12177,2023-11-04,CUST-1300,Vikram Kumar,Corporate,Bangalore,Karnataka,South,Office Supplies,Paper & Notebooks,Luxor Exercise Book,2,143.63,0.08,264.28,151.24,Debit Card,Express
ORD-10362,2023-11-04,CUST-1008,Yash Malhotra,Consumer,Kolkata,West Bengal,East,Clothing,T-Shirts,Dennis Lingo Slim Fit,1,328.23,0.2,262.58,96.35,Credit Card,Standard
ORD-11804,2023-11-04,CUST-1567,Rishi Yadav,Home Office,Mumbai,Maharashtra,West,Clothing,T-Shirts,Levi's Graphic Tee,2,711.93,0.05,1352.67,476.4,Net Banking,Standard
ORD-10942,2023-11-04,CUST-1425,Pooja Patil,Consumer,Kochi,Kerala,South,Furniture,Dining Tables,Home Centre Montoya,1,18361.2,0.25,13770.9,435.08,UPI,Express
ORD-11114,2023-11-04,CUST-1475,Ishaan Singh,Consumer,Pune,Maharashtra,West,Food & Beverages,Snacks & Chips,Too Yumm Multigrain,4,34.84,0.2,111.49,26.14,Cash,Same Day
ORD-12001,2023-11-04,CUST-1218,Gaurav Reddy,Consumer,Chandigarh,Punjab,North,Electronics,Smartphones,Vivo T2x,2,8999.0,0.15,15298.3,1414.26,UPI,Express
ORD-12453,2023-11-04,CUST-1469,Chirag Das,Corporate,Hyderabad,Telangana,South,Office Supplies,Printers,Epson L3250,6,14832.55,0.23,68526.38,685.26,Net Banking,Express
ORD-10939,2023-11-04,CUST-1120,Diya Deshmukh,Consumer,Bangalore,Karnataka,South,Office Supplies,Ink & Toner,Canon PG-745 Black,6,1940.0,0.05,11058.0,2062.12,Credit Card,Standard
ORD-10899,2023-11-05,CUST-1474,Bhavya Patil,Consumer,Hyderabad,Telangana,South,Furniture,Beds,IKEA Malm King Bed,2,18835.0,0.15,32019.5,4304.47,Credit Card,Standard
ORD-11921,2023-11-05,CUST-1104,Amit Mehta,Corporate,Delhi,Delhi,North,Food & Beverages,Beverages,Paper Boat Aamras,8,52.84,0.18,346.63,66.74,UPI,Standard
ORD-10740,2023-11-05,CUST-1458,Sanjay Reddy,Home Office,Gurugram,Haryana,North,Food & Beverages,Dry Fruits & Nuts,Happilo Almonds 500g,12,1256.65,0.1,13571.82,1857.98,Credit Card,Standard
ORD-10616,2023-11-05,CUST-1459,Shreya Reddy,Corporate,Visakhapatnam,Andhra Pradesh,South,Electronics,Smartphones,Xiaomi Redmi Note 13,2,21951.42,0.08,40390.61,4677.97,UPI,Express
ORD-12107,2023-11-05,CUST-1075,Ritika Shah,Corporate,Gurugram,Haryana,North,Furniture,Desks,IKEA Bekant Standing Desk,1,25303.91,0.28,18218.82,1262.23,UPI,Standard
ORD-10891,2023-11-06,CUST-1497,Arjun Das,Consumer,Kochi,Kerala,South,Electronics,Laptops,Acer Aspire 5,2,38670.42,0.05,73473.8,4265.59,UPI,Express
ORD-11751,2023-11-06,CUST-1494,Shreya Singh,Consumer,Gurugram,Haryana,North,Electronics,Smartphones,Realme Narzo 60,3,35912.21,0.05,102349.8,7480.47,Debit Card,Standard
ORD-10263,2023-11-06,CUST-1139,Dev Menon,Home Office,Delhi,Delhi,North,Food & Beverages,Tea & Coffee,Tata Gold Tea 500g,3,812.74,0.3,1706.75,396.09,Credit Card,Standard
ORD-10184,2023-11-06,CUST-1108,Priya Joshi,Consumer,Chennai,Tamil Nadu,South,Food & Beverages,Dry Fruits & Nuts,Amazon Basics Mixed Nuts,1,320.45,0.15,272.38,62.16,Net Banking,Express
ORD-11267,2023-11-07,CUST-1055,Sanjay Patel,Corporate,Hyderabad,Telangana,South,Clothing,Formal Shirts,Peter England Classic,2,1727.14,0.08,3177.94,910.77,Debit Card,Standard
ORD-12103,2023-11-07,CUST-1480,Gaurav Shah,Consumer,Patna,Bihar,East,Electronics,Chargers & Cables,Belkin BoostCharge,1,199.0,0.1,179.1,61.26,Cash,Standard
ORD-12041,2023-11-07,CUST-1339,Aarav Mishra,Home Office,Chennai,Tamil Nadu,South,Furniture,Beds,Wakefit Orthopaedic Bed,1,43089.91,0.15,36626.42,1973.79,UPI,Express
ORD-11584,2023-11-07,CUST-1270,Varun Pandey,Consumer,Noida,Uttar Pradesh,North,Furniture,Dining Tables,Godrej Interio Neo,1,19751.52,0.25,14813.64,1749.12,UPI,Standard
ORD-11079,2023-11-07,CUST-1272,Varun Rao,Corporate,Mumbai,Maharashtra,West,Electronics,Headphones,Realme Buds Air 3,3,7251.37,0.08,20013.78,4397.07,Debit Card,Same Day
ORD-11843,2023-11-08,CUST-1219,Arjun Kumar,Home Office,Lucknow,Uttar Pradesh,North,Office Supplies,Paper & Notebooks,JK Copier A4 Paper Ream,1,345.33,0.15,293.53,122.96,Credit Card,Standard
ORD-11249,2023-11-08,CUST-1133,Priya Gupta,Home Office,Noida,Uttar Pradesh,North,Food & Beverages,Health Supplements,Ensure Nutritional Drink,5,2043.91,0.1,9197.6,1988.04,Credit Card,Same Day
ORD-11980,2023-11-09,CUST-1156,Sneha Mishra,Consumer,Delhi,Delhi,North,Office Supplies,Pens & Stationery,Cello Pinpoint Blue,4,173.34,0.05,658.69,241.22,UPI,Express
ORD-11201,2023-11-10,CUST-1484,Isha Malhotra,Corporate,Bangalore,Karnataka,South,Furniture,Bookshelves,DeckUp Meritus,1,9618.98,0.18,7887.56,1320.33,Credit Card,Express
ORD-12028,2023-11-10,CUST-1523,Aditya Pandey,Consumer,Hyderabad,Telangana,South,Clothing,Jackets,HRX Active Jacket,2,5143.43,0.1,9258.17,3381.99,UPI,Express
ORD-10550,2023-11-10,CUST-1461,Ritika Singh,Corporate,Hyderabad,Telangana,South,Food & Beverages,Health Supplements,Ensure Nutritional Drink,6,1231.77,0.08,6799.37,1882.73,UPI,Same Day
ORD-11993,2023-11-10,CUST-1394,Amit Agarwal,Corporate,Kolkata,West Bengal,East,Office Supplies,Printers,Epson L3250,5,14995.96,0.08,68981.42,7688.2,Debit Card,Express
ORD-11048,2023-11-10,CUST-1179,Ayesha Kumar,Corporate,Ahmedabad,Gujarat,West,Clothing,Jeans,Pepe Jeans Slim,1,2195.37,0.13,1909.97,671.01,Net Banking,Standard
ORD-11732,2023-11-11,CUST-1263,Ayesha Kulkarni,Consumer,Delhi,Delhi,North,Food & Beverages,Tea & Coffee,Organic India Tulsi Green,4,294.84,0.05,1120.39,338.42,UPI,Economy
ORD-11387,2023-11-11,CUST-1053,Dev Patil,Consumer,Lucknow,Uttar Pradesh,North,Office Supplies,Ink & Toner,Brother BT-D60BK,8,1075.49,0.05,8173.72,2460.07,Credit Card,Same Day
ORD-11360,2023-11-11,CUST-1070,Chirag Patel,Corporate,Pune,Maharashtra,West,Electronics,Laptops,ASUS VivoBook 15,4,55974.92,0.18,183597.74,6336.41,Cash,Standard
ORD-11132,2023-11-11,CUST-1552,Chirag Singh,Consumer,Bhubaneswar,Odisha,East,Furniture,Office Chairs,Green Soul Jupiter,1,12927.57,0.05,12281.19,2002.52,Cash,Express
ORD-12233,2023-11-11,CUST-1470,Sakshi Sharma,Consumer,Hyderabad,Telangana,South,Food & Beverages,Snacks & Chips,Bingo Mad Angles,3,79.92,0.3,167.83,34.9,Debit Card,Express
ORD-11531,2023-11-12,CUST-1383,Manish Pandey,Home Office,Bangalore,Karnataka,South,Food & Beverages,Health Supplements,MuscleBlaze Whey Protein,12,527.09,0.15,5376.32,910.07,Net Banking,Express
ORD-12327,2023-11-12,CUST-1061,Kunal Sinha,Corporate,Hyderabad,Telangana,South,Food & Beverages,Tea & Coffee,Nescafe Classic 200g,2,272.2,0.08,500.85,151.53,Credit Card,Standard
ORD-11251,2023-11-12,CUST-1335,Tushar Das,Consumer,Mumbai,Maharashtra,West,Electronics,Headphones,OnePlus Buds Z2,1,3936.83,0.05,3739.99,532.03,Net Banking,Express
ORD-12220,2023-11-12,CUST-1214,Vikram Reddy,Corporate,Ranchi,Jharkhand,East,Office Supplies,Pens & Stationery,Reynolds Trimax Gel,4,60.02,0.18,196.87,105.45,Cash,Same Day
ORD-10515,2023-11-12,CUST-1305,Tanvi Mishra,Home Office,Chennai,Tamil Nadu,South,Clothing,Jeans,Levi's 511 Slim,1,1173.7,0.2,938.96,268.17,Debit Card,Express
ORD-10647,2023-11-12,CUST-1260,Dev Iyer,Corporate,Mumbai,Maharashtra,West,Clothing,Jackets,Wildcraft Windbreaker,3,1891.09,0.08,5219.41,964.47,Debit Card,Express
ORD-10651,2023-11-12,CUST-1080,Rishi Sharma,Consumer,Delhi,Delhi,North,Electronics,Headphones,boAt Rockerz 450,2,5454.48,0.15,9272.62,2777.88,UPI,Express
ORD-11743,2023-11-12,CUST-1150,Priya Rao,Corporate,Ranchi,Jharkhand,East,Clothing,T-Shirts,Dennis Lingo Slim Fit,1,299.0,0.23,230.23,78.64,Debit Card,Standard
ORD-11609,2023-11-13,CUST-1272,Varun Rao,Corporate,Mumbai,Maharashtra,West,Food & Beverages,Beverages,Real Fruit Power Mango,2,81.38,0.28,117.19,19.83,Debit Card,Standard
ORD-12485,2023-11-13,CUST-1121,Chirag Gupta,Corporate,Hyderabad,Telangana,South,Clothing,T-Shirts,H&M Basic Tee,3,541.66,0.08,1494.98,493.09,Credit Card,Express
ORD-11214,2023-11-13,CUST-1462,Aditi Menon,Corporate,Bangalore,Karnataka,South,Clothing,T-Shirts,U.S. Polo Assn. Crew,1,526.76,0.13,458.28,119.09,UPI,Standard
ORD-10536,2023-11-14,CUST-1556,Uma Mishra,Consumer,Mumbai,Maharashtra,West,Office Supplies,Printers,Canon Pixma G3060,4,14471.0,0.25,43413.0,-575.33,Cash,Express
ORD-10520,2023-11-14,CUST-1292,Vivek Pandey,Corporate,Chennai,Tamil Nadu,South,Office Supplies,Pens & Stationery,Parker Classic Gold,6,48.79,0.08,269.32,167.06,Debit Card,Same Day
ORD-11860,2023-11-14,CUST-1278,Zara Menon,Home Office,Hyderabad,Telangana,South,Clothing,Jeans,Wrangler Bootcut,1,4994.3,0.2,3995.44,923.35,Cash,Standard
ORD-12480,2023-11-14,CUST-1469,Chirag Das,Corporate,Hyderabad,Telangana,South,Office Supplies,Storage & Organizers,Milton Modular Box,6,621.62,0.13,3244.86,609.25,Debit Card,Express
ORD-11770,2023-11-14,CUST-1521,Mohit Sinha,Consumer,Surat,Gujarat,West,Clothing,Formal Shirts,Louis Philippe Checked,2,2766.68,0.2,4426.69,730.32,Net Banking,Same Day
ORD-11445,2023-11-15,CUST-1355,Arjun Chopra,Consumer,Hyderabad,Telangana,South,Clothing,Ethnic Wear,W Palazzo Set,3,5893.22,0.2,14143.73,5391.1,Cash,Standard
ORD-11714,2023-11-15,CUST-1328,Sanjay Pandey,Consumer,Pune,Maharashtra,West,Electronics,Chargers & Cables,Amazon Basics USB-C Cable,2,785.54,0.1,1413.97,714.83,UPI,Express
ORD-11989,2023-11-15,CUST-1030,Sanjay Pandey,Corporate,Kolkata,West Bengal,East,Food & Beverages,Beverages,Sting Energy Drink,2,61.38,0.08,112.94,22.54,Debit Card,Standard
ORD-12409,2023-11-15,CUST-1091,Rahul Deshmukh,Home Office,Bangalore,Karnataka,South,Clothing,T-Shirts,Levi's Graphic Tee,2,979.57,0.2,1567.31,611.21,Cash,Standard
ORD-10193,2023-11-16,CUST-1489,Chirag Tiwari,Corporate,Mumbai,Maharashtra,West,Office Supplies,Printers,Canon Pixma G3060,2,10786.51,0.08,19847.18,1036.96,Credit Card,Standard
ORD-10573,2023-11-16,CUST-1417,Kavya Bhat,Home Office,Delhi,Delhi,North,Electronics,Tablets,Apple iPad 10th Gen,1,24811.55,0.1,22330.4,2150.12,UPI,Economy
ORD-10903,2023-11-16,CUST-1179,Ayesha Kumar,Corporate,Ahmedabad,Gujarat,West,Furniture,Beds,Wakefit Orthopaedic Bed,3,18929.11,0.08,52244.34,8251.75,Credit Card,Standard
ORD-11983,2023-11-17,CUST-1156,Sneha Mishra,Consumer,Delhi,Delhi,North,Food & Beverages,Tea & Coffee,Tata Gold Tea 500g,1,297.46,0.2,237.97,77.8,Credit Card,Standard
ORD-11296,2023-11-17,CUST-1495,Isha Patil,Corporate,Surat,Gujarat,West,Furniture,Bookshelves,Amazon Basics Bookcase,3,7474.69,0.13,19508.94,2369.41,Credit Card,Same Day
ORD-12119,2023-11-17,CUST-1040,Shreya Malhotra,Consumer,Hyderabad,Telangana,South,Electronics,Smartphones,Motorola Edge 40,2,16687.1,0.05,31705.49,4410.7,UPI,Standard
ORD-11377,2023-11-17,CUST-1575,Lavanya Das,Consumer,Bhubaneswar,Odisha,East,Electronics,Smartwatches,boAt Storm Call,3,5322.17,0.2,12773.21,2041.1,Cash,Same Day
ORD-11440,2023-11-18,CUST-1341,Kunal Chopra,Corporate,Guwahati,Assam,East,Food & Beverages,Health Supplements,Revital H Capsules,3,1761.74,0.28,3805.36,460.34,Credit Card,Express
ORD-11498,2023-11-18,CUST-1312,Simran Reddy,Consumer,Bangalore,Karnataka,South,Office Supplies,Printers,Canon Pixma G3060,12,13062.67,0.05,148914.44,11640.75,UPI,Same Day
ORD-11036,2023-11-19,CUST-1511,Amit Tiwari,Corporate,Ranchi,Jharkhand,East,Clothing,Ethnic Wear,Biba Anarkali Suit,2,3033.11,0.13,5277.61,1377.27,Credit Card,Same Day
ORD-11030,2023-11-19,CUST-1231,Deepika Chopra,Corporate,Delhi,Delhi,North,Food & Beverages,Dry Fruits & Nuts,Happilo Almonds 500g,12,720.16,0.13,7518.47,1111.86,UPI,Standard
ORD-10117,2023-11-19,CUST-1205,Nandini Banerjee,Corporate,Jaipur,Rajasthan,North,Clothing,Formal Shirts,Louis Philippe Checked,2,1710.97,0.23,2634.89,847.77,Debit Card,Standard
ORD-11953,2023-11-19,CUST-1565,Priya Patil,Corporate,Jaipur,Rajasthan,North,Electronics,Headphones,Sony WH-1000XM5,2,5993.03,0.13,10427.87,2278.53,Debit Card,Standard
ORD-11344,2023-11-20,CUST-1378,Ishaan Gupta,Corporate,Pune,Maharashtra,West,Electronics,Laptops,MacBook Air M2,3,51491.56,0.13,134392.97,7762.23,UPI,Standard
ORD-10965,2023-11-20,CUST-1457,Simran Iyer,Consumer,Bangalore,Karnataka,South,Food & Beverages,Beverages,Tropicana Mixed Fruit 1L,2,185.62,0.25,278.43,94.78,UPI,Standard
ORD-10358,2023-11-20,CUST-1283,Simran Rao,Consumer,Jaipur,Rajasthan,North,Office Supplies,Printers,Canon Pixma G3060,2,29069.95,0.1,52325.91,5771.69,UPI,Same Day
ORD-12404,2023-11-20,CUST-1442,Pooja Patil,Consumer,Gurugram,Haryana,North,Food & Beverages,Health Supplements,Revital H Capsules,3,4179.07,0.25,9402.91,1576.21,UPI,Standard
ORD-11754,2023-11-20,CUST-1103,Mohit Sinha,Corporate,Ahmedabad,Gujarat,West,Electronics,Laptops,HP Pavilion 15,1,90774.79,0.08,83512.81,10362.35,Cash,Economy
ORD-10634,2023-11-20,CUST-1063,Rohit Tiwari,Corporate,Ahmedabad,Gujarat,West,Office Supplies,Paper & Notebooks,JK Copier A4 Paper Ream,6,185.24,0.33,744.66,284.39,Cash,Same Day
ORD-12049,2023-11-20,CUST-1284,Priya Chatterjee,Consumer,Nagpur,Maharashtra,West,Clothing,Jackets,Fort Collins Puffer,4,4248.08,0.05,16142.7,5810.14,Cash,Express
ORD-12193,2023-11-20,CUST-1042,Kunal Sharma,Consumer,Hyderabad,Telangana,South,Electronics,Chargers & Cables,Amazon Basics USB-C Cable,3,1190.28,0.15,3035.21,1046.83,Debit Card,Express
ORD-11733,2023-11-21,CUST-1455,Tanvi Sinha,Consumer,Bhubaneswar,Odisha,East,Office Supplies,Storage & Organizers,Cello Novelty Big Drawer,6,1919.17,0.3,8060.51,1045.34,UPI,Same Day
ORD-11317,2023-11-21,CUST-1444,Tushar Yadav,Corporate,Kochi,Kerala,South,Electronics,Headphones,Realme Buds Air 3,3,2757.25,0.28,5955.66,1246.77,Cash,Economy
ORD-11931,2023-11-21,CUST-1159,Nandini Nair,Consumer,Surat,Gujarat,West,Food & Beverages,Beverages,Tropicana Mixed Fruit 1L,3,267.03,0.1,720.98,297.84,UPI,Same Day
ORD-12021,2023-11-22,CUST-1341,Kunal Chopra,Corporate,Guwahati,Assam,East,Furniture,Beds,Pepperfry Trundle Bed,1,50787.84,0.18,41646.03,5639.68,Net Banking,Standard
ORD-11381,2023-11-23,CUST-1364,Rajesh Gupta,Corporate,Gurugram,Haryana,North,Electronics,Headphones,JBL Tune 510BT,3,1493.71,0.13,3898.58,961.86,Cash,Express
ORD-11583,2023-11-23,CUST-1107,Arjun Mehta,Consumer,Gurugram,Haryana,North,Electronics,Tablets,Realme Pad Mini,2,48377.16,0.2,77403.46,7720.66,UPI,Standard
ORD-10177,2023-11-23,CUST-1305,Tanvi Mishra,Home Office,Chennai,Tamil Nadu,South,Electronics,Smartphones,Samsung Galaxy M34,2,28638.3,0.05,54412.77,7085.05,Cash,Same Day
ORD-11349,2023-11-23,CUST-1522,Lavanya Agarwal,Corporate,Mumbai,Maharashtra,West,Clothing,Jackets,Campus Sutra Denim,3,5824.66,0.13,15202.36,4318.07,Cash,Standard
ORD-11430,2023-11-23,CUST-1083,Rahul Pandey,Consumer,Kolkata,West Bengal,East,Electronics,Headphones,boAt Rockerz 450,2,11402.46,0.05,21664.67,4387.31,Credit Card,Economy
ORD-12008,2023-11-23,CUST-1427,Isha Verma,Corporate,Noida,Uttar Pradesh,North,Clothing,Formal Shirts,Peter England Classic,2,1080.65,0.18,1772.27,431.55,UPI,Express
ORD-11929,2023-11-23,CUST-1586,Priya Patel,Corporate,Bangalore,Karnataka,South,Electronics,Smartwatches,Samsung Galaxy Watch 5,3,5409.75,0.08,14930.91,3641.24,Cash,Standard
ORD-10203,2023-11-23,CUST-1225,Aditi Agarwal,Consumer,Jaipur,Rajasthan,North,Electronics,Smartphones,Vivo T2x,2,19896.83,0.1,35814.29,3900.94,Credit Card,Express
ORD-11726,2023-11-24,CUST-1253,Simran Mehta,Consumer,Visakhapatnam,Andhra Pradesh,South,Electronics,Headphones,Realme Buds Air 3,5,6275.13,0.15,26669.3,3727.31,UPI,Same Day
ORD-11782,2023-11-24,CUST-1300,Vikram Kumar,Corporate,Bangalore,Karnataka,South,Office Supplies,Ink & Toner,Brother BT-D60BK,3,1083.87,0.33,2178.58,501.77,UPI,Express
ORD-11091,2023-11-24,CUST-1067,Neha Verma,Corporate,Jaipur,Rajasthan,North,Electronics,Headphones,OnePlus Buds Z2,2,854.71,0.13,1487.2,401.71,Cash,Standard
ORD-10549,2023-11-24,CUST-1319,Deepika Bhat,Home Office,Ahmedabad,Gujarat,West,Furniture,Bookshelves,Spacewood Engineered Wood,1,5837.38,0.05,5545.51,910.26,UPI,Standard
ORD-11577,2023-11-25,CUST-1394,Amit Agarwal,Corporate,Kolkata,West Bengal,East,Electronics,Smartphones,Motorola Edge 40,4,26965.47,0.18,88446.74,2915.57,Debit Card,Standard
ORD-10780,2023-11-25,CUST-1009,Amit Singh,Corporate,Delhi,Delhi,North,Electronics,Tablets,Samsung Galaxy Tab A8,3,19160.41,0.18,47134.61,3467.41,UPI,Standard
ORD-12170,2023-11-25,CUST-1132,Meera Mishra,Consumer,Ahmedabad,Gujarat,West,Clothing,Jeans,Lee Cooper Skinny,3,1678.51,0.2,4028.42,582.13,Debit Card,Express
ORD-10951,2023-11-25,CUST-1062,Harsh Shah,Corporate,Nagpur,Maharashtra,West,Office Supplies,Printers,Brother DCP-T420W,3,18628.7,0.33,37443.69,-1481.06,Credit Card,Express
ORD-10329,2023-11-25,CUST-1132,Meera Mishra,Consumer,Ahmedabad,Gujarat,West,Food & Beverages,Snacks & Chips,Too Yumm Multigrain,5,93.61,0.15,397.84,90.67,Cash,Standard
ORD-10728,2023-11-25,CUST-1202,Harsh Shah,Consumer,Bangalore,Karnataka,South,Office Supplies,Paper & Notebooks,Classmate Notebook 200pg,1,91.55,0.2,73.24,31.75,Credit Card,Express
ORD-10811,2023-11-25,CUST-1355,Arjun Chopra,Consumer,Hyderabad,Telangana,South,Food & Beverages,Dry Fruits & Nuts,Amazon Basics Mixed Nuts,3,1458.81,0.2,3501.14,252.88,Debit Card,Economy
ORD-12251,2023-11-25,CUST-1162,Sakshi Verma,Consumer,Coimbatore,Tamil Nadu,South,Electronics,Chargers & Cables,Amazon Basics USB-C Cable,4,659.71,0.05,2506.9,883.33,Cash,Standard
ORD-11427,2023-11-25,CUST-1152,Neha Das,Corporate,Lucknow,Uttar Pradesh,North,Office Supplies,Storage & Organizers,Amazon Basics Desk Organizer,8,738.08,0.08,5432.27,1772.77,Debit Card,Same Day
ORD-11851,2023-11-25,CUST-1374,Rahul Gupta,Consumer,Noida,Uttar Pradesh,North,Electronics,Laptops,HP Pavilion 15,1,73352.15,0.05,69684.54,3812.3,UPI,Standard
ORD-10404,2023-11-26,CUST-1113,Aditi Pillai,Home Office,Ahmedabad,Gujarat,West,Clothing,Formal Shirts,Arrow Regular Fit,2,822.98,0.05,1563.66,412.74,Net Banking,Economy
ORD-11144,2023-11-26,CUST-1468,Chirag Bhat,Consumer,Ahmedabad,Gujarat,West,Electronics,Smartwatches,boAt Storm Call,2,15882.53,0.3,22235.54,3840.05,Debit Card,Economy
ORD-11889,2023-11-26,CUST-1401,Sakshi Sharma,Home Office,Nagpur,Maharashtra,West,Food & Beverages,Tea & Coffee,Organic India Tulsi Green,3,1440.97,0.05,4106.76,1425.2,Credit Card,Express
ORD-10265,2023-11-26,CUST-1168,Bhavya Patil,Corporate,Ranchi,Jharkhand,East,Electronics,Laptops,Dell Inspiron 14,2,65330.05,0.18,107141.28,4522.82,UPI,Express
ORD-10321,2023-11-26,CUST-1382,Ananya Pillai,Consumer,Kochi,Kerala,South,Clothing,Ethnic Wear,Soch Silk Saree,5,6324.11,0.1,28458.5,10643.88,Credit Card,Same Day
ORD-12416,2023-11-26,CUST-1247,Ananya Mehta,Corporate,Mumbai,Maharashtra,West,Office Supplies,Storage & Organizers,Milton Modular Box,4,1134.74,0.23,3495.0,648.2,Credit Card,Same Day
ORD-10473,2023-11-27,CUST-1485,Ananya Deshmukh,Consumer,Delhi,Delhi,North,Office Supplies,Ink & Toner,Canon PG-745 Black,5,1581.67,0.05,7512.93,2340.23,Debit Card,Standard
ORD-11327,2023-11-27,CUST-1162,Sakshi Verma,Consumer,Coimbatore,Tamil Nadu,South,Electronics,Chargers & Cables,Portronics Adaptor,3,1055.6,0.05,3008.46,1309.46,Debit Card,Economy
ORD-10092,2023-11-27,CUST-1139,Dev Menon,Home Office,Delhi,Delhi,North,Furniture,Office Chairs,HOF Ito Mesh Chair,1,7977.25,0.2,6381.8,528.82,Credit Card,Express
ORD-10074,2023-11-27,CUST-1522,Lavanya Agarwal,Corporate,Mumbai,Maharashtra,West,Clothing,Jackets,Wildcraft Windbreaker,1,3752.59,0.13,3264.75,886.65,UPI,Express
ORD-11541,2023-11-27,CUST-1497,Arjun Das,Consumer,Kochi,Kerala,South,Electronics,Smartphones,Xiaomi Redmi Note 13,5,46618.23,0.1,209782.04,28694.57,UPI,Standard
ORD-11596,2023-11-27,CUST-1187,Meera Kapoor,Consumer,Lucknow,Uttar Pradesh,North,Electronics,Smartwatches,Fire-Boltt Phoenix,5,17663.8,0.15,75071.15,12992.09,Cash,Standard
ORD-10803,2023-11-28,CUST-1531,Kriti Nair,Consumer,Mumbai,Maharashtra,West,Electronics,Smartwatches,boAt Storm Call,4,8030.24,0.3,22484.67,997.88,UPI,Express
ORD-10037,2023-11-28,CUST-1040,Shreya Malhotra,Consumer,Hyderabad,Telangana,South,Food & Beverages,Tea & Coffee,Tata Gold Tea 500g,4,685.64,0.25,2056.92,503.41,Credit Card,Standard
ORD-11266,2023-11-28,CUST-1315,Tushar Kulkarni,Home Office,Delhi,Delhi,North,Furniture,Office Chairs,IKEA Markus,1,16784.83,0.1,15106.35,1065.49,Debit Card,Standard
ORD-12450,2023-11-28,CUST-1006,Sakshi Pillai,Corporate,Hyderabad,Telangana,South,Electronics,Tablets,Lenovo Tab M10,1,19569.32,0.13,17025.31,1008.67,Debit Card,Standard
ORD-10414,2023-11-28,CUST-1254,Arjun Yadav,Consumer,Jaipur,Rajasthan,North,Clothing,T-Shirts,Dennis Lingo Slim Fit,1,761.22,0.15,647.04,142.46,Credit Card,Express
ORD-11589,2023-11-28,CUST-1205,Nandini Banerjee,Corporate,Jaipur,Rajasthan,North,Electronics,Smartphones,Realme Narzo 60,2,39301.35,0.08,72314.48,9403.52,Cash,Express
ORD-10508,2023-11-28,CUST-1583,Dev Bhat,Consumer,Pune,Maharashtra,West,Food & Beverages,Health Supplements,Ensure Nutritional Drink,5,1201.76,0.2,4807.04,1057.18,UPI,Economy
ORD-12315,2023-11-29,CUST-1320,Sanjay Nair,Home Office,Mumbai,Maharashtra,West,Food & Beverages,Dry Fruits & Nuts,Nutraj Cashews 250g,12,546.6,0.05,6231.24,1470.8,Cash,Standard
ORD-12243,2023-11-29,CUST-1541,Tanvi Chopra,Corporate,Jaipur,Rajasthan,North,Electronics,Smartwatches,Samsung Galaxy Watch 5,1,9517.0,0.08,8755.64,2064.16,UPI,Standard
ORD-12449,2023-11-29,CUST-1206,Amit Nair,Consumer,Mumbai,Maharashtra,West,Electronics,Tablets,Apple iPad 10th Gen,2,21832.92,0.05,41482.55,5922.79,Net Banking,Standard
ORD-10653,2023-11-29,CUST-1106,Yash Pillai,Consumer,Guwahati,Assam,East,Clothing,Jeans,Levi's 511 Slim,1,799.0,0.05,759.05,254.11,UPI,Standard
ORD-11895,2023-11-29,CUST-1464,Kavya Kapoor,Corporate,Coimbatore,Tamil Nadu,South,Food & Beverages,Health Supplements,Revital H Capsules,1,1851.25,0.08,1703.15,470.9,UPI,Standard
ORD-10785,2023-11-29,CUST-1079,Aditya Agarwal,Consumer,Hyderabad,Telangana,South,Food & Beverages,Dry Fruits & Nuts,Nutraj Cashews 250g,6,1093.46,0.05,6232.72,1577.51,Credit Card,Standard
ORD-10638,2023-11-29,CUST-1469,Chirag Das,Corporate,Hyderabad,Telangana,South,Clothing,Jeans,Flying Machine Tapered,1,2010.66,0.18,1648.74,250.6,UPI,Same Day
ORD-12106,2023-11-30,CUST-1374,Rahul Gupta,Consumer,Noida,Uttar Pradesh,North,Electronics,Smartphones,Realme Narzo 60,3,8999.0,0.05,25647.15,2240.2,Debit Card,Same Day
ORD-10743,2023-11-30,CUST-1325,Mohit Patel,Consumer,Surat,Gujarat,West,Office Supplies,Ink & Toner,Brother BT-D60BK,3,1438.78,0.05,4100.52,728.94,UPI,Standard
ORD-10250,2023-11-30,CUST-1537,Ayesha Reddy,Consumer,Kolkata,West Bengal,East,Electronics,Tablets,Realme Pad Mini,2,24471.55,0.25,36707.32,1725.39,Debit Card,Standard
ORD-10749,2023-12-01,CUST-1529,Neha Banerjee,Consumer,Coimbatore,Tamil Nadu,South,Office Supplies,Printers,HP Smart Tank 580,6,14203.69,0.3,59655.5,-319.97,Debit Card,Economy
ORD-10426,2023-12-01,CUST-1057,Mohit Menon,Home Office,Jaipur,Rajasthan,North,Office Supplies,Paper & Notebooks,Sundaram A4 Ruled,8,750.09,0.05,5700.68,1951.82,Credit Card,Economy
ORD-12063,2023-12-01,CUST-1160,Sneha Rao,Consumer,Visakhapatnam,Andhra Pradesh,South,Furniture,Bookshelves,Nilkamal Freedom Mini,1,5578.42,0.0,5578.42,1337.52,UPI,Standard
ORD-10296,2023-12-01,CUST-1583,Dev Bhat,Consumer,Pune,Maharashtra,West,Furniture,Beds,Wakefit Orthopaedic Bed,1,52888.47,0.1,47599.62,2845.2,Credit Card,Standard
ORD-11608,2023-12-01,CUST-1114,Pooja Yadav,Corporate,Pune,Maharashtra,West,Electronics,Chargers & Cables,Anker PowerPort,1,999.13,0.03,969.16,381.07,UPI,Economy
ORD-11068,2023-12-01,CUST-1113,Aditi Pillai,Home Office,Ahmedabad,Gujarat,West,Furniture,Desks,Amazon Basics L-Shape Desk,1,16312.36,0.15,13865.51,1481.07,Debit Card,Economy
ORD-12237,2023-12-01,CUST-1020,Sanjay Bhat,Consumer,Pune,Maharashtra,West,Electronics,Laptops,MacBook Air M2,4,114428.98,0.0,457715.92,36446.13,UPI,Standard
ORD-11587,2023-12-01,CUST-1426,Zara Nair,Consumer,Lucknow,Uttar Pradesh,North,Office Supplies,Pens & Stationery,Parker Classic Gold,1,163.34,0.1,147.01,85.11,Debit Card,Standard
ORD-10669,2023-12-02,CUST-1023,Rohit Kapoor,Corporate,Lucknow,Uttar Pradesh,North,Clothing,T-Shirts,U.S. Polo Assn. Crew,1,1663.84,0.03,1613.92,651.32,UPI,Standard
ORD-11530,2023-12-03,CUST-1171,Kriti Nair,Consumer,Bhubaneswar,Odisha,East,Office Supplies,Printers,Brother DCP-T420W,8,24212.2,0.0,193697.6,10247.73,Credit Card,Express
ORD-10745,2023-12-03,CUST-1190,Nikhil Mishra,Consumer,Bangalore,Karnataka,South,Electronics,Laptops,Lenovo IdeaPad Slim 3,4,83301.06,0.1,299883.82,35814.28,UPI,Standard
ORD-10245,2023-12-03,CUST-1367,Varun Joshi,Consumer,Surat,Gujarat,West,Furniture,Desks,Wakefit Orion Study Table,1,12326.75,0.05,11710.41,1224.11,UPI,Same Day
ORD-11665,2023-12-04,CUST-1343,Sakshi Joshi,Home Office,Bangalore,Karnataka,South,Furniture,Dining Tables,Godrej Interio Neo,1,18062.11,0.1,16255.9,1661.12,UPI,Standard
ORD-12047,2023-12-05,CUST-1516,Meera Mehta,Consumer,Jaipur,Rajasthan,North,Office Supplies,Pens & Stationery,Reynolds Trimax Gel,2,179.26,0.0,358.52,211.83,Cash,Express
ORD-10465,2023-12-05,CUST-1135,Kriti Kapoor,Consumer,Gurugram,Haryana,North,Electronics,Smartphones,Realme Narzo 60,1,20710.83,0.1,18639.75,1261.32,Debit Card,Economy
ORD-11362,2023-12-05,CUST-1003,Amit Tiwari,Consumer,Lucknow,Uttar Pradesh,North,Clothing,Jeans,Levi's 511 Slim,3,4300.73,0.0,12902.19,5720.41,Credit Card,Express
ORD-12436,2023-12-05,CUST-1255,Sneha Kapoor,Corporate,Chennai,Tamil Nadu,South,Clothing,Ethnic Wear,Soch Silk Saree,3,12999.0,0.08,35877.24,12911.76,UPI,Express
ORD-12364,2023-12-06,CUST-1461,Ritika Singh,Corporate,Hyderabad,Telangana,South,Electronics,Smartphones,OnePlus Nord CE3,1,72078.87,0.03,69916.5,7974.97,UPI,Standard
ORD-12123,2023-12-06,CUST-1431,Ritika Malhotra,Consumer,Bangalore,Karnataka,South,Electronics,Tablets,Realme Pad Mini,4,27769.35,0.0,111077.4,8985.16,UPI,Standard
ORD-11093,2023-12-06,CUST-1527,Simran Das,Home Office,Kochi,Kerala,South,Office Supplies,Pens & Stationery,Parker Classic Gold,3,83.43,0.1,225.26,98.37,Net Banking,Economy
ORD-11536,2023-12-06,CUST-1322,Priya Tiwari,Home Office,Mumbai,Maharashtra,West,Furniture,Dining Tables,Nilkamal Shahenshah 4-Seater,1,27162.36,0.15,23088.01,3553.07,UPI,Standard
ORD-10123,2023-12-06,CUST-1339,Aarav Mishra,Home Office,Chennai,Tamil Nadu,South,Clothing,Jackets,Wildcraft Windbreaker,2,4844.35,0.0,9688.7,2629.06,Cash,Same Day
ORD-10928,2023-12-06,CUST-1088,Deepika Sinha,Consumer,Mumbai,Maharashtra,West,Food & Beverages,Health Supplements,Ensure Nutritional Drink,2,1188.45,0.1,2139.21,680.11,Credit Card,Standard
ORD-10762,2023-12-06,CUST-1260,Dev Iyer,Corporate,Mumbai,Maharashtra,West,Furniture,Desks,Featherlite Amaze,1,14481.35,0.03,14046.91,1752.05,UPI,Express
ORD-11629,2023-12-07,CUST-1536,Harsh Nair,Home Office,Jaipur,Rajasthan,North,Clothing,Ethnic Wear,Manyavar Kurta Set,2,5396.36,0.25,8094.54,2443.65,UPI,Same Day
ORD-10747,2023-12-07,CUST-1192,Ishaan Deshmukh,Home Office,Delhi,Delhi,North,Clothing,T-Shirts,H&M Basic Tee,2,1398.02,0.0,2796.04,709.97,Credit Card,Standard
ORD-11886,2023-12-07,CUST-1522,Lavanya Agarwal,Corporate,Mumbai,Maharashtra,West,Clothing,Jackets,Fort Collins Puffer,1,3872.37,0.13,3368.96,479.52,Debit Card,Standard
ORD-11294,2023-12-07,CUST-1088,Deepika Sinha,Consumer,Mumbai,Maharashtra,West,Furniture,Desks,IKEA Bekant Standing Desk,1,19439.54,0.25,14579.66,238.38,Net Banking,Express
ORD-11136,2023-12-08,CUST-1094,Tushar Singh,Consumer,Chandigarh,Punjab,North,Food & Beverages,Beverages,Real Fruit Power Mango,4,288.99,0.0,1155.96,473.03,Credit Card,Standard
ORD-10147,2023-12-08,CUST-1492,Manish Iyer,Consumer,Hyderabad,Telangana,South,Office Supplies,Printers,HP LaserJet M1005,2,16927.64,0.05,32162.52,1222.51,Net Banking,Express
ORD-11202,2023-12-08,CUST-1553,Aditi Malhotra,Consumer,Mumbai,Maharashtra,West,Office Supplies,Storage & Organizers,Tupperware Store-All,1,1459.27,0.05,1386.31,281.81,UPI,Standard
ORD-10748,2023-12-08,CUST-1171,Kriti Nair,Consumer,Bhubaneswar,Odisha,East,Food & Beverages,Dry Fruits & Nuts,Amazon Basics Mixed Nuts,1,621.47,0.25,466.1,59.66,UPI,Express
ORD-10671,2023-12-08,CUST-1022,Chirag Nair,Corporate,Delhi,Delhi,North,Furniture,Bookshelves,DeckUp Meritus,1,6078.59,0.03,5896.23,688.21,Debit Card,Express
ORD-11016,2023-12-09,CUST-1006,Sakshi Pillai,Corporate,Hyderabad,Telangana,South,Electronics,Headphones,boAt Rockerz 450,2,3537.0,0.03,6861.78,1459.02,UPI,Standard
ORD-11824,2023-12-09,CUST-1076,Nandini Mehta,Home Office,Bhubaneswar,Odisha,East,Clothing,Jeans,Lee Cooper Skinny,1,1834.39,0.05,1742.67,657.46,Cash,Express
ORD-11404,2023-12-09,CUST-1095,Zara Agarwal,Consumer,Lucknow,Uttar Pradesh,North,Food & Beverages,Dry Fruits & Nuts,Farmley Premium Walnuts,1,892.16,0.05,847.55,189.89,Debit Card,Same Day
ORD-12305,2023-12-09,CUST-1033,Zara Gupta,Home Office,Bangalore,Karnataka,South,Electronics,Smartwatches,Noise ColorFit Pro 4,1,16977.46,0.25,12733.1,1463.74,Net Banking,Standard
ORD-10085,2023-12-09,CUST-1541,Tanvi Chopra,Corporate,Jaipur,Rajasthan,North,Clothing,T-Shirts,H&M Basic Tee,1,674.72,0.03,654.48,212.86,Net Banking,Standard
ORD-10046,2023-12-09,CUST-1553,Aditi Malhotra,Consumer,Mumbai,Maharashtra,West,Office Supplies,Ink & Toner,Epson T664 Refill Bottle,4,1763.29,0.0,7053.16,2229.77,Credit Card,Standard
ORD-11102,2023-12-09,CUST-1193,Sanjay Banerjee,Consumer,Mumbai,Maharashtra,West,Food & Beverages,Dry Fruits & Nuts,Happilo Almonds 500g,2,208.43,0.05,396.02,43.81,UPI,Standard
ORD-11028,2023-12-09,CUST-1060,Aditi Sharma,Consumer,Nagpur,Maharashtra,West,Electronics,Tablets,OnePlus Pad Go,2,9999.0,0.05,18998.1,2190.05,UPI,Standard
ORD-11710,2023-12-09,CUST-1538,Manish Gupta,Consumer,Noida,Uttar Pradesh,North,Clothing,T-Shirts,Allen Solly Polo,5,1674.93,0.15,7118.45,2140.12,Credit Card,Standard
ORD-11815,2023-12-10,CUST-1035,Zara Joshi,Consumer,Delhi,Delhi,North,Food & Beverages,Health Supplements,Dabur Chyawanprash 1kg,3,2748.79,0.0,8246.37,1506.39,Credit Card,Standard
ORD-10378,2023-12-10,CUST-1395,Kriti Joshi,Consumer,Jaipur,Rajasthan,North,Electronics,Headphones,OnePlus Buds Z2,3,6246.33,0.3,13117.29,1195.49,UPI,Standard
ORD-10635,2023-12-10,CUST-1201,Yash Patil,Consumer,Chennai,Tamil Nadu,South,Electronics,Chargers & Cables,Belkin BoostCharge,2,1037.0,0.15,1762.9,642.09,Debit Card,Standard
ORD-12076,2023-12-12,CUST-1084,Aditi Deshmukh,Corporate,Lucknow,Uttar Pradesh,North,Clothing,T-Shirts,Dennis Lingo Slim Fit,3,466.56,0.03,1357.69,467.21,Credit Card,Express
ORD-12380,2023-12-12,CUST-1586,Priya Patel,Corporate,Bangalore,Karnataka,South,Food & Beverages,Snacks & Chips,Too Yumm Multigrain,2,179.88,0.03,348.97,97.57,UPI,Express
ORD-11974,2023-12-12,CUST-1437,Aarav Reddy,Corporate,Hyderabad,Telangana,South,Office Supplies,Storage & Organizers,Cello Novelty Big Drawer,1,2112.6,0.13,1837.96,635.33,Net Banking,Express
ORD-10603,2023-12-13,CUST-1278,Zara Menon,Home Office,Hyderabad,Telangana,South,Electronics,Tablets,OnePlus Pad Go,3,26007.59,0.05,74121.63,6254.06,UPI,Same Day
ORD-11230,2023-12-13,CUST-1566,Rahul Reddy,Consumer,Coimbatore,Tamil Nadu,South,Electronics,Headphones,Noise Buds VS104,1,24999.0,0.05,23749.05,4285.76,UPI,Express
ORD-12157,2023-12-14,CUST-1295,Vivek Gupta,Consumer,Nagpur,Maharashtra,West,Office Supplies,Pens & Stationery,Reynolds Trimax Gel,2,65.22,0.0,130.44,78.29,UPI,Express
ORD-11444,2023-12-14,CUST-1039,Sneha Bhat,Consumer,Mumbai,Maharashtra,West,Office Supplies,Pens & Stationery,Pilot V5 Hi-Tecpoint,8,166.08,0.0,1328.64,603.78,Debit Card,Economy
ORD-10202,2023-12-14,CUST-1034,Uma Das,Corporate,Delhi,Delhi,North,Electronics,Chargers & Cables,Amazon Basics USB-C Cable,2,440.32,0.03,854.22,212.48,Credit Card,Express
ORD-11938,2023-12-14,CUST-1425,Pooja Patil,Consumer,Kochi,Kerala,South,Electronics,Chargers & Cables,Anker PowerPort,2,332.99,0.05,632.68,167.98,Debit Card,Express
ORD-11628,2023-12-14,CUST-1340,Rohit Gupta,Consumer,Patna,Bihar,East,Office Supplies,Paper & Notebooks,Classmate Notebook 200pg,2,135.1,0.05,256.69,107.79,Credit Card,Express
ORD-11280,2023-12-15,CUST-1514,Isha Singh,Consumer,Lucknow,Uttar Pradesh,North,Food & Beverages,Health Supplements,Ensure Nutritional Drink,6,629.07,0.0,3774.42,971.15,UPI,Standard
ORD-10359,2023-12-15,CUST-1235,Nisha Chatterjee,Home Office,Ahmedabad,Gujarat,West,Office Supplies,Ink & Toner,Brother BT-D60BK,4,499.0,0.2,1596.8,316.55,Cash,Express
ORD-12009,2023-12-15,CUST-1432,Kriti Verma,Consumer,Kochi,Kerala,South,Electronics,Smartwatches,boAt Storm Call,2,11369.58,0.0,22739.16,6236.81,UPI,Economy
ORD-12441,2023-12-16,CUST-1242,Aditya Saxena,Consumer,Gurugram,Haryana,North,Furniture,Beds,Sleepyhead Original,1,26957.51,0.0,26957.51,3851.15,Debit Card,Same Day
ORD-11960,2023-12-16,CUST-1464,Kavya Kapoor,Corporate,Coimbatore,Tamil Nadu,South,Clothing,Formal Shirts,Raymond Linen Shirt,1,858.56,0.18,704.02,173.58,UPI,Same Day
ORD-11809,2023-12-17,CUST-1333,Mohit Chatterjee,Consumer,Gurugram,Haryana,North,Furniture,Bookshelves,Spacewood Engineered Wood,2,18470.27,0.3,25858.38,4409.41,UPI,Standard
ORD-11116,2023-12-17,CUST-1308,Arjun Yadav,Consumer,Mumbai,Maharashtra,West,Clothing,T-Shirts,Allen Solly Polo,4,1033.29,0.05,3926.5,1558.54,UPI,Express
ORD-10299,2023-12-17,CUST-1575,Lavanya Das,Consumer,Bhubaneswar,Odisha,East,Electronics,Smartwatches,Fire-Boltt Phoenix,1,5379.19,0.3,3765.43,271.74,UPI,Economy
ORD-11459,2023-12-17,CUST-1132,Meera Mishra,Consumer,Ahmedabad,Gujarat,West,Office Supplies,Ink & Toner,Brother BT-D60BK,3,2817.11,0.0,8451.33,2807.82,Credit Card,Standard
ORD-11802,2023-12-17,CUST-1276,Amit Sinha,Consumer,Nagpur,Maharashtra,West,Electronics,Smartwatches,Apple Watch SE,3,13757.22,0.3,28890.16,2859.49,UPI,Express
ORD-10429,2023-12-17,CUST-1479,Yash Mishra,Home Office,Bangalore,Karnataka,South,Furniture,Dining Tables,Godrej Interio Neo,1,16231.94,0.15,13797.15,930.96,Net Banking,Same Day
ORD-10760,2023-12-17,CUST-1200,Chirag Patel,Home Office,Kolkata,West Bengal,East,Electronics,Headphones,boAt Rockerz 450,1,9441.43,0.05,8969.36,1637.11,Credit Card,Economy
ORD-11777,2023-12-17,CUST-1227,Harsh Malhotra,Consumer,Kochi,Kerala,South,Clothing,T-Shirts,Levi's Graphic Tee,5,1104.9,0.15,4695.82,2051.86,Cash,Standard
ORD-12423,2023-12-18,CUST-1185,Aditi Banerjee,Consumer,Pune,Maharashtra,West,Clothing,T-Shirts,Allen Solly Polo,1,1895.47,0.25,1421.6,438.84,UPI,Same Day
ORD-10970,2023-12-18,CUST-1244,Diya Sharma,Consumer,Kolkata,West Bengal,East,Electronics,Chargers & Cables,Portronics Adaptor,1,532.33,0.05,505.71,263.96,Cash,Express
ORD-11816,2023-12-18,CUST-1319,Deepika Bhat,Home Office,Ahmedabad,Gujarat,West,Clothing,Jackets,Red Tape Bomber,3,3719.93,0.2,8927.83,1304.8,Cash,Express
ORD-12014,2023-12-19,CUST-1020,Sanjay Bhat,Consumer,Pune,Maharashtra,West,Furniture,Office Chairs,HOF Ito Mesh Chair,1,15200.66,0.05,14440.63,1646.74,Debit Card,Standard
ORD-10636,2023-12-19,CUST-1493,Rajesh Reddy,Corporate,Pune,Maharashtra,West,Clothing,Ethnic Wear,FabIndia Cotton Kurta,4,5973.58,0.28,17203.91,3158.84,Credit Card,Same Day
ORD-11034,2023-12-20,CUST-1392,Manish Kulkarni,Home Office,Gurugram,Haryana,North,Clothing,T-Shirts,U.S. Polo Assn. Crew,3,1032.42,0.15,2632.67,757.36,UPI,Standard
ORD-12410,2023-12-20,CUST-1121,Chirag Gupta,Corporate,Hyderabad,Telangana,South,Electronics,Laptops,Acer Aspire 5,2,32523.22,0.03,63095.05,3568.17,Credit Card,Standard
ORD-10292,2023-12-21,CUST-1588,Priya Banerjee,Consumer,Guwahati,Assam,East,Clothing,Jackets,Campus Sutra Denim,1,5870.55,0.2,4696.44,867.25,Credit Card,Express
ORD-11208,2023-12-21,CUST-1123,Isha Iyer,Consumer,Pune,Maharashtra,West,Electronics,Tablets,Samsung Galaxy Tab A8,1,41851.2,0.15,35573.52,1973.49,UPI,Standard
ORD-11316,2023-12-21,CUST-1592,Aditi Saxena,Corporate,Mumbai,Maharashtra,West,Electronics,Smartphones,Vivo T2x,1,32319.6,0.13,28118.05,1235.28,UPI,Express
ORD-10645,2023-12-21,CUST-1106,Yash Pillai,Consumer,Guwahati,Assam,East,Electronics,Smartwatches,boAt Storm Call,3,9466.93,0.1,25560.71,4404.23,UPI,Standard
ORD-10137,2023-12-21,CUST-1445,Tushar Kulkarni,Consumer,Bangalore,Karnataka,South,Food & Beverages,Snacks & Chips,Haldiram's Aloo Bhujia,6,197.84,0.0,1187.04,277.44,Credit Card,Express
ORD-10119,2023-12-21,CUST-1043,Manish Kulkarni,Consumer,Kolkata,West Bengal,East,Office Supplies,Storage & Organizers,Amazon Basics Desk Organizer,2,4402.79,0.05,8365.3,1813.06,UPI,Express
ORD-11521,2023-12-22,CUST-1585,Priya Mehta,Consumer,Coimbatore,Tamil Nadu,South,Electronics,Tablets,Realme Pad Mini,4,12316.18,0.0,49264.72,5291.47,UPI,Standard
ORD-10394,2023-12-22,CUST-1556,Uma Mishra,Consumer,Mumbai,Maharashtra,West,Electronics,Smartphones,iPhone 15,1,22212.73,0.0,22212.73,3343.81,UPI,Express
ORD-12134,2023-12-23,CUST-1087,Chirag Bhat,Corporate,Delhi,Delhi,North,Furniture,Bookshelves,IKEA Kallax Shelf,1,5565.99,0.03,5399.01,846.23,UPI,Express
ORD-11833,2023-12-23,CUST-1304,Aarav Shah,Consumer,Noida,Uttar Pradesh,North,Electronics,Laptops,Dell Inspiron 14,5,50230.83,0.05,238596.44,25025.2,Credit Card,Standard
ORD-11690,2023-12-23,CUST-1098,Nikhil Patil,Corporate,Bangalore,Karnataka,South,Clothing,Jackets,Fort Collins Puffer,1,3125.19,0.18,2562.66,373.85,UPI,Standard
ORD-11893,2023-12-23,CUST-1427,Isha Verma,Corporate,Noida,Uttar Pradesh,North,Electronics,Headphones,Noise Buds VS104,1,1211.65,0.03,1175.3,168.12,Cash,Express
ORD-10375,2023-12-23,CUST-1203,Kunal Patil,Consumer,Bangalore,Karnataka,South,Electronics,Headphones,Sony WH-1000XM5,2,11324.67,0.1,20384.41,2487.09,UPI,Express
ORD-11699,2023-12-24,CUST-1354,Ishaan Iyer,Corporate,Jaipur,Rajasthan,North,Electronics,Chargers & Cables,Amazon Basics USB-C Cable,3,1285.68,0.08,3548.48,1458.76,UPI,Same Day
ORD-12151,2023-12-24,CUST-1345,Uma Chatterjee,Consumer,Delhi,Delhi,North,Electronics,Laptops,Acer Aspire 5,1,35882.42,0.0,35882.42,3909.76,UPI,Standard
ORD-10055,2023-12-24,CUST-1583,Dev Bhat,Consumer,Pune,Maharashtra,West,Electronics,Tablets,OnePlus Pad Go,4,32003.49,0.0,128013.96,20022.56,Credit Card,Standard
ORD-11927,2023-12-24,CUST-1162,Sakshi Verma,Consumer,Coimbatore,Tamil Nadu,South,Clothing,Formal Shirts,Louis Philippe Checked,3,2037.79,0.0,6113.37,1868.57,Credit Card,Economy
ORD-11964,2023-12-24,CUST-1326,Nandini Chatterjee,Corporate,Bangalore,Karnataka,South,Food & Beverages,Beverages,Tropicana Mixed Fruit 1L,6,72.17,0.03,420.03,123.13,Cash,Same Day
ORD-11655,2023-12-24,CUST-1224,Rishi Iyer,Home Office,Bangalore,Karnataka,South,Food & Beverages,Health Supplements,Ensure Nutritional Drink,6,3631.46,0.05,20699.32,5720.45,Net Banking,Economy
ORD-10434,2023-12-25,CUST-1333,Mohit Chatterjee,Consumer,Gurugram,Haryana,North,Food & Beverages,Dry Fruits & Nuts,True Elements Trail Mix,3,526.92,0.15,1343.65,211.14,UPI,Standard
ORD-11082,2023-12-25,CUST-1087,Chirag Bhat,Corporate,Delhi,Delhi,North,Food & Beverages,Snacks & Chips,Kurkure Masala Munch,6,115.94,0.08,639.99,199.37,UPI,Express
ORD-12027,2023-12-25,CUST-1001,Priya Joshi,Consumer,Mumbai,Maharashtra,West,Electronics,Laptops,Lenovo IdeaPad Slim 3,2,71091.14,0.0,142182.28,13371.6,UPI,Same Day
ORD-12397,2023-12-25,CUST-1528,Rajesh Mehta,Home Office,Mumbai,Maharashtra,West,Clothing,Jeans,Pepe Jeans Slim,3,2151.26,0.0,6453.78,1393.02,Credit Card,Express
ORD-11610,2023-12-26,CUST-1479,Yash Mishra,Home Office,Bangalore,Karnataka,South,Clothing,Formal Shirts,Raymond Linen Shirt,1,904.49,0.0,904.49,304.6,UPI,Standard
ORD-12350,2023-12-26,CUST-1112,Uma Gupta,Corporate,Patna,Bihar,East,Electronics,Smartphones,Samsung Galaxy M34,1,29966.68,0.08,27569.35,1908.04,Credit Card,Same Day
ORD-11508,2023-12-26,CUST-1023,Rohit Kapoor,Corporate,Lucknow,Uttar Pradesh,North,Electronics,Chargers & Cables,Mi 33W SonicCharge,1,582.46,0.23,448.49,196.66,Credit Card,Standard
ORD-12267,2023-12-26,CUST-1467,Uma Chopra,Consumer,Bangalore,Karnataka,South,Furniture,Dining Tables,Nilkamal Shahenshah 4-Seater,1,10793.34,0.25,8095.0,442.15,Credit Card,Standard
ORD-11196,2023-12-26,CUST-1363,Ritika Nair,Consumer,Bangalore,Karnataka,South,Electronics,Headphones,OnePlus Buds Z2,3,7503.25,0.15,19133.29,3540.9,UPI,Same Day
ORD-11326,2023-12-26,CUST-1451,Mohit Kapoor,Consumer,Kolkata,West Bengal,East,Electronics,Tablets,Apple iPad 10th Gen,3,31921.79,0.0,95765.37,12774.32,Cash,Standard
ORD-11295,2023-12-26,CUST-1216,Manish Kumar,Home Office,Kolkata,West Bengal,East,Food & Beverages,Snacks & Chips,Kurkure Masala Munch,3,48.49,0.1,130.92,29.18,Credit Card,Standard
ORD-11263,2023-12-27,CUST-1587,Mohit Pillai,Consumer,Pune,Maharashtra,West,Electronics,Tablets,Apple iPad 10th Gen,2,18264.37,0.1,32875.87,2254.44,Debit Card,Express
ORD-11395,2023-12-27,CUST-1151,Kunal Gupta,Corporate,Bhubaneswar,Odisha,East,Furniture,Beds,Pepperfry Trundle Bed,1,35858.56,0.08,32989.88,1938.74,UPI,Express
ORD-11934,2023-12-27,CUST-1111,Nikhil Deshmukh,Consumer,Kolkata,West Bengal,East,Food & Beverages,Health Supplements,HealthKart Multivitamin,1,1025.48,0.15,871.66,154.98,Net Banking,Express
ORD-10772,2023-12-27,CUST-1112,Uma Gupta,Corporate,Patna,Bihar,East,Office Supplies,Ink & Toner,Epson T664 Refill Bottle,4,1877.67,0.03,7285.36,1095.28,Net Banking,Standard
ORD-10665,2023-12-27,CUST-1218,Gaurav Reddy,Consumer,Chandigarh,Punjab,North,Electronics,Smartphones,Vivo T2x,5,36209.91,0.2,144839.64,15861.48,Debit Card,Standard
ORD-11478,2023-12-28,CUST-1137,Dev Iyer,Home Office,Kochi,Kerala,South,Clothing,Ethnic Wear,W Palazzo Set,1,5816.21,0.1,5234.59,1745.63,Debit Card,Express
ORD-12405,2023-12-29,CUST-1539,Zara Patil,Consumer,Kolkata,West Bengal,East,Furniture,Office Chairs,HOF Ito Mesh Chair,1,15203.93,0.25,11402.95,1966.3,Credit Card,Standard
ORD-10255,2023-12-30,CUST-1545,Dev Patel,Consumer,Noida,Uttar Pradesh,North,Electronics,Laptops,HP Pavilion 15,1,56227.58,0.05,53416.2,4963.56,Credit Card,Express
ORD-10566,2023-12-30,CUST-1373,Sneha Patil,Consumer,Gurugram,Haryana,North,Office Supplies,Storage & Organizers,Nilkamal Chester 24,4,519.98,0.1,1871.93,350.83,UPI,Express
ORD-10021,2023-12-30,CUST-1225,Aditi Agarwal,Consumer,Jaipur,Rajasthan,North,Office Supplies,Storage & Organizers,Tupperware Store-All,3,600.72,0.0,1802.16,401.14,UPI,Express
ORD-10823,2023-12-31,CUST-1365,Chirag Singh,Home Office,Coimbatore,Tamil Nadu,South,Food & Beverages,Health Supplements,Dabur Chyawanprash 1kg,2,1841.46,0.2,2946.34,898.41,Cash,Standard
ORD-12322,2023-12-31,CUST-1020,Sanjay Bhat,Consumer,Pune,Maharashtra,West,Food & Beverages,Tea & Coffee,Organic India Tulsi Green,2,661.08,0.25,991.62,303.22,Net Banking,Express
ORD-10051,2023-12-31,CUST-1510,Deepika Menon,Corporate,Bangalore,Karnataka,South,Electronics,Tablets,OnePlus Pad Go,2,34953.87,0.23,53828.96,4438.05,UPI,Same Day
ORD-10795,2023-12-31,CUST-1270,Varun Pandey,Consumer,Noida,Uttar Pradesh,North,Clothing,Jackets,Campus Sutra Denim,1,6263.23,0.0,6263.23,2092.89,UPI,Economy
ORD-10442,2024-01-01,CUST-1560,Neha Reddy,Corporate,Ahmedabad,Gujarat,West,Electronics,Tablets,Lenovo Tab M10,3,19999.5,0.03,58198.54,8633.71,Credit Card,Standard
ORD-11031,2024-01-01,CUST-1327,Uma Verma,Home Office,Kolkata,West Bengal,East,Office Supplies,Ink & Toner,Canon PG-745 Black,12,781.98,0.05,8914.57,1759.69,Net Banking,Express
ORD-11917,2024-01-01,CUST-1506,Kunal Sharma,Corporate,Hyderabad,Telangana,South,Electronics,Smartphones,Motorola Edge 40,1,40103.33,0.03,38900.23,5185.87,UPI,Standard
ORD-10708,2024-01-01,CUST-1598,Deepika Sharma,Corporate,Coimbatore,Tamil Nadu,South,Furniture,Beds,Nilkamal Imperial Queen,1,47329.07,0.13,41176.29,3341.15,UPI,Standard
ORD-10356,2024-01-02,CUST-1594,Kavya Tiwari,Corporate,Pune,Maharashtra,West,Furniture,Bookshelves,Amazon Basics Bookcase,1,16578.06,0.03,16080.72,3661.16,Credit Card,Standard
ORD-12417,2024-01-02,CUST-1557,Zara Gupta,Consumer,Bangalore,Karnataka,South,Electronics,Laptops,Dell Inspiron 14,1,59773.69,0.0,59773.69,8450.39,UPI,Standard
ORD-11083,2024-01-02,CUST-1055,Sanjay Patel,Corporate,Hyderabad,Telangana,South,Clothing,Jeans,Lee Cooper Skinny,2,3133.76,0.08,5766.12,1452.32,Credit Card,Express
ORD-11599,2024-01-02,CUST-1434,Yash Chatterjee,Consumer,Hyderabad,Telangana,South,Furniture,Beds,Nilkamal Imperial Queen,1,17642.21,0.1,15877.99,2374.38,Net Banking,Same Day
ORD-10512,2024-01-02,CUST-1131,Vikram Sinha,Consumer,Kolkata,West Bengal,East,Electronics,Headphones,Noise Buds VS104,1,10340.23,0.1,9306.21,2181.48,Credit Card,Express
ORD-12074,2024-01-03,CUST-1070,Chirag Patel,Corporate,Pune,Maharashtra,West,Food & Beverages,Tea & Coffee,Tata Gold Tea 500g,2,470.17,0.28,677.04,139.65,Cash,Standard
ORD-12228,2024-01-03,CUST-1292,Vivek Pandey,Corporate,Chennai,Tamil Nadu,South,Food & Beverages,Beverages,Tropicana Mixed Fruit 1L,2,280.64,0.23,432.19,163.82,UPI,Express
ORD-11479,2024-01-03,CUST-1528,Rajesh Mehta,Home Office,Mumbai,Maharashtra,West,Electronics,Laptops,ASUS VivoBook 15,1,92667.55,0.05,88034.17,4460.5,Net Banking,Same Day
ORD-10559,2024-01-03,CUST-1285,Chirag Iyer,Consumer,Delhi,Delhi,North,Food & Beverages,Health Supplements,Dabur Chyawanprash 1kg,3,1767.36,0.0,5302.08,1331.85,UPI,Standard
ORD-11538,2024-01-03,CUST-1484,Isha Malhotra,Corporate,Bangalore,Karnataka,South,Clothing,Jackets,Wildcraft Windbreaker,3,3786.92,0.08,10451.9,3243.94,UPI,Standard
ORD-11062,2024-01-03,CUST-1224,Rishi Iyer,Home Office,Bangalore,Karnataka,South,Office Supplies,Ink & Toner,HP 678 Tri-Color,1,2285.54,0.15,1942.71,477.18,Credit Card,Same Day
ORD-10309,2024-01-03,CUST-1208,Tushar Shah,Consumer,Hyderabad,Telangana,South,Clothing,Ethnic Wear,Biba Anarkali Suit,5,5109.17,0.0,25545.85,10147.62,Cash,Standard
ORD-10089,2024-01-04,CUST-1418,Vivek Gupta,Corporate,Coimbatore,Tamil Nadu,South,Electronics,Laptops,HP Pavilion 15,5,87849.81,0.08,404109.13,23093.87,Debit Card,Same Day
ORD-10599,2024-01-04,CUST-1369,Zara Banerjee,Corporate,Guwahati,Assam,East,Office Supplies,Pens & Stationery,Parker Classic Gold,4,50.92,0.28,146.65,80.45,UPI,Standard
ORD-11198,2024-01-05,CUST-1186,Gaurav Shah,Corporate,Chennai,Tamil Nadu,South,Food & Beverages,Dry Fruits & Nuts,True Elements Trail Mix,2,1088.77,0.13,1894.46,478.63,Debit Card,Express
ORD-11370,2024-01-06,CUST-1040,Shreya Malhotra,Consumer,Hyderabad,Telangana,South,Office Supplies,Ink & Toner,Brother BT-D60BK,3,2722.88,0.0,8168.64,1763.93,UPI,Express
ORD-10395,2024-01-06,CUST-1210,Uma Kumar,Corporate,Bangalore,Karnataka,South,Office Supplies,Ink & Toner,HP 802 Black Cartridge,4,1410.89,0.18,4627.72,460.26,Credit Card,Same Day
ORD-11141,2024-01-06,CUST-1147,Mohit Sharma,Corporate,Bangalore,Karnataka,South,Clothing,Jeans,Levi's 511 Slim,2,1828.82,0.08,3365.03,958.16,UPI,Standard
ORD-12291,2024-01-06,CUST-1188,Ananya Reddy,Corporate,Chennai,Tamil Nadu,South,Food & Beverages,Snacks & Chips,Bingo Mad Angles,3,262.5,0.08,724.5,166.23,Cash,Express
ORD-11134,2024-01-06,CUST-1196,Isha Sharma,Consumer,Pune,Maharashtra,West,Electronics,Smartwatches,Samsung Galaxy Watch 5,3,5096.92,0.05,14526.22,1690.06,Cash,Standard
ORD-12349,2024-01-06,CUST-1424,Rohit Agarwal,Corporate,Gurugram,Haryana,North,Food & Beverages,Beverages,Paper Boat Aamras,4,219.26,0.03,850.73,194.25,Credit Card,Express
ORD-12052,2024-01-06,CUST-1249,Pooja Chopra,Home Office,Hyderabad,Telangana,South,Office Supplies,Printers,HP LaserJet M1005,6,14761.97,0.0,88571.82,6834.35,UPI,Express
ORD-10163,2024-01-06,CUST-1124,Harsh Pillai,Corporate,Delhi,Delhi,North,Furniture,Bookshelves,DeckUp Meritus,1,3666.5,0.03,3556.5,839.17,Credit Card,Standard
ORD-10714,2024-01-07,CUST-1344,Pooja Saxena,Corporate,Ahmedabad,Gujarat,West,Clothing,Jeans,Flying Machine Tapered,3,2094.01,0.13,5465.37,1164.57,Credit Card,Express
ORD-11894,2024-01-07,CUST-1149,Tushar Banerjee,Home Office,Mumbai,Maharashtra,West,Electronics,Tablets,Apple iPad 10th Gen,2,11592.06,0.1,20865.71,1602.06,Cash,Express
ORD-11814,2024-01-08,CUST-1531,Kriti Nair,Consumer,Mumbai,Maharashtra,West,Office Supplies,Ink & Toner,Canon PG-745 Black,8,5999.0,0.25,35994.0,8632.76,UPI,Standard
ORD-10541,2024-01-08,CUST-1407,Sanjay Tiwari,Consumer,Guwahati,Assam,East,Clothing,Ethnic Wear,Soch Silk Saree,2,1152.76,0.15,1959.69,640.83,UPI,Standard
ORD-10253,2024-01-08,CUST-1070,Chirag Patel,Corporate,Pune,Maharashtra,West,Furniture,Bookshelves,Nilkamal Freedom Mini,2,10967.04,0.03,21276.06,5006.0,Cash,Standard
ORD-10581,2024-01-08,CUST-1575,Lavanya Das,Consumer,Bhubaneswar,Odisha,East,Clothing,Jackets,Campus Sutra Denim,5,7244.95,0.15,30791.04,6689.79,Credit Card,Standard
ORD-11698,2024-01-08,CUST-1366,Vikram Pandey,Consumer,Surat,Gujarat,West,Clothing,T-Shirts,Allen Solly Polo,1,1327.79,0.1,1195.01,393.33,Credit Card,Same Day
ORD-10640,2024-01-08,CUST-1375,Ananya Kulkarni,Consumer,Noida,Uttar Pradesh,North,Office Supplies,Ink & Toner,Brother BT-D60BK,4,499.0,0.0,1996.0,642.58,UPI,Standard
ORD-12384,2024-01-08,CUST-1279,Amit Yadav,Consumer,Kolkata,West Bengal,East,Food & Beverages,Health Supplements,Dabur Chyawanprash 1kg,1,641.01,0.15,544.86,128.94,UPI,Standard
ORD-11384,2024-01-09,CUST-1374,Rahul Gupta,Consumer,Noida,Uttar Pradesh,North,Office Supplies,Paper & Notebooks,Navneet Long Book,5,243.55,0.05,1156.86,524.7,Net Banking,Standard
ORD-12115,2024-01-09,CUST-1145,Amit Banerjee,Consumer,Chennai,Tamil Nadu,South,Electronics,Laptops,ASUS VivoBook 15,1,33300.39,0.05,31635.37,4235.07,Debit Card,Standard
ORD-10967,2024-01-11,CUST-1110,Isha Verma,Consumer,Mumbai,Maharashtra,West,Clothing,T-Shirts,Allen Solly Polo,1,862.25,0.15,732.91,181.13,Debit Card,Standard
ORD-11797,2024-01-11,CUST-1537,Ayesha Reddy,Consumer,Kolkata,West Bengal,East,Clothing,T-Shirts,H&M Basic Tee,1,904.83,0.05,859.59,332.95,Credit Card,Express
ORD-10370,2024-01-11,CUST-1165,Priya Deshmukh,Consumer,Bhubaneswar,Odisha,East,Clothing,Ethnic Wear,Manyavar Kurta Set,1,2175.5,0.0,2175.5,503.42,UPI,Same Day
ORD-11055,2024-01-12,CUST-1332,Kavya Banerjee,Consumer,Patna,Bihar,East,Furniture,Office Chairs,Featherlite Optima,1,5378.88,0.25,4034.16,314.56,Credit Card,Economy
ORD-11229,2024-01-12,CUST-1144,Shreya Iyer,Home Office,Mumbai,Maharashtra,West,Office Supplies,Paper & Notebooks,Classmate Notebook 200pg,2,182.45,0.0,364.9,156.7,Credit Card,Express
ORD-12262,2024-01-12,CUST-1426,Zara Nair,Consumer,Lucknow,Uttar Pradesh,North,Food & Beverages,Dry Fruits & Nuts,Farmley Premium Walnuts,8,1764.47,0.0,14115.76,3068.74,Credit Card,Same Day
ORD-12070,2024-01-12,CUST-1328,Sanjay Pandey,Consumer,Pune,Maharashtra,West,Food & Beverages,Snacks & Chips,Kurkure Masala Munch,2,52.33,0.1,94.19,20.58,Cash,Express
ORD-11588,2024-01-12,CUST-1199,Uma Deshmukh,Consumer,Bangalore,Karnataka,South,Clothing,Ethnic Wear,Biba Anarkali Suit,1,3187.31,0.0,3187.31,1402.43,Credit Card,Express
ORD-10278,2024-01-13,CUST-1094,Tushar Singh,Consumer,Chandigarh,Punjab,North,Food & Beverages,Snacks & Chips,Haldiram's Aloo Bhujia,1,172.45,0.25,129.34,11.01,Credit Card,Same Day
ORD-12310,2024-01-14,CUST-1170,Kunal Iyer,Home Office,Bangalore,Karnataka,South,Office Supplies,Ink & Toner,Epson T664 Refill Bottle,6,2635.19,0.05,15020.58,4881.88,Credit Card,Standard
ORD-12253,2024-01-15,CUST-1288,Gaurav Iyer,Home Office,Hyderabad,Telangana,South,Food & Beverages,Dry Fruits & Nuts,Farmley Premium Walnuts,4,414.98,0.05,1576.92,347.86,UPI,Standard
ORD-11620,2024-01-15,CUST-1406,Aditya Nair,Consumer,Mumbai,Maharashtra,West,Office Supplies,Printers,Canon Pixma G3060,2,6559.83,0.0,13119.66,1832.28,Net Banking,Standard
ORD-11366,2024-01-15,CUST-1108,Priya Joshi,Consumer,Chennai,Tamil Nadu,South,Clothing,Jackets,HRX Active Jacket,1,2852.73,0.05,2710.09,1016.84,UPI,Economy
ORD-10633,2024-01-15,CUST-1430,Manish Sharma,Consumer,Lucknow,Uttar Pradesh,North,Clothing,T-Shirts,Dennis Lingo Slim Fit,1,593.19,0.1,533.87,224.62,Credit Card,Standard
ORD-11256,2024-01-15,CUST-1236,Aditya Pandey,Consumer,Pune,Maharashtra,West,Clothing,Formal Shirts,Van Heusen Slim Fit,3,599.0,0.2,1437.6,510.64,UPI,Express
ORD-10602,2024-01-15,CUST-1235,Nisha Chatterjee,Home Office,Ahmedabad,Gujarat,West,Clothing,Ethnic Wear,Soch Silk Saree,1,1734.17,0.05,1647.46,382.57,UPI,Express
ORD-11163,2024-01-16,CUST-1393,Amit Saxena,Consumer,Mumbai,Maharashtra,West,Clothing,Jackets,Wildcraft Windbreaker,1,2192.91,0.2,1754.33,583.13,Credit Card,Express
ORD-11106,2024-01-16,CUST-1359,Nisha Banerjee,Consumer,Pune,Maharashtra,West,Clothing,Ethnic Wear,Manyavar Kurta Set,1,1002.05,0.1,901.84,217.78,UPI,Standard
ORD-10015,2024-01-16,CUST-1057,Mohit Menon,Home Office,Jaipur,Rajasthan,North,Office Supplies,Printers,Canon Pixma G3060,1,12578.42,0.05,11949.5,1504.71,Credit Card,Express
ORD-10323,2024-01-16,CUST-1263,Ayesha Kulkarni,Consumer,Delhi,Delhi,North,Food & Beverages,Snacks & Chips,Bingo Mad Angles,6,43.32,0.2,207.94,35.63,Cash,Standard
ORD-10540,2024-01-17,CUST-1067,Neha Verma,Corporate,Jaipur,Rajasthan,North,Clothing,T-Shirts,Allen Solly Polo,1,621.86,0.03,603.2,291.98,UPI,Express
ORD-11831,2024-01-17,CUST-1496,Nikhil Gupta,Consumer,Chennai,Tamil Nadu,South,Office Supplies,Pens & Stationery,Cello Pinpoint Blue,5,172.46,0.05,819.18,479.94,Cash,Economy
ORD-11402,2024-01-17,CUST-1137,Dev Iyer,Home Office,Kochi,Kerala,South,Clothing,Ethnic Wear,W Palazzo Set,4,1788.92,0.05,6797.9,2641.37,Credit Card,Same Day
ORD-10164,2024-01-17,CUST-1452,Rishi Mehta,Corporate,Delhi,Delhi,North,Electronics,Laptops,Acer Aspire 5,4,26376.84,0.03,102342.14,12995.31,Credit Card,Express
ORD-10925,2024-01-17,CUST-1132,Meera Mishra,Consumer,Ahmedabad,Gujarat,West,Furniture,Dining Tables,Godrej Interio Neo,1,10911.0,0.0,10911.0,1151.24,UPI,Standard
ORD-10834,2024-01-17,CUST-1257,Rishi Sharma,Consumer,Guwahati,Assam,East,Office Supplies,Storage & Organizers,Milton Modular Box,2,1137.31,0.15,1933.43,544.91,Cash,Standard
ORD-11906,2024-01-18,CUST-1180,Manish Kulkarni,Consumer,Lucknow,Uttar Pradesh,North,Clothing,Jackets,Campus Sutra Denim,2,4959.2,0.1,8926.56,1560.67,UPI,Express
ORD-11581,2024-01-18,CUST-1318,Nandini Pandey,Corporate,Ahmedabad,Gujarat,West,Electronics,Smartphones,OnePlus Nord CE3,2,29609.79,0.18,48560.06,2117.64,Net Banking,Express
ORD-10842,2024-01-18,CUST-1509,Tushar Kulkarni,Corporate,Bangalore,Karnataka,South,Furniture,Dining Tables,Home Centre Montoya,3,35781.69,0.13,93390.21,14895.17,UPI,Economy
ORD-10605,2024-01-18,CUST-1567,Rishi Yadav,Home Office,Mumbai,Maharashtra,West,Clothing,Jackets,Wildcraft Windbreaker,1,3521.85,0.0,3521.85,957.78,Net Banking,Express
ORD-11374,2024-01-18,CUST-1369,Zara Banerjee,Corporate,Guwahati,Assam,East,Electronics,Chargers & Cables,Amazon Basics USB-C Cable,4,571.5,0.13,1988.82,602.46,Debit Card,Standard
ORD-11406,2024-01-18,CUST-1295,Vivek Gupta,Consumer,Nagpur,Maharashtra,West,Office Supplies,Printers,Canon Pixma G3060,6,10500.76,0.0,63004.56,8597.23,UPI,Standard
ORD-11509,2024-01-19,CUST-1567,Rishi Yadav,Home Office,Mumbai,Maharashtra,West,Food & Beverages,Health Supplements,MuscleBlaze Whey Protein,2,535.11,0.0,1070.22,336.01,Credit Card,Standard
ORD-10973,2024-01-20,CUST-1505,Zara Joshi,Corporate,Bangalore,Karnataka,South,Clothing,Ethnic Wear,Manyavar Kurta Set,2,2812.33,0.03,5455.92,2375.68,Cash,Express
ORD-12422,2024-01-20,CUST-1311,Dev Nair,Consumer,Chennai,Tamil Nadu,South,Office Supplies,Paper & Notebooks,JK Copier A4 Paper Ream,6,421.27,0.0,2527.62,1475.61,UPI,Standard
ORD-12354,2024-01-20,CUST-1304,Aarav Shah,Consumer,Noida,Uttar Pradesh,North,Clothing,Formal Shirts,Arrow Regular Fit,2,3692.38,0.05,7015.52,2083.82,UPI,Standard
ORD-12061,2024-01-20,CUST-1545,Dev Patel,Consumer,Noida,Uttar Pradesh,North,Furniture,Beds,Pepperfry Trundle Bed,1,39485.35,0.05,37511.08,5452.54,UPI,Express
ORD-11268,2024-01-20,CUST-1301,Uma Bhat,Consumer,Pune,Maharashtra,West,Office Supplies,Pens & Stationery,Faber-Castell Kit,4,194.7,0.05,739.86,345.03,Credit Card,Express
ORD-11433,2024-01-20,CUST-1221,Aarav Deshmukh,Corporate,Mumbai,Maharashtra,West,Food & Beverages,Tea & Coffee,Organic India Tulsi Green,4,986.23,0.03,3826.57,1177.3,Debit Card,Economy
ORD-12487,2024-01-20,CUST-1288,Gaurav Iyer,Home Office,Hyderabad,Telangana,South,Office Supplies,Pens & Stationery,Cello Pinpoint Blue,6,92.2,0.0,553.2,358.33,UPI,Standard
ORD-10623,2024-01-21,CUST-1117,Simran Mehta,Consumer,Delhi,Delhi,North,Electronics,Smartwatches,boAt Storm Call,3,1999.0,0.1,5397.3,1288.03,Credit Card,Express
ORD-12078,2024-01-21,CUST-1554,Manish Mishra,Corporate,Delhi,Delhi,North,Furniture,Office Chairs,HOF Ito Mesh Chair,1,8908.83,0.08,8196.12,1106.92,Net Banking,Standard
ORD-11615,2024-01-21,CUST-1155,Zara Rao,Home Office,Chennai,Tamil Nadu,South,Food & Beverages,Dry Fruits & Nuts,Farmley Premium Walnuts,2,1827.51,0.1,3289.52,781.29,Cash,Same Day
ORD-10422,2024-01-21,CUST-1256,Tanvi Chatterjee,Home Office,Visakhapatnam,Andhra Pradesh,South,Clothing,T-Shirts,U.S. Polo Assn. Crew,2,708.85,0.05,1346.82,430.25,Credit Card,Standard
ORD-11155,2024-01-21,CUST-1252,Neha Bhat,Consumer,Lucknow,Uttar Pradesh,North,Office Supplies,Ink & Toner,Brother BT-D60BK,3,850.67,0.05,2424.41,512.12,Debit Card,Same Day
ORD-12010,2024-01-22,CUST-1296,Ayesha Pandey,Corporate,Surat,Gujarat,West,Office Supplies,Printers,Canon Pixma G3060,4,29999.0,0.13,104396.52,10964.64,Credit Card,Standard
ORD-12156,2024-01-22,CUST-1487,Chirag Kapoor,Consumer,Pune,Maharashtra,West,Electronics,Smartwatches,Apple Watch SE,1,13761.21,0.1,12385.09,2619.72,Cash,Express
ORD-11454,2024-01-23,CUST-1374,Rahul Gupta,Consumer,Noida,Uttar Pradesh,North,Electronics,Smartwatches,Apple Watch SE,1,13405.18,0.15,11394.4,2068.41,UPI,Standard
ORD-11767,2024-01-23,CUST-1338,Ananya Menon,Consumer,Mumbai,Maharashtra,West,Office Supplies,Paper & Notebooks,Navneet Long Book,3,280.2,0.1,756.54,324.94,Cash,Express
ORD-10286,2024-01-24,CUST-1157,Sanjay Reddy,Consumer,Pune,Maharashtra,West,Food & Beverages,Health Supplements,MuscleBlaze Whey Protein,1,833.77,0.0,833.77,167.82,Cash,Standard
ORD-10589,2024-01-24,CUST-1117,Simran Mehta,Consumer,Delhi,Delhi,North,Food & Beverages,Dry Fruits & Nuts,True Elements Trail Mix,3,1452.64,0.0,4357.92,603.02,Debit Card,Same Day
ORD-10697,2024-01-25,CUST-1549,Isha Patil,Home Office,Lucknow,Uttar Pradesh,North,Clothing,Jeans,Lee Cooper Skinny,3,1651.35,0.2,3963.24,875.49,Cash,Standard
ORD-10073,2024-01-25,CUST-1597,Kunal Das,Consumer,Pune,Maharashtra,West,Office Supplies,Paper & Notebooks,Sundaram A4 Ruled,3,146.84,0.1,396.47,209.81,Credit Card,Same Day
ORD-11812,2024-01-26,CUST-1080,Rishi Sharma,Consumer,Delhi,Delhi,North,Clothing,Formal Shirts,Louis Philippe Checked,2,1755.96,0.05,3336.32,819.3,UPI,Standard
ORD-11069,2024-01-26,CUST-1589,Vivek Reddy,Corporate,Delhi,Delhi,North,Furniture,Dining Tables,Home Centre Montoya,1,16852.49,0.03,16346.92,2336.38,UPI,Express
ORD-12289,2024-01-27,CUST-1261,Pankaj Patel,Consumer,Kolkata,West Bengal,East,Office Supplies,Pens & Stationery,Reynolds Trimax Gel,6,368.48,0.25,1658.16,649.44,UPI,Same Day
ORD-10931,2024-01-27,CUST-1366,Vikram Pandey,Consumer,Surat,Gujarat,West,Food & Beverages,Health Supplements,HealthKart Multivitamin,1,2376.67,0.25,1782.5,233.06,UPI,Standard
ORD-12054,2024-01-27,CUST-1540,Neha Saxena,Consumer,Ahmedabad,Gujarat,West,Clothing,Jeans,Flying Machine Tapered,3,1409.8,0.15,3594.99,1258.77,Credit Card,Standard
ORD-10993,2024-01-27,CUST-1380,Yash Das,Corporate,Bangalore,Karnataka,South,Furniture,Dining Tables,IKEA Ekedalen,1,18038.62,0.03,17497.46,1744.62,Credit Card,Standard
ORD-11176,2024-01-27,CUST-1342,Vivek Yadav,Consumer,Ahmedabad,Gujarat,West,Electronics,Tablets,Samsung Galaxy Tab A8,1,30306.14,0.05,28790.83,3062.3,UPI,Economy
ORD-10977,2024-01-28,CUST-1333,Mohit Chatterjee,Consumer,Gurugram,Haryana,North,Clothing,Formal Shirts,Peter England Classic,1,1937.58,0.25,1453.18,386.22,Credit Card,Same Day
ORD-10332,2024-01-28,CUST-1148,Sakshi Yadav,Corporate,Chennai,Tamil Nadu,South,Office Supplies,Ink & Toner,Epson T664 Refill Bottle,5,1602.75,0.08,7372.65,2252.39,Net Banking,Standard
ORD-11310,2024-01-28,CUST-1183,Diya Yadav,Home Office,Gurugram,Haryana,North,Furniture,Beds,Sleepyhead Original,1,17604.28,0.3,12323.0,692.35,Debit Card,Standard
ORD-10427,2024-01-28,CUST-1380,Yash Das,Corporate,Bangalore,Karnataka,South,Furniture,Dining Tables,Godrej Interio Neo,1,15065.85,0.18,12354.0,1433.94,UPI,Same Day
ORD-10374,2024-01-29,CUST-1511,Amit Tiwari,Corporate,Ranchi,Jharkhand,East,Electronics,Tablets,Realme Pad Mini,3,35476.72,0.13,92594.24,10973.86,Debit Card,Economy
ORD-11098,2024-01-30,CUST-1557,Zara Gupta,Consumer,Bangalore,Karnataka,South,Office Supplies,Printers,HP Smart Tank 580,12,12905.81,0.05,147126.23,17405.0,Debit Card,Express
ORD-10438,2024-01-30,CUST-1573,Sneha Shah,Consumer,Mumbai,Maharashtra,West,Electronics,Laptops,Acer Aspire 5,1,30658.63,0.1,27592.77,828.78,Cash,Standard
ORD-11461,2024-01-30,CUST-1430,Manish Sharma,Consumer,Lucknow,Uttar Pradesh,North,Clothing,Jeans,Lee Cooper Skinny,2,1393.51,0.15,2368.97,632.95,Cash,Same Day
ORD-11481,2024-01-31,CUST-1061,Kunal Sinha,Corporate,Hyderabad,Telangana,South,Food & Beverages,Health Supplements,Dabur Chyawanprash 1kg,2,3644.31,0.03,7069.96,1393.44,UPI,Standard
ORD-11065,2024-01-31,CUST-1119,Rishi Pillai,Corporate,Hyderabad,Telangana,South,Clothing,Ethnic Wear,Biba Anarkali Suit,1,2942.16,0.28,2118.36,507.34,UPI,Same Day
ORD-12340,2024-01-31,CUST-1210,Uma Kumar,Corporate,Bangalore,Karnataka,South,Clothing,Jeans,Levi's 511 Slim,3,4999.0,0.03,14547.09,5174.56,Cash,Express
ORD-11189,2024-02-01,CUST-1473,Amit Mishra,Home Office,Kolkata,West Bengal,East,Furniture,Dining Tables,Urban Ladder Danton 6-Seater,1,8889.94,0.15,7556.45,917.36,UPI,Standard
ORD-12428,2024-02-01,CUST-1554,Manish Mishra,Corporate,Delhi,Delhi,North,Electronics,Tablets,Samsung Galaxy Tab A8,2,18826.76,0.03,36523.91,2953.3,UPI,Express
ORD-10918,2024-02-02,CUST-1406,Aditya Nair,Consumer,Mumbai,Maharashtra,West,Electronics,Chargers & Cables,Portronics Adaptor,1,569.06,0.05,540.61,159.62,Cash,Express
ORD-11390,2024-02-02,CUST-1029,Kunal Das,Corporate,Gurugram,Haryana,North,Electronics,Laptops,ASUS VivoBook 15,1,75619.18,0.03,73350.6,6991.76,UPI,Standard
ORD-12399,2024-02-02,CUST-1424,Rohit Agarwal,Corporate,Gurugram,Haryana,North,Clothing,Formal Shirts,Louis Philippe Checked,1,888.75,0.13,773.21,249.86,UPI,Express
ORD-11730,2024-02-03,CUST-1009,Amit Singh,Corporate,Delhi,Delhi,North,Clothing,Jackets,Wildcraft Windbreaker,2,5653.53,0.03,10967.85,2686.56,Cash,Standard
ORD-11958,2024-02-03,CUST-1463,Aditya Nair,Home Office,Gurugram,Haryana,North,Office Supplies,Printers,Canon Pixma G3060,4,9695.55,0.15,32964.87,2875.82,Cash,Standard
ORD-10818,2024-02-03,CUST-1481,Rahul Shah,Consumer,Kolkata,West Bengal,East,Food & Beverages,Beverages,Coca-Cola 2L,1,87.77,0.15,74.6,13.63,UPI,Standard
ORD-11740,2024-02-03,CUST-1479,Yash Mishra,Home Office,Bangalore,Karnataka,South,Food & Beverages,Dry Fruits & Nuts,Amazon Basics Mixed Nuts,3,391.79,0.15,999.06,164.75,Debit Card,Express
ORD-10183,2024-02-04,CUST-1451,Mohit Kapoor,Consumer,Kolkata,West Bengal,East,Clothing,Formal Shirts,Louis Philippe Checked,1,2343.6,0.1,2109.24,705.98,UPI,Standard
ORD-11248,2024-02-04,CUST-1467,Uma Chopra,Consumer,Bangalore,Karnataka,South,Electronics,Headphones,JBL Tune 510BT,1,4617.97,0.0,4617.97,961.19,Credit Card,Standard
ORD-10342,2024-02-04,CUST-1221,Aarav Deshmukh,Corporate,Mumbai,Maharashtra,West,Clothing,Formal Shirts,Peter England Classic,1,1242.59,0.13,1081.05,288.08,UPI,Standard
ORD-10556,2024-02-05,CUST-1027,Rishi Malhotra,Consumer,Lucknow,Uttar Pradesh,North,Clothing,Ethnic Wear,FabIndia Cotton Kurta,3,2714.03,0.0,8142.09,2225.14,UPI,Standard
ORD-10486,2024-02-05,CUST-1317,Meera Yadav,Corporate,Ahmedabad,Gujarat,West,Electronics,Smartwatches,boAt Storm Call,3,11070.6,0.03,32215.45,8041.89,UPI,Economy
ORD-11505,2024-02-05,CUST-1558,Gaurav Kapoor,Consumer,Bangalore,Karnataka,South,Office Supplies,Pens & Stationery,Reynolds Trimax Gel,3,118.82,0.0,356.46,210.0,Net Banking,Standard
ORD-11275,2024-02-06,CUST-1017,Kriti Kapoor,Home Office,Mumbai,Maharashtra,West,Food & Beverages,Snacks & Chips,Haldiram's Aloo Bhujia,1,28.85,0.3,20.2,2.34,Net Banking,Economy
ORD-10236,2024-02-06,CUST-1272,Varun Rao,Corporate,Mumbai,Maharashtra,West,Clothing,T-Shirts,H&M Basic Tee,1,566.54,0.28,407.91,87.1,Cash,Express
ORD-11722,2024-02-06,CUST-1565,Priya Patil,Corporate,Jaipur,Rajasthan,North,Furniture,Bookshelves,DeckUp Meritus,2,15020.19,0.03,29139.17,4588.88,Debit Card,Standard
ORD-11652,2024-02-07,CUST-1147,Mohit Sharma,Corporate,Bangalore,Karnataka,South,Electronics,Chargers & Cables,Portronics Adaptor,3,1642.39,0.08,4533.0,2064.29,UPI,Express
ORD-10954,2024-02-07,CUST-1530,Varun Chatterjee,Corporate,Noida,Uttar Pradesh,North,Electronics,Smartwatches,Noise ColorFit Pro 4,1,2545.09,0.08,2341.48,319.1,Credit Card,Same Day
ORD-12064,2024-02-07,CUST-1285,Chirag Iyer,Consumer,Delhi,Delhi,North,Clothing,T-Shirts,Levi's Graphic Tee,2,573.51,0.05,1089.67,352.41,Debit Card,Express
ORD-11625,2024-02-08,CUST-1160,Sneha Rao,Consumer,Visakhapatnam,Andhra Pradesh,South,Electronics,Smartwatches,Samsung Galaxy Watch 5,2,13398.0,0.2,21436.8,2242.46,Debit Card,Express
ORD-11728,2024-02-08,CUST-1228,Tushar Menon,Consumer,Gurugram,Haryana,North,Clothing,Jeans,Flying Machine Tapered,1,2856.25,0.0,2856.25,954.09,Credit Card,Standard
ORD-12304,2024-02-08,CUST-1567,Rishi Yadav,Home Office,Mumbai,Maharashtra,West,Electronics,Tablets,Samsung Galaxy Tab A8,1,60185.3,0.15,51157.5,2320.95,Debit Card,Standard
ORD-12092,2024-02-08,CUST-1144,Shreya Iyer,Home Office,Mumbai,Maharashtra,West,Clothing,Formal Shirts,Louis Philippe Checked,2,2468.36,0.1,4443.05,1894.17,Debit Card,Same Day
ORD-11653,2024-02-09,CUST-1574,Varun Tiwari,Corporate,Bangalore,Karnataka,South,Furniture,Beds,Nilkamal Imperial Queen,1,35954.94,0.13,31280.8,2529.69,UPI,Standard
ORD-11489,2024-02-09,CUST-1365,Chirag Singh,Home Office,Coimbatore,Tamil Nadu,South,Clothing,Jackets,Fort Collins Puffer,1,2498.29,0.05,2373.38,737.94,Credit Card,Express
ORD-12300,2024-02-09,CUST-1239,Bhavya Patel,Corporate,Hyderabad,Telangana,South,Food & Beverages,Tea & Coffee,Brooke Bond Red Label,1,153.82,0.18,126.13,21.73,Credit Card,Express
ORD-10685,2024-02-09,CUST-1347,Bhavya Singh,Consumer,Bhubaneswar,Odisha,East,Furniture,Desks,IKEA Bekant Standing Desk,2,18623.23,0.1,33521.81,6328.93,Debit Card,Standard
ORD-10620,2024-02-09,CUST-1131,Vikram Sinha,Consumer,Kolkata,West Bengal,East,Clothing,Jackets,Wildcraft Windbreaker,1,3716.8,0.05,3530.96,1118.53,Cash,Standard
ORD-12019,2024-02-10,CUST-1054,Amit Agarwal,Consumer,Delhi,Delhi,North,Clothing,Jeans,Wrangler Bootcut,2,1920.22,0.0,3840.44,1389.86,Credit Card,Standard
ORD-12308,2024-02-10,CUST-1583,Dev Bhat,Consumer,Pune,Maharashtra,West,Electronics,Smartwatches,Apple Watch SE,2,8528.53,0.0,17057.06,2839.62,Cash,Standard
ORD-11619,2024-02-10,CUST-1258,Vivek Gupta,Consumer,Visakhapatnam,Andhra Pradesh,South,Food & Beverages,Snacks & Chips,Too Yumm Multigrain,3,89.81,0.15,229.02,55.88,Credit Card,Standard
ORD-10130,2024-02-10,CUST-1092,Rajesh Kumar,Consumer,Kolkata,West Bengal,East,Food & Beverages,Beverages,Real Fruit Power Mango,3,117.23,0.15,298.94,114.36,Debit Card,Economy
ORD-11005,2024-02-10,CUST-1205,Nandini Banerjee,Corporate,Jaipur,Rajasthan,North,Clothing,Jeans,Wrangler Bootcut,1,2042.03,0.08,1878.67,401.79,UPI,Standard
ORD-11661,2024-02-11,CUST-1490,Rajesh Das,Home Office,Ahmedabad,Gujarat,West,Food & Beverages,Snacks & Chips,Kurkure Masala Munch,2,28.76,0.05,54.64,17.54,Credit Card,Same Day
ORD-10587,2024-02-11,CUST-1598,Deepika Sharma,Corporate,Coimbatore,Tamil Nadu,South,Furniture,Dining Tables,IKEA Ekedalen,2,17149.1,0.03,33269.25,6319.88,UPI,Economy
ORD-11862,2024-02-12,CUST-1380,Yash Das,Corporate,Bangalore,Karnataka,South,Food & Beverages,Health Supplements,Ensure Nutritional Drink,10,1567.6,0.23,12070.52,3154.71,UPI,Standard
ORD-12229,2024-02-13,CUST-1457,Simran Iyer,Consumer,Bangalore,Karnataka,South,Clothing,Ethnic Wear,Biba Anarkali Suit,3,3190.3,0.0,9570.9,3035.8,Debit Card,Express
ORD-10100,2024-02-13,CUST-1270,Varun Pandey,Consumer,Noida,Uttar Pradesh,North,Office Supplies,Pens & Stationery,Cello Pinpoint Blue,4,145.13,0.15,493.44,180.7,Debit Card,Same Day
ORD-12284,2024-02-14,CUST-1074,Aditya Patil,Corporate,Kochi,Kerala,South,Food & Beverages,Health Supplements,MuscleBlaze Whey Protein,4,1681.46,0.13,5851.48,1669.32,UPI,Express
ORD-10810,2024-02-14,CUST-1022,Chirag Nair,Corporate,Delhi,Delhi,North,Clothing,T-Shirts,Allen Solly Polo,2,1680.51,0.23,2587.99,1031.38,Debit Card,Standard
ORD-11319,2024-02-14,CUST-1112,Uma Gupta,Corporate,Patna,Bihar,East,Clothing,Jackets,Wildcraft Windbreaker,1,8623.41,0.28,6208.86,747.31,UPI,Standard
ORD-10411,2024-02-14,CUST-1550,Kunal Agarwal,Consumer,Jaipur,Rajasthan,North,Clothing,Formal Shirts,Arrow Regular Fit,2,793.73,0.0,1587.46,584.23,Credit Card,Same Day
ORD-11411,2024-02-15,CUST-1437,Aarav Reddy,Corporate,Hyderabad,Telangana,South,Food & Beverages,Tea & Coffee,Bru Instant Coffee,2,318.44,0.03,617.77,141.31,Credit Card,Standard
ORD-11985,2024-02-15,CUST-1538,Manish Gupta,Consumer,Noida,Uttar Pradesh,North,Food & Beverages,Dry Fruits & Nuts,Nutraj Cashews 250g,1,873.16,0.1,785.84,126.99,Debit Card,Standard
ORD-10498,2024-02-15,CUST-1467,Uma Chopra,Consumer,Bangalore,Karnataka,South,Clothing,Ethnic Wear,W Palazzo Set,3,9020.22,0.1,24354.59,5531.08,UPI,Standard
ORD-10593,2024-02-16,CUST-1153,Vikram Sharma,Corporate,Pune,Maharashtra,West,Clothing,Ethnic Wear,Soch Silk Saree,2,4011.85,0.08,7381.8,1665.28,Net Banking,Express
ORD-11693,2024-02-16,CUST-1582,Diya Das,Consumer,Pune,Maharashtra,West,Food & Beverages,Tea & Coffee,Bru Instant Coffee,5,260.28,0.05,1236.33,404.41,Cash,Economy
ORD-11769,2024-02-16,CUST-1436,Sneha Verma,Home Office,Mumbai,Maharashtra,West,Electronics,Headphones,boAt Rockerz 450,1,9520.73,0.05,9044.69,2491.77,Debit Card,Express
ORD-10241,2024-02-17,CUST-1168,Bhavya Patil,Corporate,Ranchi,Jharkhand,East,Furniture,Bookshelves,DeckUp Meritus,1,8799.73,0.23,6775.79,420.41,UPI,Standard
ORD-10852,2024-02-18,CUST-1378,Ishaan Gupta,Corporate,Pune,Maharashtra,West,Clothing,Jackets,Fort Collins Puffer,2,3173.77,0.13,5522.36,799.49,Cash,Same Day
ORD-10510,2024-02-18,CUST-1060,Aditi Sharma,Consumer,Nagpur,Maharashtra,West,Electronics,Laptops,HP Pavilion 15,2,134974.73,0.15,229457.04,6199.67,UPI,Express
ORD-11465,2024-02-18,CUST-1055,Sanjay Patel,Corporate,Hyderabad,Telangana,South,Clothing,Jeans,Flying Machine Tapered,2,1575.38,0.08,2898.7,641.93,Debit Card,Same Day
ORD-10984,2024-02-19,CUST-1004,Varun Kumar,Consumer,Ranchi,Jharkhand,East,Office Supplies,Storage & Organizers,Amazon Basics Desk Organizer,6,2640.07,0.0,15840.42,6117.66,Credit Card,Express
ORD-10337,2024-02-19,CUST-1103,Mohit Sinha,Corporate,Ahmedabad,Gujarat,West,Office Supplies,Paper & Notebooks,Luxor Exercise Book,3,226.99,0.03,660.54,275.05,Cash,Same Day
ORD-10709,2024-02-19,CUST-1428,Mohit Iyer,Home Office,Bangalore,Karnataka,South,Food & Beverages,Health Supplements,MuscleBlaze Whey Protein,3,670.64,0.05,1911.32,433.89,UPI,Standard
ORD-11547,2024-02-19,CUST-1125,Mohit Sinha,Consumer,Patna,Bihar,East,Furniture,Dining Tables,Godrej Interio Neo,3,22884.42,0.05,65220.6,7965.47,Credit Card,Express
ORD-11313,2024-02-20,CUST-1150,Priya Rao,Corporate,Ranchi,Jharkhand,East,Office Supplies,Storage & Organizers,Milton Modular Box,2,2072.46,0.13,3606.08,1259.82,Debit Card,Economy
ORD-11448,2024-02-20,CUST-1549,Isha Patil,Home Office,Lucknow,Uttar Pradesh,North,Clothing,T-Shirts,U.S. Polo Assn. Crew,5,1045.06,0.15,4441.5,1519.87,UPI,Economy
ORD-10289,2024-02-20,CUST-1213,Vikram Yadav,Home Office,Mumbai,Maharashtra,West,Office Supplies,Pens & Stationery,Parker Classic Gold,1,75.34,0.05,71.57,28.7,UPI,Same Day
ORD-10980,2024-02-20,CUST-1120,Diya Deshmukh,Consumer,Bangalore,Karnataka,South,Electronics,Tablets,Realme Pad Mini,1,24948.36,0.15,21206.11,2152.02,UPI,Standard
ORD-11157,2024-02-20,CUST-1006,Sakshi Pillai,Corporate,Hyderabad,Telangana,South,Clothing,Ethnic Wear,Soch Silk Saree,1,2399.77,0.13,2087.8,765.57,Net Banking,Standard
ORD-11121,2024-02-21,CUST-1554,Manish Mishra,Corporate,Delhi,Delhi,North,Food & Beverages,Health Supplements,Revital H Capsules,8,2019.87,0.28,11634.45,2343.7,UPI,Same Day
ORD-11044,2024-02-21,CUST-1488,Rajesh Yadav,Home Office,Kolkata,West Bengal,East,Electronics,Smartwatches,Noise ColorFit Pro 4,2,4140.03,0.1,7452.05,1046.57,Credit Card,Standard
ORD-12388,2024-02-21,CUST-1387,Pooja Kumar,Corporate,Chennai,Tamil Nadu,South,Furniture,Office Chairs,HOF Ito Mesh Chair,2,14848.76,0.03,28806.59,2799.78,Debit Card,Standard
ORD-12167,2024-02-21,CUST-1558,Gaurav Kapoor,Consumer,Bangalore,Karnataka,South,Electronics,Tablets,Lenovo Tab M10,1,27911.56,0.1,25120.4,1445.79,Debit Card,Express
ORD-12239,2024-02-21,CUST-1552,Chirag Singh,Consumer,Bhubaneswar,Odisha,East,Food & Beverages,Beverages,Coca-Cola 2L,4,324.21,0.2,1037.47,251.5,Credit Card,Express
ORD-12069,2024-02-21,CUST-1529,Neha Banerjee,Consumer,Coimbatore,Tamil Nadu,South,Clothing,Jackets,Red Tape Bomber,3,3818.4,0.0,11455.2,2402.05,UPI,Express
ORD-11456,2024-02-22,CUST-1493,Rajesh Reddy,Corporate,Pune,Maharashtra,West,Furniture,Bookshelves,Spacewood Engineered Wood,1,8142.58,0.18,6676.92,1181.44,UPI,Standard
ORD-12299,2024-02-23,CUST-1234,Rajesh Bhat,Corporate,Chennai,Tamil Nadu,South,Clothing,Formal Shirts,Van Heusen Slim Fit,3,1542.6,0.08,4257.58,1196.19,UPI,Standard
ORD-11010,2024-02-23,CUST-1419,Zara Shah,Consumer,Mumbai,Maharashtra,West,Clothing,T-Shirts,H&M Basic Tee,2,940.71,0.15,1599.21,363.7,Debit Card,Express
ORD-11868,2024-02-23,CUST-1501,Sakshi Verma,Consumer,Pune,Maharashtra,West,Electronics,Smartphones,Vivo T2x,4,9117.88,0.0,36471.52,4972.64,Net Banking,Standard
ORD-10406,2024-02-23,CUST-1084,Aditi Deshmukh,Corporate,Lucknow,Uttar Pradesh,North,Clothing,Jeans,Pepe Jeans Slim,1,1084.19,0.18,889.04,188.83,Cash,Standard
ORD-11573,2024-02-24,CUST-1219,Arjun Kumar,Home Office,Lucknow,Uttar Pradesh,North,Office Supplies,Printers,HP Smart Tank 580,12,20089.95,0.05,229025.43,22646.21,Cash,Standard
ORD-10472,2024-02-24,CUST-1414,Meera Gupta,Corporate,Noida,Uttar Pradesh,North,Furniture,Dining Tables,Godrej Interio Neo,1,22590.28,0.13,19653.54,2509.03,Debit Card,Express
ORD-10567,2024-02-24,CUST-1239,Bhavya Patel,Corporate,Hyderabad,Telangana,South,Clothing,Ethnic Wear,FabIndia Cotton Kurta,2,3786.73,0.08,6967.58,2156.9,Cash,Express
ORD-11823,2024-02-25,CUST-1418,Vivek Gupta,Corporate,Coimbatore,Tamil Nadu,South,Furniture,Desks,Nilkamal Aries Workstation,1,13638.8,0.18,11183.82,547.5,Cash,Standard
ORD-12190,2024-02-25,CUST-1442,Pooja Patil,Consumer,Gurugram,Haryana,North,Clothing,Jackets,Fort Collins Puffer,1,4101.46,0.0,4101.46,1593.65,Debit Card,Express
ORD-12345,2024-02-26,CUST-1072,Vivek Malhotra,Home Office,Hyderabad,Telangana,South,Clothing,T-Shirts,Levi's Graphic Tee,1,1906.88,0.2,1525.5,436.25,UPI,Express
ORD-11638,2024-02-26,CUST-1017,Kriti Kapoor,Home Office,Mumbai,Maharashtra,West,Food & Beverages,Dry Fruits & Nuts,Amazon Basics Mixed Nuts,3,887.95,0.2,2131.08,213.1,UPI,Same Day
ORD-10368,2024-02-26,CUST-1061,Kunal Sinha,Corporate,Hyderabad,Telangana,South,Office Supplies,Ink & Toner,Canon PG-745 Black,5,5586.41,0.13,24300.88,3380.29,Credit Card,Express
ORD-10865,2024-02-26,CUST-1188,Ananya Reddy,Corporate,Chennai,Tamil Nadu,South,Office Supplies,Pens & Stationery,Pilot V5 Hi-Tecpoint,3,96.12,0.03,279.71,156.63,Cash,Economy
ORD-10379,2024-02-27,CUST-1592,Aditi Saxena,Corporate,Mumbai,Maharashtra,West,Office Supplies,Storage & Organizers,Milton Modular Box,1,890.14,0.08,818.93,284.72,UPI,Standard
ORD-11423,2024-02-27,CUST-1043,Manish Kulkarni,Consumer,Kolkata,West Bengal,East,Food & Beverages,Tea & Coffee,Nescafe Classic 200g,3,101.19,0.0,303.57,113.63,Credit Card,Express
ORD-12401,2024-02-27,CUST-1273,Kriti Shah,Consumer,Kolkata,West Bengal,East,Clothing,T-Shirts,Allen Solly Polo,1,1059.62,0.05,1006.64,438.48,Credit Card,Economy
ORD-11871,2024-02-27,CUST-1537,Ayesha Reddy,Consumer,Kolkata,West Bengal,East,Food & Beverages,Beverages,Sting Energy Drink,10,270.63,0.1,2435.67,1012.54,Credit Card,Standard
ORD-10095,2024-02-29,CUST-1203,Kunal Patil,Consumer,Bangalore,Karnataka,South,Electronics,Headphones,JBL Tune 510BT,2,3810.08,0.15,6477.14,1497.13,Credit Card,Express
ORD-12250,2024-02-29,CUST-1540,Neha Saxena,Consumer,Ahmedabad,Gujarat,West,Office Supplies,Pens & Stationery,Pilot V5 Hi-Tecpoint,1,123.1,0.15,104.64,40.01,Debit Card,Express
ORD-12352,2024-02-29,CUST-1359,Nisha Banerjee,Consumer,Pune,Maharashtra,West,Office Supplies,Paper & Notebooks,Navneet Long Book,6,172.21,0.15,878.27,447.83,Net Banking,Same Day
ORD-10327,2024-02-29,CUST-1445,Tushar Kulkarni,Consumer,Bangalore,Karnataka,South,Electronics,Chargers & Cables,Belkin BoostCharge,2,689.04,0.1,1240.27,474.88,UPI,Standard
ORD-10308,2024-03-01,CUST-1124,Harsh Pillai,Corporate,Delhi,Delhi,North,Office Supplies,Ink & Toner,Canon PG-745 Black,5,3870.16,0.23,14900.12,1374.43,Debit Card,Same Day
ORD-10972,2024-03-01,CUST-1427,Isha Verma,Corporate,Noida,Uttar Pradesh,North,Office Supplies,Storage & Organizers,Milton Modular Box,2,1058.47,0.03,2053.43,471.37,Debit Card,Standard
ORD-12068,2024-03-01,CUST-1071,Ishaan Kulkarni,Consumer,Bangalore,Karnataka,South,Office Supplies,Pens & Stationery,Parker Classic Gold,12,197.81,0.3,1661.6,765.69,Net Banking,Standard
ORD-11849,2024-03-01,CUST-1508,Kavya Pillai,Home Office,Jaipur,Rajasthan,North,Electronics,Smartwatches,Noise ColorFit Pro 4,2,9624.79,0.05,18287.1,4599.91,Net Banking,Standard
ORD-12337,2024-03-01,CUST-1400,Yash Kapoor,Corporate,Jaipur,Rajasthan,North,Electronics,Chargers & Cables,Anker PowerPort,1,317.28,0.08,291.9,106.87,Net Banking,Express
ORD-11097,2024-03-01,CUST-1213,Vikram Yadav,Home Office,Mumbai,Maharashtra,West,Clothing,Jeans,Levi's 511 Slim,3,1557.74,0.1,4205.9,877.16,Credit Card,Standard
ORD-10371,2024-03-02,CUST-1225,Aditi Agarwal,Consumer,Jaipur,Rajasthan,North,Electronics,Chargers & Cables,Anker PowerPort,1,1216.16,0.25,912.12,369.46,UPI,Express
ORD-11503,2024-03-02,CUST-1278,Zara Menon,Home Office,Hyderabad,Telangana,South,Office Supplies,Ink & Toner,HP 802 Black Cartridge,12,2202.0,0.0,26424.0,7077.2,Debit Card,Standard
ORD-10285,2024-03-03,CUST-1478,Uma Mishra,Consumer,Mumbai,Maharashtra,West,Office Supplies,Storage & Organizers,Cello Novelty Big Drawer,1,1854.1,0.0,1854.1,586.35,Debit Card,Standard
ORD-10425,2024-03-03,CUST-1228,Tushar Menon,Consumer,Gurugram,Haryana,North,Food & Beverages,Beverages,Coca-Cola 2L,10,272.57,0.05,2589.41,1125.25,Net Banking,Standard
ORD-11090,2024-03-04,CUST-1065,Pooja Malhotra,Consumer,Mumbai,Maharashtra,West,Electronics,Smartwatches,Fire-Boltt Phoenix,5,10094.07,0.0,50470.35,8349.15,UPI,Standard
ORD-11059,2024-03-04,CUST-1117,Simran Mehta,Consumer,Delhi,Delhi,North,Clothing,Formal Shirts,Peter England Classic,5,876.63,0.05,4163.99,1834.27,UPI,Same Day
ORD-12419,2024-03-04,CUST-1293,Nandini Chatterjee,Corporate,Lucknow,Uttar Pradesh,North,Food & Beverages,Health Supplements,MuscleBlaze Whey Protein,2,1173.67,0.28,1690.08,410.7,Debit Card,Express
ORD-11677,2024-03-05,CUST-1025,Mohit Deshmukh,Consumer,Kochi,Kerala,South,Food & Beverages,Health Supplements,HealthKart Multivitamin,2,299.0,0.25,448.5,108.77,Debit Card,Standard
ORD-11209,2024-03-05,CUST-1472,Vivek Chatterjee,Corporate,Chennai,Tamil Nadu,South,Furniture,Beds,Nilkamal Imperial Queen,1,41997.65,0.03,40737.72,5855.43,Credit Card,Standard
ORD-11398,2024-03-05,CUST-1465,Lavanya Chatterjee,Home Office,Chennai,Tamil Nadu,South,Food & Beverages,Tea & Coffee,Tata Gold Tea 500g,6,433.07,0.15,2208.66,569.12,UPI,Express
ORD-11850,2024-03-06,CUST-1486,Vikram Mehta,Consumer,Kolkata,West Bengal,East,Clothing,T-Shirts,U.S. Polo Assn. Crew,3,714.04,0.1,1927.91,896.9,Debit Card,Express
ORD-10702,2024-03-07,CUST-1146,Pooja Patil,Corporate,Surat,Gujarat,West,Office Supplies,Ink & Toner,Epson T664 Refill Bottle,1,1947.63,0.23,1499.68,365.79,Credit Card,Standard
ORD-11937,2024-03-07,CUST-1461,Ritika Singh,Corporate,Hyderabad,Telangana,South,Clothing,Jeans,Flying Machine Tapered,1,1921.31,0.13,1671.54,654.23,Credit Card,Express
ORD-12184,2024-03-07,CUST-1064,Gaurav Pillai,Consumer,Nagpur,Maharashtra,West,Office Supplies,Storage & Organizers,Amazon Basics Desk Organizer,3,491.94,0.1,1328.24,387.47,UPI,Standard
ORD-10206,2024-03-07,CUST-1428,Mohit Iyer,Home Office,Bangalore,Karnataka,South,Electronics,Smartphones,Xiaomi Redmi Note 13,2,37867.89,0.1,68162.2,6646.43,Net Banking,Standard
ORD-11197,2024-03-08,CUST-1186,Gaurav Shah,Corporate,Chennai,Tamil Nadu,South,Clothing,Jeans,Flying Machine Tapered,3,4999.0,0.03,14547.09,4348.73,Credit Card,Express
ORD-11137,2024-03-08,CUST-1355,Arjun Chopra,Consumer,Hyderabad,Telangana,South,Furniture,Bookshelves,Amazon Basics Bookcase,2,13525.23,0.2,21640.37,3601.12,UPI,Standard
ORD-11720,2024-03-10,CUST-1311,Dev Nair,Consumer,Chennai,Tamil Nadu,South,Clothing,T-Shirts,Allen Solly Polo,1,1080.21,0.1,972.19,342.84,UPI,Express
ORD-10568,2024-03-10,CUST-1026,Deepika Mehta,Consumer,Mumbai,Maharashtra,West,Electronics,Laptops,Acer Aspire 5,2,62557.05,0.25,93835.58,-992.38,Debit Card,Same Day
ORD-10981,2024-03-10,CUST-1164,Aarav Menon,Home Office,Delhi,Delhi,North,Furniture,Desks,IKEA Bekant Standing Desk,1,15544.95,0.0,15544.95,3135.79,UPI,Same Day
ORD-11649,2024-03-11,CUST-1230,Nisha Sinha,Corporate,Chandigarh,Punjab,North,Office Supplies,Ink & Toner,Epson T664 Refill Bottle,8,1010.49,0.13,7033.01,1665.46,UPI,Standard
ORD-12317,2024-03-11,CUST-1269,Nisha Pillai,Consumer,Bangalore,Karnataka,South,Office Supplies,Paper & Notebooks,Navneet Long Book,1,465.93,0.05,442.63,212.79,UPI,Express
ORD-11580,2024-03-12,CUST-1059,Harsh Joshi,Corporate,Surat,Gujarat,West,Electronics,Chargers & Cables,Anker PowerPort,3,2048.61,0.23,4732.29,1337.19,Cash,Standard
ORD-10001,2024-03-12,CUST-1586,Priya Patel,Corporate,Bangalore,Karnataka,South,Office Supplies,Pens & Stationery,Faber-Castell Kit,1,346.37,0.08,318.66,165.39,Cash,Standard
ORD-12211,2024-03-12,CUST-1165,Priya Deshmukh,Consumer,Bhubaneswar,Odisha,East,Office Supplies,Ink & Toner,Epson T664 Refill Bottle,8,2009.48,0.05,15272.05,2992.27,Credit Card,Standard
ORD-10725,2024-03-12,CUST-1530,Varun Chatterjee,Corporate,Noida,Uttar Pradesh,North,Clothing,T-Shirts,Dennis Lingo Slim Fit,2,445.54,0.18,730.69,184.66,Cash,Express
ORD-11683,2024-03-13,CUST-1222,Gaurav Kapoor,Consumer,Kolkata,West Bengal,East,Clothing,T-Shirts,Dennis Lingo Slim Fit,2,1125.39,0.0,2250.78,1080.32,Credit Card,Same Day
ORD-11226,2024-03-13,CUST-1523,Aditya Pandey,Consumer,Hyderabad,Telangana,South,Electronics,Chargers & Cables,Belkin BoostCharge,2,440.26,0.0,880.52,248.32,Credit Card,Express
ORD-12100,2024-03-13,CUST-1231,Deepika Chopra,Corporate,Delhi,Delhi,North,Electronics,Smartwatches,boAt Storm Call,3,18800.61,0.13,49069.59,8534.17,Cash,Express
ORD-11761,2024-03-13,CUST-1371,Rohit Banerjee,Corporate,Mumbai,Maharashtra,West,Food & Beverages,Snacks & Chips,Haldiram's Aloo Bhujia,1,87.51,0.18,71.76,8.75,UPI,Same Day
ORD-10730,2024-03-14,CUST-1482,Ritika Mishra,Consumer,Bangalore,Karnataka,South,Electronics,Smartwatches,Samsung Galaxy Watch 5,2,4543.27,0.0,9086.54,2277.63,Debit Card,Express
ORD-12040,2024-03-14,CUST-1446,Aditi Nair,Corporate,Patna,Bihar,East,Furniture,Bookshelves,Spacewood Engineered Wood,1,7636.09,0.13,6643.4,731.72,Cash,Standard
ORD-10313,2024-03-14,CUST-1594,Kavya Tiwari,Corporate,Pune,Maharashtra,West,Office Supplies,Pens & Stationery,Parker Classic Gold,5,114.49,0.23,440.79,195.93,UPI,Standard
ORD-10407,2024-03-14,CUST-1381,Rishi Deshmukh,Consumer,Chennai,Tamil Nadu,South,Food & Beverages,Dry Fruits & Nuts,Farmley Premium Walnuts,3,637.31,0.0,1911.93,404.94,Credit Card,Economy
ORD-10189,2024-03-14,CUST-1041,Amit Joshi,Consumer,Kolkata,West Bengal,East,Office Supplies,Paper & Notebooks,JK Copier A4 Paper Ream,2,107.24,0.05,203.76,94.66,Debit Card,Standard
ORD-12117,2024-03-15,CUST-1353,Sneha Saxena,Home Office,Bhubaneswar,Odisha,East,Clothing,Formal Shirts,Arrow Regular Fit,1,1196.2,0.0,1196.2,370.66,Cash,Standard
ORD-10866,2024-03-15,CUST-1418,Vivek Gupta,Corporate,Coimbatore,Tamil Nadu,South,Clothing,Jeans,Levi's 511 Slim,2,2146.36,0.18,3520.03,1112.52,UPI,Standard
ORD-10537,2024-03-15,CUST-1418,Vivek Gupta,Corporate,Coimbatore,Tamil Nadu,South,Food & Beverages,Tea & Coffee,Organic India Tulsi Green,8,220.1,0.03,1707.98,600.71,Net Banking,Standard
ORD-12324,2024-03-16,CUST-1240,Manish Das,Corporate,Kolkata,West Bengal,East,Electronics,Smartwatches,Fire-Boltt Phoenix,2,5144.68,0.08,9466.21,1599.81,UPI,Standard
ORD-12365,2024-03-16,CUST-1257,Rishi Sharma,Consumer,Guwahati,Assam,East,Clothing,Jeans,Pepe Jeans Slim,1,3456.51,0.05,3283.68,774.18,Debit Card,Standard
ORD-11592,2024-03-16,CUST-1453,Uma Agarwal,Corporate,Delhi,Delhi,North,Food & Beverages,Health Supplements,Revital H Capsules,4,4999.0,0.13,17396.52,2947.05,Cash,Express
ORD-11551,2024-03-16,CUST-1347,Bhavya Singh,Consumer,Bhubaneswar,Odisha,East,Clothing,Jeans,Pepe Jeans Slim,1,2086.49,0.3,1460.54,462.2,Credit Card,Express
ORD-10205,2024-03-16,CUST-1055,Sanjay Patel,Corporate,Hyderabad,Telangana,South,Clothing,T-Shirts,Levi's Graphic Tee,2,1021.23,0.03,1981.19,967.09,UPI,Economy
ORD-10295,2024-03-16,CUST-1463,Aditya Nair,Home Office,Gurugram,Haryana,North,Clothing,T-Shirts,Dennis Lingo Slim Fit,4,961.97,0.15,3270.7,757.34,Cash,Same Day
ORD-10650,2024-03-17,CUST-1015,Rajesh Gupta,Consumer,Bhubaneswar,Odisha,East,Clothing,Jeans,Flying Machine Tapered,3,1749.41,0.2,4198.58,1489.43,Net Banking,Standard
ORD-11282,2024-03-17,CUST-1555,Mohit Singh,Consumer,Mumbai,Maharashtra,West,Clothing,T-Shirts,U.S. Polo Assn. Crew,1,802.53,0.1,722.28,279.84,Net Banking,Express
ORD-11492,2024-03-18,CUST-1230,Nisha Sinha,Corporate,Chandigarh,Punjab,North,Furniture,Desks,Featherlite Amaze,2,9927.79,0.13,17274.35,1278.42,Cash,Standard
ORD-10505,2024-03-18,CUST-1527,Simran Das,Home Office,Kochi,Kerala,South,Clothing,Jeans,Wrangler Bootcut,1,2913.45,0.15,2476.43,426.67,UPI,Standard
ORD-10052,2024-03-18,CUST-1493,Rajesh Reddy,Corporate,Pune,Maharashtra,West,Electronics,Laptops,MacBook Air M2,3,102193.19,0.03,297382.18,23179.63,Credit Card,Same Day
ORD-11781,2024-03-19,CUST-1436,Sneha Verma,Home Office,Mumbai,Maharashtra,West,Clothing,Formal Shirts,Van Heusen Slim Fit,3,1221.7,0.0,3665.1,1073.42,Cash,Standard
ORD-10832,2024-03-19,CUST-1410,Amit Kulkarni,Consumer,Patna,Bihar,East,Furniture,Desks,Featherlite Amaze,1,11732.68,0.0,11732.68,2046.09,Credit Card,Express
ORD-10739,2024-03-20,CUST-1194,Yash Bhat,Corporate,Kolkata,West Bengal,East,Electronics,Headphones,OnePlus Buds Z2,1,24999.0,0.28,17999.28,1901.1,UPI,Standard
ORD-10030,2024-03-20,CUST-1034,Uma Das,Corporate,Delhi,Delhi,North,Office Supplies,Printers,HP Smart Tank 580,8,8437.53,0.08,62100.22,2468.63,UPI,Standard
ORD-11020,2024-03-21,CUST-1115,Aditya Sharma,Corporate,Surat,Gujarat,West,Food & Beverages,Tea & Coffee,Organic India Tulsi Green,6,977.89,0.03,5691.32,2049.77,UPI,Express
ORD-10761,2024-03-21,CUST-1303,Vivek Sinha,Consumer,Bhubaneswar,Odisha,East,Electronics,Smartphones,Xiaomi Redmi Note 13,1,87290.14,0.2,69832.11,3680.79,Credit Card,Economy
ORD-11853,2024-03-21,CUST-1199,Uma Deshmukh,Consumer,Bangalore,Karnataka,South,Electronics,Chargers & Cables,Amazon Basics USB-C Cable,1,680.48,0.05,646.46,305.74,Debit Card,Standard
ORD-12191,2024-03-22,CUST-1233,Kriti Deshmukh,Home Office,Bangalore,Karnataka,South,Electronics,Laptops,Acer Aspire 5,3,45281.9,0.0,135845.7,16855.05,UPI,Express
ORD-10165,2024-03-22,CUST-1400,Yash Kapoor,Corporate,Jaipur,Rajasthan,North,Office Supplies,Storage & Organizers,Amazon Basics Desk Organizer,5,556.72,0.08,2560.91,794.44,Cash,Economy
ORD-11186,2024-03-22,CUST-1369,Zara Banerjee,Corporate,Guwahati,Assam,East,Office Supplies,Storage & Organizers,Nilkamal Chester 24,4,1190.07,0.13,4141.44,1404.33,Credit Card,Standard
ORD-11145,2024-03-22,CUST-1374,Rahul Gupta,Consumer,Noida,Uttar Pradesh,North,Clothing,Formal Shirts,Arrow Regular Fit,3,1658.93,0.0,4976.79,1669.62,UPI,Express
ORD-11000,2024-03-24,CUST-1180,Manish Kulkarni,Consumer,Lucknow,Uttar Pradesh,North,Electronics,Laptops,Acer Aspire 5,1,36589.88,0.1,32930.89,2298.1,Debit Card,Standard
ORD-12015,2024-03-24,CUST-1188,Ananya Reddy,Corporate,Chennai,Tamil Nadu,South,Electronics,Chargers & Cables,Mi 33W SonicCharge,1,889.9,0.03,863.2,456.44,UPI,Express
ORD-10112,2024-03-24,CUST-1353,Sneha Saxena,Home Office,Bhubaneswar,Odisha,East,Clothing,T-Shirts,U.S. Polo Assn. Crew,4,924.19,0.05,3511.92,1686.1,Credit Card,Standard
ORD-11820,2024-03-26,CUST-1328,Sanjay Pandey,Consumer,Pune,Maharashtra,West,Electronics,Laptops,Dell Inspiron 14,3,51351.16,0.1,138648.13,16635.56,Cash,Standard
ORD-11918,2024-03-27,CUST-1081,Sakshi Iyer,Home Office,Lucknow,Uttar Pradesh,North,Clothing,Jackets,Fort Collins Puffer,2,3775.01,0.05,7172.52,1927.91,UPI,Standard
ORD-12192,2024-03-27,CUST-1480,Gaurav Shah,Consumer,Patna,Bihar,East,Clothing,T-Shirts,Allen Solly Polo,2,682.98,0.2,1092.77,266.67,UPI,Standard
ORD-11544,2024-03-27,CUST-1111,Nikhil Deshmukh,Consumer,Kolkata,West Bengal,East,Clothing,T-Shirts,Levi's Graphic Tee,1,1475.81,0.05,1402.02,373.25,Credit Card,Standard
ORD-12293,2024-03-28,CUST-1309,Pooja Shah,Corporate,Mumbai,Maharashtra,West,Clothing,T-Shirts,Allen Solly Polo,1,2999.0,0.18,2459.18,833.52,UPI,Economy
ORD-11250,2024-03-28,CUST-1413,Yash Kulkarni,Consumer,Jaipur,Rajasthan,North,Clothing,Ethnic Wear,Manyavar Kurta Set,1,3064.66,0.0,3064.66,1248.86,Net Banking,Standard
ORD-11579,2024-03-28,CUST-1187,Meera Kapoor,Consumer,Lucknow,Uttar Pradesh,North,Furniture,Desks,Wakefit Orion Study Table,2,9852.82,0.15,16749.79,1087.03,UPI,Economy
ORD-10201,2024-03-28,CUST-1553,Aditi Malhotra,Consumer,Mumbai,Maharashtra,West,Clothing,Formal Shirts,Peter England Classic,2,1639.39,0.05,3114.84,1144.97,UPI,Standard
ORD-10529,2024-03-29,CUST-1023,Rohit Kapoor,Corporate,Lucknow,Uttar Pradesh,North,Electronics,Tablets,OnePlus Pad Go,2,24652.41,0.18,40429.95,2498.03,Cash,Express
ORD-11341,2024-03-29,CUST-1507,Aditya Kulkarni,Consumer,Ahmedabad,Gujarat,West,Clothing,Formal Shirts,Van Heusen Slim Fit,2,762.74,0.05,1449.21,332.35,Credit Card,Standard
ORD-11047,2024-03-29,CUST-1082,Nisha Chatterjee,Consumer,Ahmedabad,Gujarat,West,Clothing,Jeans,Wrangler Bootcut,4,1294.42,0.0,5177.68,2060.37,UPI,Standard
ORD-11375,2024-03-30,CUST-1587,Mohit Pillai,Consumer,Pune,Maharashtra,West,Office Supplies,Printers,Canon Pixma G3060,8,12453.74,0.05,94648.42,10334.35,Debit Card,Standard
ORD-10557,2024-03-30,CUST-1331,Aditi Pandey,Consumer,Ranchi,Jharkhand,East,Furniture,Beds,Wakefit Orthopaedic Bed,2,24736.95,0.05,47000.2,4393.13,UPI,Express
ORD-10071,2024-03-31,CUST-1411,Mohit Kapoor,Corporate,Lucknow,Uttar Pradesh,North,Furniture,Office Chairs,Green Soul Jupiter,3,11241.5,0.08,31026.54,5732.07,Credit Card,Standard
ORD-10354,2024-03-31,CUST-1099,Sanjay Mishra,Consumer,Chennai,Tamil Nadu,South,Office Supplies,Printers,Canon Pixma G3060,3,8990.64,0.0,26971.92,3502.18,Debit Card,Standard
ORD-11051,2024-03-31,CUST-1301,Uma Bhat,Consumer,Pune,Maharashtra,West,Clothing,T-Shirts,H&M Basic Tee,1,1209.27,0.05,1148.81,446.17,UPI,Standard
ORD-10069,2024-03-31,CUST-1058,Sakshi Menon,Home Office,Coimbatore,Tamil Nadu,South,Clothing,Formal Shirts,Raymond Linen Shirt,1,1585.55,0.0,1585.55,548.38,Debit Card,Express
ORD-10560,2024-03-31,CUST-1070,Chirag Patel,Corporate,Pune,Maharashtra,West,Clothing,Jeans,Levi's 511 Slim,1,1828.31,0.03,1773.46,463.83,UPI,Express
ORD-10304,2024-03-31,CUST-1198,Sanjay Patil,Consumer,Chennai,Tamil Nadu,South,Electronics,Smartwatches,boAt Storm Call,3,7080.63,0.1,19117.7,3573.49,Debit Card,Express
ORD-10664,2024-03-31,CUST-1266,Tanvi Kapoor,Consumer,Delhi,Delhi,North,Furniture,Dining Tables,Godrej Interio Neo,2,20873.59,0.25,31310.38,3005.54,UPI,Standard
ORD-10402,2024-04-01,CUST-1314,Varun Kumar,Corporate,Hyderabad,Telangana,South,Electronics,Chargers & Cables,Anker PowerPort,2,1576.2,0.03,3057.83,1228.15,Net Banking,Express
ORD-11920,2024-04-01,CUST-1327,Uma Verma,Home Office,Kolkata,West Bengal,East,Electronics,Tablets,Lenovo Tab M10,3,28468.74,0.0,85406.22,7675.92,UPI,Standard
ORD-11085,2024-04-02,CUST-1381,Rishi Deshmukh,Consumer,Chennai,Tamil Nadu,South,Electronics,Laptops,MacBook Air M2,1,82895.27,0.05,78750.51,6051.85,UPI,Express
ORD-10126,2024-04-03,CUST-1498,Aditya Pandey,Corporate,Delhi,Delhi,North,Clothing,Jackets,HRX Active Jacket,3,4853.46,0.03,14123.57,5016.22,Debit Card,Express
ORD-10561,2024-04-04,CUST-1307,Ayesha Pandey,Corporate,Patna,Bihar,East,Office Supplies,Ink & Toner,Epson T664 Refill Bottle,10,930.99,0.18,7634.12,1874.82,UPI,Same Day
ORD-10906,2024-04-04,CUST-1101,Yash Verma,Consumer,Mumbai,Maharashtra,West,Electronics,Tablets,Samsung Galaxy Tab A8,2,32617.97,0.0,65235.94,8367.66,UPI,Standard
ORD-11746,2024-04-05,CUST-1311,Dev Nair,Consumer,Chennai,Tamil Nadu,South,Food & Beverages,Tea & Coffee,Nescafe Classic 200g,3,365.14,0.05,1040.65,338.82,Cash,Express
ORD-11057,2024-04-05,CUST-1573,Sneha Shah,Consumer,Mumbai,Maharashtra,West,Furniture,Office Chairs,Featherlite Optima,1,10600.73,0.15,9010.62,1039.51,UPI,Express
ORD-11496,2024-04-05,CUST-1493,Rajesh Reddy,Corporate,Pune,Maharashtra,West,Furniture,Dining Tables,Home Centre Montoya,2,14722.88,0.18,24145.52,3219.44,Credit Card,Express
ORD-11578,2024-04-06,CUST-1208,Tushar Shah,Consumer,Hyderabad,Telangana,South,Electronics,Headphones,Noise Buds VS104,2,3415.68,0.15,5806.66,677.61,Credit Card,Express
ORD-11302,2024-04-06,CUST-1180,Manish Kulkarni,Consumer,Lucknow,Uttar Pradesh,North,Clothing,T-Shirts,Dennis Lingo Slim Fit,1,1803.42,0.1,1623.08,426.32,UPI,Standard
ORD-10819,2024-04-07,CUST-1152,Neha Das,Corporate,Lucknow,Uttar Pradesh,North,Clothing,T-Shirts,Dennis Lingo Slim Fit,1,715.85,0.03,694.37,322.83,Debit Card,Standard
ORD-11532,2024-04-07,CUST-1030,Sanjay Pandey,Corporate,Kolkata,West Bengal,East,Food & Beverages,Snacks & Chips,Too Yumm Multigrain,4,26.59,0.08,97.85,16.36,Credit Card,Express
ORD-10715,2024-04-07,CUST-1257,Rishi Sharma,Consumer,Guwahati,Assam,East,Clothing,Jackets,Wildcraft Windbreaker,2,4213.21,0.15,7162.46,2150.02,UPI,Express
ORD-11338,2024-04-08,CUST-1092,Rajesh Kumar,Consumer,Kolkata,West Bengal,East,Office Supplies,Storage & Organizers,Tupperware Store-All,4,1041.42,0.0,4165.68,1033.36,Debit Card,Express
ORD-12196,2024-04-08,CUST-1123,Isha Iyer,Consumer,Pune,Maharashtra,West,Electronics,Headphones,JBL Tune 510BT,3,2664.39,0.1,7193.85,1554.68,Cash,Standard
ORD-10232,2024-04-08,CUST-1471,Tushar Kumar,Consumer,Ahmedabad,Gujarat,West,Electronics,Smartwatches,Fire-Boltt Phoenix,3,27479.25,0.2,65950.2,13215.91,Cash,Express
ORD-12360,2024-04-09,CUST-1219,Arjun Kumar,Home Office,Lucknow,Uttar Pradesh,North,Clothing,T-Shirts,Allen Solly Polo,3,1715.46,0.0,5146.38,1587.32,UPI,Same Day
ORD-11168,2024-04-09,CUST-1239,Bhavya Patel,Corporate,Hyderabad,Telangana,South,Food & Beverages,Snacks & Chips,Lay's Classic Salted,4,181.28,0.13,630.85,160.6,UPI,Standard
ORD-10509,2024-04-09,CUST-1018,Rishi Patil,Consumer,Bangalore,Karnataka,South,Office Supplies,Printers,Brother DCP-T420W,6,5350.09,0.1,28890.49,2871.41,Net Banking,Express
ORD-11272,2024-04-09,CUST-1363,Ritika Nair,Consumer,Bangalore,Karnataka,South,Clothing,T-Shirts,H&M Basic Tee,1,1577.44,0.05,1498.57,407.87,Credit Card,Standard
ORD-10711,2024-04-09,CUST-1379,Ishaan Joshi,Consumer,Surat,Gujarat,West,Food & Beverages,Health Supplements,Dabur Chyawanprash 1kg,4,1083.69,0.1,3901.28,971.85,UPI,Standard
ORD-10798,2024-04-10,CUST-1411,Mohit Kapoor,Corporate,Lucknow,Uttar Pradesh,North,Clothing,Jeans,Wrangler Bootcut,3,2441.81,0.23,5640.58,911.96,Cash,Express
ORD-10502,2024-04-10,CUST-1220,Pooja Sharma,Corporate,Kolkata,West Bengal,East,Food & Beverages,Tea & Coffee,Brooke Bond Red Label,2,747.59,0.33,1001.77,297.47,UPI,Standard
ORD-11151,2024-04-10,CUST-1288,Gaurav Iyer,Home Office,Hyderabad,Telangana,South,Food & Beverages,Health Supplements,Revital H Capsules,5,729.46,0.0,3647.3,1266.57,Credit Card,Standard
ORD-10676,2024-04-10,CUST-1559,Sanjay Malhotra,Consumer,Bangalore,Karnataka,South,Furniture,Office Chairs,Nilkamal Leatherite,2,5918.98,0.05,11246.06,991.66,UPI,Express
ORD-10314,2024-04-10,CUST-1533,Neha Sinha,Home Office,Pune,Maharashtra,West,Electronics,Tablets,Apple iPad 10th Gen,1,13315.72,0.05,12649.93,1723.91,Credit Card,Same Day
ORD-10554,2024-04-11,CUST-1186,Gaurav Shah,Corporate,Chennai,Tamil Nadu,South,Food & Beverages,Dry Fruits & Nuts,Nutraj Cashews 250g,1,725.53,0.03,703.76,143.03,Credit Card,Standard
ORD-10192,2024-04-11,CUST-1333,Mohit Chatterjee,Consumer,Gurugram,Haryana,North,Electronics,Tablets,Samsung Galaxy Tab A8,1,29447.35,0.1,26502.62,2632.09,Credit Card,Standard
ORD-10221,2024-04-11,CUST-1317,Meera Yadav,Corporate,Ahmedabad,Gujarat,West,Office Supplies,Printers,Brother DCP-T420W,5,21999.05,0.08,101195.63,10374.51,UPI,Express
ORD-12232,2024-04-11,CUST-1056,Chirag Agarwal,Home Office,Hyderabad,Telangana,South,Office Supplies,Storage & Organizers,Tupperware Store-All,3,468.09,0.05,1334.06,340.07,Net Banking,Express
ORD-11673,2024-04-12,CUST-1393,Amit Saxena,Consumer,Mumbai,Maharashtra,West,Electronics,Smartphones,Realme Narzo 60,3,49051.07,0.15,125080.23,5441.4,Debit Card,Same Day
ORD-10628,2024-04-12,CUST-1132,Meera Mishra,Consumer,Ahmedabad,Gujarat,West,Office Supplies,Paper & Notebooks,Luxor Exercise Book,3,258.88,0.05,737.81,285.59,Debit Card,Same Day
ORD-12043,2024-04-13,CUST-1388,Aarav Deshmukh,Home Office,Delhi,Delhi,North,Furniture,Bookshelves,DeckUp Meritus,1,7378.56,0.05,7009.63,1066.62,Debit Card,Standard
ORD-10477,2024-04-13,CUST-1402,Gaurav Tiwari,Corporate,Delhi,Delhi,North,Office Supplies,Storage & Organizers,Nilkamal Chester 24,1,780.46,0.23,600.95,197.68,Credit Card,Standard
ORD-12164,2024-04-14,CUST-1073,Deepika Kulkarni,Consumer,Hyderabad,Telangana,South,Electronics,Laptops,Dell Inspiron 14,1,94519.42,0.05,89793.45,6751.56,Net Banking,Economy
ORD-11391,2024-04-14,CUST-1456,Yash Verma,Corporate,Guwahati,Assam,East,Electronics,Smartphones,Samsung Galaxy M34,2,30393.13,0.23,46805.42,3685.09,Debit Card,Express
ORD-10152,2024-04-15,CUST-1182,Rajesh Shah,Corporate,Noida,Uttar Pradesh,North,Electronics,Chargers & Cables,Anker PowerPort,2,853.83,0.23,1314.9,562.45,UPI,Express
ORD-11878,2024-04-15,CUST-1052,Rahul Chopra,Corporate,Noida,Uttar Pradesh,North,Electronics,Smartwatches,boAt Storm Call,1,6058.21,0.18,4967.73,860.8,Cash,Same Day
ORD-10658,2024-04-15,CUST-1029,Kunal Das,Corporate,Gurugram,Haryana,North,Furniture,Dining Tables,Nilkamal Shahenshah 4-Seater,1,18662.15,0.28,13436.75,973.28,Credit Card,Economy
ORD-12460,2024-04-16,CUST-1542,Nikhil Kapoor,Consumer,Noida,Uttar Pradesh,North,Electronics,Smartphones,iPhone 15,1,32371.86,0.0,32371.86,3198.56,Net Banking,Express
ORD-10462,2024-04-16,CUST-1036,Aditi Iyer,Corporate,Ahmedabad,Gujarat,West,Electronics,Smartphones,Motorola Edge 40,4,49906.25,0.03,193636.25,29638.77,UPI,Standard
ORD-11582,2024-04-16,CUST-1178,Aditi Chopra,Consumer,Delhi,Delhi,North,Electronics,Laptops,Lenovo IdeaPad Slim 3,3,143157.52,0.05,407998.93,46777.44,Net Banking,Standard
ORD-10150,2024-04-16,CUST-1491,Priya Tiwari,Corporate,Noida,Uttar Pradesh,North,Electronics,Tablets,OnePlus Pad Go,1,26530.74,0.08,24408.28,2659.36,Cash,Same Day
ORD-12285,2024-04-17,CUST-1193,Sanjay Banerjee,Consumer,Mumbai,Maharashtra,West,Food & Beverages,Beverages,Tropicana Mixed Fruit 1L,1,160.34,0.0,160.34,52.75,Credit Card,Economy
ORD-10911,2024-04-17,CUST-1391,Vivek Bhat,Home Office,Noida,Uttar Pradesh,North,Office Supplies,Ink & Toner,Epson T664 Refill Bottle,5,2061.38,0.0,10306.9,3522.91,Debit Card,Same Day
ORD-11957,2024-04-17,CUST-1445,Tushar Kulkarni,Consumer,Bangalore,Karnataka,South,Electronics,Chargers & Cables,Belkin BoostCharge,1,1091.94,0.15,928.15,206.92,Cash,Express
ORD-11808,2024-04-17,CUST-1392,Manish Kulkarni,Home Office,Gurugram,Haryana,North,Clothing,Jackets,Campus Sutra Denim,5,5529.41,0.15,23499.99,7988.45,UPI,Standard
ORD-11312,2024-04-17,CUST-1162,Sakshi Verma,Consumer,Coimbatore,Tamil Nadu,South,Electronics,Smartwatches,Noise ColorFit Pro 4,3,13786.06,0.25,31018.64,1986.79,UPI,Standard
ORD-11527,2024-04-17,CUST-1452,Rishi Mehta,Corporate,Delhi,Delhi,North,Clothing,T-Shirts,U.S. Polo Assn. Crew,2,956.39,0.23,1472.84,599.25,Debit Card,Express
ORD-10846,2024-04-17,CUST-1437,Aarav Reddy,Corporate,Hyderabad,Telangana,South,Electronics,Headphones,Noise Buds VS104,2,16994.14,0.18,27870.39,2893.79,Net Banking,Standard
ORD-11606,2024-04-18,CUST-1110,Isha Verma,Consumer,Mumbai,Maharashtra,West,Electronics,Smartwatches,Noise ColorFit Pro 4,4,18194.98,0.1,65501.93,15512.89,Debit Card,Express
ORD-10721,2024-04-18,CUST-1386,Sneha Saxena,Home Office,Chennai,Tamil Nadu,South,Electronics,Chargers & Cables,Amazon Basics USB-C Cable,3,687.48,0.05,1959.32,888.26,UPI,Express
ORD-10588,2024-04-19,CUST-1426,Zara Nair,Consumer,Lucknow,Uttar Pradesh,North,Furniture,Desks,Amazon Basics L-Shape Desk,1,21292.45,0.05,20227.83,2645.36,UPI,Same Day
ORD-12248,2024-04-20,CUST-1120,Diya Deshmukh,Consumer,Bangalore,Karnataka,South,Electronics,Tablets,Apple iPad 10th Gen,2,35894.13,0.0,71788.26,8503.57,Cash,Express
ORD-10584,2024-04-20,CUST-1595,Amit Kapoor,Consumer,Delhi,Delhi,North,Electronics,Headphones,boAt Rockerz 450,1,13781.76,0.0,13781.76,2181.65,UPI,Standard
ORD-12328,2024-04-20,CUST-1582,Diya Das,Consumer,Pune,Maharashtra,West,Furniture,Beds,Sleepyhead Original,1,46346.11,0.0,46346.11,4256.46,UPI,Standard
ORD-11153,2024-04-21,CUST-1339,Aarav Mishra,Home Office,Chennai,Tamil Nadu,South,Furniture,Desks,Wakefit Orion Study Table,2,22063.98,0.15,37508.77,3082.09,UPI,Standard
ORD-10088,2024-04-21,CUST-1581,Meera Sinha,Corporate,Delhi,Delhi,North,Clothing,Jackets,HRX Active Jacket,3,4472.23,0.13,11672.52,4077.91,Credit Card,Standard
ORD-10094,2024-04-21,CUST-1028,Nisha Tiwari,Home Office,Chennai,Tamil Nadu,South,Clothing,Jeans,Levi's 511 Slim,5,1087.1,0.0,5435.5,1635.54,Debit Card,Express
ORD-10496,2024-04-22,CUST-1189,Zara Patel,Consumer,Guwahati,Assam,East,Food & Beverages,Tea & Coffee,Bru Instant Coffee,10,867.27,0.0,8672.7,1880.91,UPI,Standard
ORD-10569,2024-04-22,CUST-1401,Sakshi Sharma,Home Office,Nagpur,Maharashtra,West,Electronics,Laptops,Dell Inspiron 14,5,48192.65,0.1,216866.92,7702.44,Credit Card,Express
ORD-11089,2024-04-23,CUST-1567,Rishi Yadav,Home Office,Mumbai,Maharashtra,West,Office Supplies,Paper & Notebooks,Navneet Long Book,2,98.78,0.0,197.56,90.31,UPI,Standard
ORD-10277,2024-04-23,CUST-1295,Vivek Gupta,Consumer,Nagpur,Maharashtra,West,Clothing,Formal Shirts,Louis Philippe Checked,2,2467.04,0.0,4934.08,1867.41,Credit Card,Same Day
ORD-11035,2024-04-23,CUST-1007,Sneha Patil,Consumer,Chennai,Tamil Nadu,South,Food & Beverages,Dry Fruits & Nuts,Happilo Almonds 500g,4,1073.36,0.25,3220.08,583.77,UPI,Standard
ORD-10742,2024-04-24,CUST-1539,Zara Patil,Consumer,Kolkata,West Bengal,East,Electronics,Smartphones,iPhone 15,4,14725.24,0.0,58900.96,9976.69,Cash,Standard
ORD-10516,2024-04-24,CUST-1546,Vivek Shah,Consumer,Lucknow,Uttar Pradesh,North,Food & Beverages,Tea & Coffee,Organic India Tulsi Green,3,1282.42,0.25,2885.44,630.52,Cash,Same Day
ORD-10493,2024-04-25,CUST-1350,Rohit Patel,Corporate,Delhi,Delhi,North,Electronics,Tablets,Realme Pad Mini,1,26128.05,0.13,22731.4,1124.39,Debit Card,Standard
ORD-11195,2024-04-25,CUST-1270,Varun Pandey,Consumer,Noida,Uttar Pradesh,North,Furniture,Dining Tables,Urban Ladder Danton 6-Seater,3,16833.37,0.1,45450.1,7290.83,UPI,Express
ORD-11687,2024-04-25,CUST-1171,Kriti Nair,Consumer,Bhubaneswar,Odisha,East,Food & Beverages,Tea & Coffee,Brooke Bond Red Label,4,368.16,0.1,1325.38,361.9,UPI,Economy
ORD-11668,2024-04-25,CUST-1537,Ayesha Reddy,Consumer,Kolkata,West Bengal,East,Clothing,T-Shirts,Allen Solly Polo,1,1307.25,0.05,1241.89,426.33,Net Banking,Express
ORD-10215,2024-04-25,CUST-1438,Rishi Das,Consumer,Coimbatore,Tamil Nadu,South,Clothing,T-Shirts,Dennis Lingo Slim Fit,2,404.21,0.1,727.58,172.32,Cash,Standard
ORD-10735,2024-04-27,CUST-1492,Manish Iyer,Consumer,Hyderabad,Telangana,South,Clothing,Ethnic Wear,Soch Silk Saree,1,4751.28,0.1,4276.15,1276.06,Debit Card,Standard
ORD-10490,2024-04-27,CUST-1501,Sakshi Verma,Consumer,Pune,Maharashtra,West,Office Supplies,Pens & Stationery,Reynolds Trimax Gel,2,63.71,0.1,114.68,64.28,Credit Card,Express
ORD-10577,2024-04-27,CUST-1342,Vivek Yadav,Consumer,Ahmedabad,Gujarat,West,Clothing,Formal Shirts,Raymond Linen Shirt,4,1736.88,0.0,6947.52,2570.65,UPI,Same Day
ORD-11006,2024-04-27,CUST-1389,Harsh Sinha,Home Office,Lucknow,Uttar Pradesh,North,Furniture,Bookshelves,Spacewood Engineered Wood,1,19999.0,0.0,19999.0,2850.24,UPI,Express
ORD-10960,2024-04-27,CUST-1521,Mohit Sinha,Consumer,Surat,Gujarat,West,Food & Beverages,Snacks & Chips,Lay's Classic Salted,4,151.21,0.0,604.84,128.14,Cash,Standard
ORD-11094,2024-04-27,CUST-1232,Varun Patel,Consumer,Surat,Gujarat,West,Office Supplies,Ink & Toner,HP 678 Tri-Color,3,1747.37,0.25,3931.58,417.42,UPI,Same Day
ORD-12382,2024-04-28,CUST-1021,Pankaj Saxena,Corporate,Mumbai,Maharashtra,West,Clothing,Jeans,Lee Cooper Skinny,1,1393.78,0.03,1351.97,410.18,Debit Card,Standard
ORD-10663,2024-04-29,CUST-1294,Sakshi Joshi,Consumer,Ahmedabad,Gujarat,West,Clothing,Jackets,Fort Collins Puffer,1,1499.0,0.1,1349.1,343.83,Cash,Standard
ORD-10755,2024-04-29,CUST-1148,Sakshi Yadav,Corporate,Chennai,Tamil Nadu,South,Electronics,Headphones,OnePlus Buds Z2,2,17220.17,0.03,33407.13,9537.48,Cash,Standard
ORD-10604,2024-04-30,CUST-1014,Nisha Gupta,Consumer,Kolkata,West Bengal,East,Clothing,Jeans,Levi's 511 Slim,1,1960.55,0.0,1960.55,533.85,UPI,Express
ORD-11453,2024-04-30,CUST-1554,Manish Mishra,Corporate,Delhi,Delhi,North,Food & Beverages,Beverages,Coca-Cola 2L,1,181.59,0.03,176.14,41.82,UPI,Same Day
ORD-12252,2024-04-30,CUST-1015,Rajesh Gupta,Consumer,Bhubaneswar,Odisha,East,Electronics,Smartwatches,Samsung Galaxy Watch 5,1,6773.86,0.05,6435.17,1182.99,Credit Card,Express
ORD-10445,2024-04-30,CUST-1554,Manish Mishra,Corporate,Delhi,Delhi,North,Office Supplies,Pens & Stationery,Faber-Castell Kit,4,52.78,0.03,204.79,79.8,Net Banking,Standard
ORD-10869,2024-05-01,CUST-1324,Rishi Saxena,Consumer,Kochi,Kerala,South,Office Supplies,Pens & Stationery,Faber-Castell Kit,2,69.08,0.0,138.16,65.07,Credit Card,Standard
ORD-12456,2024-05-01,CUST-1027,Rishi Malhotra,Consumer,Lucknow,Uttar Pradesh,North,Clothing,Ethnic Wear,Biba Anarkali Suit,2,3394.72,0.2,5431.55,1346.12,UPI,Express
ORD-10139,2024-05-02,CUST-1228,Tushar Menon,Consumer,Gurugram,Haryana,North,Furniture,Dining Tables,Nilkamal Shahenshah 4-Seater,1,17019.47,0.2,13615.58,1202.71,Net Banking,Economy
ORD-12367,2024-05-02,CUST-1452,Rishi Mehta,Corporate,Delhi,Delhi,North,Food & Beverages,Health Supplements,Ensure Nutritional Drink,4,1468.36,0.33,3935.2,911.73,UPI,Same Day
ORD-10341,2024-05-02,CUST-1016,Sanjay Mehta,Home Office,Nagpur,Maharashtra,West,Food & Beverages,Dry Fruits & Nuts,True Elements Trail Mix,3,1188.77,0.1,3209.68,854.09,Cash,Standard
ORD-11915,2024-05-04,CUST-1309,Pooja Shah,Corporate,Mumbai,Maharashtra,West,Office Supplies,Printers,Canon Pixma G3060,1,10372.36,0.08,9542.57,330.34,Credit Card,Express
ORD-10012,2024-05-04,CUST-1597,Kunal Das,Consumer,Pune,Maharashtra,West,Furniture,Office Chairs,HOF Ito Mesh Chair,1,8548.52,0.15,7266.24,997.84,Debit Card,Standard
ORD-12496,2024-05-05,CUST-1550,Kunal Agarwal,Consumer,Jaipur,Rajasthan,North,Electronics,Chargers & Cables,Amazon Basics USB-C Cable,5,1112.49,0.1,5006.2,1628.48,Debit Card,Express
ORD-10000,2024-05-05,CUST-1404,Rahul Patil,Corporate,Pune,Maharashtra,West,Office Supplies,Pens & Stationery,Parker Classic Gold,3,59.61,0.13,155.58,87.97,Cash,Same Day
ORD-10851,2024-05-05,CUST-1508,Kavya Pillai,Home Office,Jaipur,Rajasthan,North,Food & Beverages,Beverages,Tropicana Mixed Fruit 1L,2,81.91,0.2,131.06,34.44,Debit Card,Standard
ORD-10160,2024-05-05,CUST-1418,Vivek Gupta,Corporate,Coimbatore,Tamil Nadu,South,Electronics,Headphones,Noise Buds VS104,3,499.0,0.23,1152.69,234.42,Credit Card,Standard
ORD-11817,2024-05-06,CUST-1508,Kavya Pillai,Home Office,Jaipur,Rajasthan,North,Food & Beverages,Dry Fruits & Nuts,True Elements Trail Mix,2,754.24,0.0,1508.48,304.85,Cash,Standard
ORD-10478,2024-05-06,CUST-1419,Zara Shah,Consumer,Mumbai,Maharashtra,West,Electronics,Smartphones,Xiaomi Redmi Note 13,1,25261.99,0.15,21472.69,1314.2,Cash,Same Day
ORD-10310,2024-05-06,CUST-1448,Arjun Sharma,Consumer,Mumbai,Maharashtra,West,Electronics,Laptops,Lenovo IdeaPad Slim 3,1,83569.37,0.2,66855.5,3453.33,Credit Card,Same Day
ORD-10526,2024-05-06,CUST-1486,Vikram Mehta,Consumer,Kolkata,West Bengal,East,Electronics,Smartphones,iPhone 15,2,16646.55,0.15,28299.14,2571.32,Net Banking,Standard
ORD-10626,2024-05-07,CUST-1074,Aditya Patil,Corporate,Kochi,Kerala,South,Clothing,Formal Shirts,Arrow Regular Fit,1,2815.72,0.13,2449.68,562.33,UPI,Standard
ORD-11307,2024-05-07,CUST-1571,Priya Reddy,Consumer,Bangalore,Karnataka,South,Office Supplies,Printers,HP LaserJet M1005,6,6831.89,0.0,40991.34,4823.72,Credit Card,Standard
ORD-11241,2024-05-07,CUST-1499,Kunal Das,Consumer,Delhi,Delhi,North,Clothing,T-Shirts,U.S. Polo Assn. Crew,3,862.65,0.2,2070.36,735.7,UPI,Express
ORD-10134,2024-05-08,CUST-1070,Chirag Patel,Corporate,Pune,Maharashtra,West,Electronics,Laptops,Lenovo IdeaPad Slim 3,1,29265.27,0.03,28387.31,1824.02,Net Banking,Same Day
ORD-11279,2024-05-08,CUST-1444,Tushar Yadav,Corporate,Kochi,Kerala,South,Electronics,Chargers & Cables,Amazon Basics USB-C Cable,2,788.27,0.03,1529.24,461.45,UPI,Express
ORD-10700,2024-05-08,CUST-1412,Deepika Reddy,Corporate,Surat,Gujarat,West,Furniture,Dining Tables,Nilkamal Shahenshah 4-Seater,1,11410.42,0.03,11068.11,1698.13,Debit Card,Economy
ORD-11742,2024-05-08,CUST-1202,Harsh Shah,Consumer,Bangalore,Karnataka,South,Clothing,Jeans,Pepe Jeans Slim,2,829.67,0.0,1659.34,643.78,UPI,Standard
ORD-11697,2024-05-09,CUST-1252,Neha Bhat,Consumer,Lucknow,Uttar Pradesh,North,Clothing,T-Shirts,Allen Solly Polo,3,2065.63,0.1,5577.2,1617.65,Cash,Standard
ORD-10859,2024-05-09,CUST-1120,Diya Deshmukh,Consumer,Bangalore,Karnataka,South,Furniture,Desks,IKEA Bekant Standing Desk,1,7167.69,0.2,5734.15,820.17,Debit Card,Express
ORD-10791,2024-05-09,CUST-1433,Uma Nair,Consumer,Coimbatore,Tamil Nadu,South,Furniture,Dining Tables,Urban Ladder Danton 6-Seater,1,30357.05,0.2,24285.64,2621.81,Debit Card,Same Day
ORD-12126,2024-05-09,CUST-1160,Sneha Rao,Consumer,Visakhapatnam,Andhra Pradesh,South,Electronics,Headphones,OnePlus Buds Z2,2,1788.69,0.0,3577.38,975.4,Debit Card,Same Day
ORD-10076,2024-05-09,CUST-1426,Zara Nair,Consumer,Lucknow,Uttar Pradesh,North,Office Supplies,Pens & Stationery,Pilot V5 Hi-Tecpoint,3,345.72,0.0,1037.16,365.82,Credit Card,Economy
ORD-11598,2024-05-09,CUST-1232,Varun Patel,Consumer,Surat,Gujarat,West,Office Supplies,Ink & Toner,Brother BT-D60BK,8,1197.57,0.0,9580.56,2488.54,UPI,Standard
ORD-11171,2024-05-09,CUST-1050,Ananya Pandey,Corporate,Bangalore,Karnataka,South,Electronics,Smartwatches,Fire-Boltt Phoenix,1,17052.38,0.13,14835.57,2629.86,Debit Card,Standard
ORD-11748,2024-05-09,CUST-1162,Sakshi Verma,Consumer,Coimbatore,Tamil Nadu,South,Electronics,Tablets,Samsung Galaxy Tab A8,3,17938.86,0.15,45744.09,4642.8,UPI,Express
ORD-11506,2024-05-10,CUST-1459,Shreya Reddy,Corporate,Visakhapatnam,Andhra Pradesh,South,Electronics,Headphones,boAt Rockerz 450,2,6770.99,0.03,13135.72,2431.96,UPI,Standard
ORD-10218,2024-05-10,CUST-1520,Priya Agarwal,Corporate,Mumbai,Maharashtra,West,Electronics,Headphones,Sony WH-1000XM5,1,2404.85,0.28,1731.49,128.23,Credit Card,Express
ORD-10401,2024-05-10,CUST-1368,Kriti Banerjee,Consumer,Mumbai,Maharashtra,West,Electronics,Chargers & Cables,Mi 33W SonicCharge,2,2040.14,0.05,3876.27,1533.55,Cash,Same Day
ORD-12257,2024-05-10,CUST-1190,Nikhil Mishra,Consumer,Bangalore,Karnataka,South,Office Supplies,Storage & Organizers,Milton Modular Box,3,2576.9,0.05,7344.16,1887.05,UPI,Same Day
ORD-11776,2024-05-11,CUST-1001,Priya Joshi,Consumer,Mumbai,Maharashtra,West,Clothing,T-Shirts,Dennis Lingo Slim Fit,2,1042.52,0.05,1980.79,948.37,Debit Card,Standard
ORD-11110,2024-05-12,CUST-1592,Aditi Saxena,Corporate,Mumbai,Maharashtra,West,Electronics,Chargers & Cables,Amazon Basics USB-C Cable,1,582.93,0.18,478.0,98.71,Debit Card,Standard
ORD-11126,2024-05-12,CUST-1581,Meera Sinha,Corporate,Delhi,Delhi,North,Food & Beverages,Health Supplements,Dabur Chyawanprash 1kg,3,323.11,0.13,843.32,165.05,Net Banking,Express
ORD-11981,2024-05-12,CUST-1529,Neha Banerjee,Consumer,Coimbatore,Tamil Nadu,South,Furniture,Beds,Nilkamal Imperial Queen,1,32003.53,0.3,22402.47,2228.71,Cash,Standard
ORD-10683,2024-05-12,CUST-1244,Diya Sharma,Consumer,Kolkata,West Bengal,East,Office Supplies,Paper & Notebooks,Luxor Exercise Book,4,72.27,0.0,289.08,164.3,UPI,Standard
ORD-11021,2024-05-12,CUST-1382,Ananya Pillai,Consumer,Kochi,Kerala,South,Electronics,Headphones,Realme Buds Air 3,3,2390.48,0.05,6812.87,970.93,Credit Card,Same Day
ORD-10503,2024-05-13,CUST-1061,Kunal Sinha,Corporate,Hyderabad,Telangana,South,Office Supplies,Pens & Stationery,Cello Pinpoint Blue,6,87.67,0.03,510.24,193.48,UPI,Economy
ORD-12155,2024-05-14,CUST-1179,Ayesha Kumar,Corporate,Ahmedabad,Gujarat,West,Electronics,Tablets,Samsung Galaxy Tab A8,2,20420.5,0.13,35531.67,1568.55,UPI,Economy
ORD-11043,2024-05-14,CUST-1410,Amit Kulkarni,Consumer,Patna,Bihar,East,Food & Beverages,Tea & Coffee,Organic India Tulsi Green,8,249.74,0.05,1898.02,491.33,Cash,Express
ORD-11413,2024-05-14,CUST-1173,Zara Verma,Consumer,Mumbai,Maharashtra,West,Office Supplies,Printers,HP Smart Tank 580,1,11993.52,0.2,9594.82,96.3,UPI,Standard
ORD-12258,2024-05-15,CUST-1543,Diya Bhat,Consumer,Ranchi,Jharkhand,East,Electronics,Smartwatches,Fire-Boltt Phoenix,1,14183.93,0.05,13474.73,2046.42,UPI,Express
ORD-12385,2024-05-15,CUST-1420,Nikhil Tiwari,Consumer,Pune,Maharashtra,West,Food & Beverages,Beverages,Coca-Cola 2L,5,80.38,0.05,381.8,151.37,Credit Card,Standard
ORD-10239,2024-05-15,CUST-1210,Uma Kumar,Corporate,Bangalore,Karnataka,South,Clothing,Ethnic Wear,Manyavar Kurta Set,1,5342.91,0.03,5182.62,2228.07,Net Banking,Standard
ORD-11183,2024-05-16,CUST-1100,Ishaan Mishra,Consumer,Visakhapatnam,Andhra Pradesh,South,Office Supplies,Storage & Organizers,Milton Modular Box,2,4310.94,0.0,8621.88,2590.52,Credit Card,Express
ORD-11399,2024-05-16,CUST-1164,Aarav Menon,Home Office,Delhi,Delhi,North,Furniture,Bookshelves,Amazon Basics Bookcase,1,6767.95,0.05,6429.55,764.16,UPI,Economy
ORD-11557,2024-05-16,CUST-1433,Uma Nair,Consumer,Coimbatore,Tamil Nadu,South,Electronics,Smartwatches,Noise ColorFit Pro 4,2,8479.49,0.1,15263.08,3581.81,Net Banking,Standard
ORD-12278,2024-05-16,CUST-1418,Vivek Gupta,Corporate,Coimbatore,Tamil Nadu,South,Clothing,Jackets,Fort Collins Puffer,2,1499.0,0.08,2758.16,938.0,UPI,Express
ORD-11373,2024-05-17,CUST-1365,Chirag Singh,Home Office,Coimbatore,Tamil Nadu,South,Furniture,Dining Tables,Nilkamal Shahenshah 4-Seater,1,43080.73,0.05,40926.69,6363.22,Credit Card,Express
ORD-10168,2024-05-17,CUST-1575,Lavanya Das,Consumer,Bhubaneswar,Odisha,East,Electronics,Smartphones,Realme Narzo 60,3,25980.55,0.15,66250.4,8591.06,Cash,Standard
ORD-10274,2024-05-17,CUST-1587,Mohit Pillai,Consumer,Pune,Maharashtra,West,Furniture,Beds,Nilkamal Imperial Queen,1,31008.9,0.0,31008.9,6097.01,Credit Card,Standard
ORD-11257,2024-05-17,CUST-1542,Nikhil Kapoor,Consumer,Noida,Uttar Pradesh,North,Food & Beverages,Beverages,Paper Boat Aamras,3,368.11,0.0,1104.33,369.21,Net Banking,Express
ORD-12029,2024-05-17,CUST-1373,Sneha Patil,Consumer,Gurugram,Haryana,North,Electronics,Laptops,HP Pavilion 15,1,50683.19,0.0,50683.19,4369.52,UPI,Express
ORD-11524,2024-05-17,CUST-1017,Kriti Kapoor,Home Office,Mumbai,Maharashtra,West,Clothing,Jeans,Lee Cooper Skinny,2,2624.86,0.05,4987.23,1712.53,Cash,Express
ORD-11309,2024-05-17,CUST-1075,Ritika Shah,Corporate,Gurugram,Haryana,North,Food & Beverages,Beverages,Tropicana Mixed Fruit 1L,12,225.93,0.23,2087.59,277.48,UPI,Express
ORD-11827,2024-05-18,CUST-1071,Ishaan Kulkarni,Consumer,Bangalore,Karnataka,South,Furniture,Bookshelves,DeckUp Meritus,1,3942.52,0.1,3548.27,880.97,UPI,Economy
ORD-10180,2024-05-19,CUST-1038,Varun Malhotra,Corporate,Surat,Gujarat,West,Furniture,Office Chairs,Featherlite Optima,1,5746.19,0.13,4999.19,1028.81,UPI,Same Day
ORD-11397,2024-05-19,CUST-1021,Pankaj Saxena,Corporate,Mumbai,Maharashtra,West,Clothing,T-Shirts,U.S. Polo Assn. Crew,2,465.01,0.08,855.62,336.1,Debit Card,Express
ORD-12339,2024-05-19,CUST-1599,Ananya Reddy,Consumer,Coimbatore,Tamil Nadu,South,Office Supplies,Printers,Canon Pixma G3060,5,10581.2,0.05,50260.7,4556.04,Credit Card,Same Day
ORD-12432,2024-05-20,CUST-1056,Chirag Agarwal,Home Office,Hyderabad,Telangana,South,Office Supplies,Ink & Toner,Brother BT-D60BK,6,1109.61,0.1,5991.89,1493.23,UPI,Standard
ORD-11128,2024-05-22,CUST-1000,Mohit Agarwal,Home Office,Gurugram,Haryana,North,Office Supplies,Storage & Organizers,Tupperware Store-All,2,986.56,0.25,1479.84,424.49,Cash,Standard
ORD-10346,2024-05-22,CUST-1181,Lavanya Sharma,Corporate,Hyderabad,Telangana,South,Office Supplies,Pens & Stationery,Faber-Castell Kit,6,99.99,0.23,461.95,213.35,Debit Card,Standard
ORD-11562,2024-05-23,CUST-1109,Kunal Pandey,Consumer,Patna,Bihar,East,Food & Beverages,Tea & Coffee,Tata Gold Tea 500g,5,326.97,0.2,1307.88,344.79,Credit Card,Express
ORD-12023,2024-05-24,CUST-1316,Diya Bhat,Consumer,Delhi,Delhi,North,Food & Beverages,Beverages,Sting Energy Drink,6,133.82,0.0,802.92,319.53,Credit Card,Standard
ORD-12445,2024-05-24,CUST-1578,Ananya Chatterjee,Consumer,Bhubaneswar,Odisha,East,Electronics,Smartwatches,Noise ColorFit Pro 4,5,3745.02,0.1,16852.59,3261.03,Net Banking,Standard
ORD-11613,2024-05-25,CUST-1056,Chirag Agarwal,Home Office,Hyderabad,Telangana,South,Food & Beverages,Snacks & Chips,Bingo Mad Angles,10,76.42,0.1,687.78,96.42,Net Banking,Standard
ORD-10687,2024-05-25,CUST-1453,Uma Agarwal,Corporate,Delhi,Delhi,North,Electronics,Smartwatches,Noise ColorFit Pro 4,4,16899.59,0.03,65570.41,16807.1,UPI,Economy
ORD-10185,2024-05-25,CUST-1507,Aditya Kulkarni,Consumer,Ahmedabad,Gujarat,West,Electronics,Smartphones,Xiaomi Redmi Note 13,1,18396.86,0.0,18396.86,2998.18,Net Banking,Standard
ORD-11597,2024-05-26,CUST-1373,Sneha Patil,Consumer,Gurugram,Haryana,North,Clothing,Jackets,Red Tape Bomber,1,3921.11,0.05,3725.05,1405.65,Debit Card,Express
ORD-11014,2024-05-26,CUST-1186,Gaurav Shah,Corporate,Chennai,Tamil Nadu,South,Furniture,Dining Tables,IKEA Ekedalen,1,40377.24,0.03,39165.92,7104.24,Credit Card,Economy
ORD-10105,2024-05-26,CUST-1184,Pooja Yadav,Consumer,Ahmedabad,Gujarat,West,Electronics,Chargers & Cables,Amazon Basics USB-C Cable,2,1830.52,0.0,3661.04,1145.94,UPI,Express
ORD-12204,2024-05-26,CUST-1577,Aditi Das,Consumer,Delhi,Delhi,North,Electronics,Tablets,Realme Pad Mini,1,19186.32,0.1,17267.69,2007.38,UPI,Express
ORD-12368,2024-05-26,CUST-1461,Ritika Singh,Corporate,Hyderabad,Telangana,South,Office Supplies,Storage & Organizers,Milton Modular Box,6,1702.24,0.08,9396.36,3324.86,Debit Card,Same Day
ORD-11784,2024-05-26,CUST-1314,Varun Kumar,Corporate,Hyderabad,Telangana,South,Food & Beverages,Dry Fruits & Nuts,Farmley Premium Walnuts,1,537.39,0.13,467.53,91.05,UPI,Express
ORD-12393,2024-05-27,CUST-1209,Sanjay Sinha,Corporate,Hyderabad,Telangana,South,Clothing,Jeans,Wrangler Bootcut,2,3043.23,0.28,4382.25,688.2,UPI,Express
ORD-10608,2024-05-27,CUST-1179,Ayesha Kumar,Corporate,Ahmedabad,Gujarat,West,Furniture,Bookshelves,Spacewood Engineered Wood,1,7205.53,0.13,6268.81,1008.15,Net Banking,Express
ORD-10121,2024-05-28,CUST-1370,Nandini Reddy,Consumer,Ahmedabad,Gujarat,West,Office Supplies,Paper & Notebooks,Classmate Notebook 200pg,2,131.79,0.15,224.04,74.88,Net Banking,Express
ORD-11125,2024-05-28,CUST-1137,Dev Iyer,Home Office,Kochi,Kerala,South,Electronics,Smartwatches,Fire-Boltt Phoenix,1,5362.13,0.15,4557.81,842.01,Debit Card,Express
ORD-11158,2024-05-29,CUST-1248,Isha Gupta,Corporate,Pune,Maharashtra,West,Office Supplies,Pens & Stationery,Pilot V5 Hi-Tecpoint,12,85.29,0.03,992.78,479.31,UPI,Express
ORD-10543,2024-05-30,CUST-1148,Sakshi Yadav,Corporate,Chennai,Tamil Nadu,South,Furniture,Dining Tables,Urban Ladder Danton 6-Seater,1,10531.44,0.18,8635.78,958.23,UPI,Standard
ORD-11967,2024-05-30,CUST-1301,Uma Bhat,Consumer,Pune,Maharashtra,West,Food & Beverages,Dry Fruits & Nuts,Farmley Premium Walnuts,1,265.88,0.15,226.0,33.09,Debit Card,Standard
ORD-10998,2024-05-30,CUST-1019,Meera Banerjee,Consumer,Surat,Gujarat,West,Furniture,Dining Tables,Nilkamal Shahenshah 4-Seater,1,40821.62,0.0,40821.62,8232.3,Credit Card,Same Day
ORD-10615,2024-05-30,CUST-1175,Ishaan Sharma,Corporate,Pune,Maharashtra,West,Clothing,Formal Shirts,Arrow Regular Fit,3,670.24,0.03,1950.4,569.82,UPI,Standard
ORD-10698,2024-05-31,CUST-1122,Gaurav Saxena,Consumer,Chennai,Tamil Nadu,South,Electronics,Smartphones,iPhone 15,1,47643.11,0.0,47643.11,6197.11,Credit Card,Standard
ORD-10279,2024-05-31,CUST-1529,Neha Banerjee,Consumer,Coimbatore,Tamil Nadu,South,Clothing,T-Shirts,Dennis Lingo Slim Fit,3,936.52,0.15,2388.13,840.4,Cash,Standard
ORD-12298,2024-06-01,CUST-1515,Meera Iyer,Consumer,Chennai,Tamil Nadu,South,Food & Beverages,Health Supplements,Dabur Chyawanprash 1kg,1,748.05,0.0,748.05,189.57,Credit Card,Standard
ORD-10950,2024-06-01,CUST-1237,Nandini Sharma,Consumer,Kolkata,West Bengal,East,Office Supplies,Pens & Stationery,Reynolds Trimax Gel,1,141.67,0.0,141.67,61.46,UPI,Express
ORD-11994,2024-06-01,CUST-1370,Nandini Reddy,Consumer,Ahmedabad,Gujarat,West,Office Supplies,Ink & Toner,Brother BT-D60BK,4,1085.56,0.2,3473.79,438.03,Debit Card,Same Day
ORD-11943,2024-06-01,CUST-1224,Rishi Iyer,Home Office,Bangalore,Karnataka,South,Electronics,Headphones,Realme Buds Air 3,2,1860.93,0.25,2791.4,645.66,Debit Card,Express
ORD-10242,2024-06-01,CUST-1582,Diya Das,Consumer,Pune,Maharashtra,West,Office Supplies,Storage & Organizers,Nilkamal Chester 24,2,618.37,0.0,1236.74,321.53,Debit Card,Express
ORD-10847,2024-06-01,CUST-1422,Tanvi Tiwari,Consumer,Bangalore,Karnataka,South,Electronics,Smartphones,OnePlus Nord CE3,3,64333.71,0.15,164050.96,14519.72,Cash,Express
ORD-10091,2024-06-02,CUST-1374,Rahul Gupta,Consumer,Noida,Uttar Pradesh,North,Furniture,Bookshelves,Amazon Basics Bookcase,1,8636.92,0.1,7773.23,764.06,Credit Card,Standard
ORD-11061,2024-06-02,CUST-1477,Bhavya Chatterjee,Corporate,Bhubaneswar,Odisha,East,Furniture,Desks,Wakefit Orion Study Table,1,12182.23,0.08,11207.65,979.37,Credit Card,Standard
ORD-11507,2024-06-02,CUST-1255,Sneha Kapoor,Corporate,Chennai,Tamil Nadu,South,Clothing,Jeans,Wrangler Bootcut,2,3310.29,0.03,6421.96,1230.56,Net Banking,Standard
ORD-10624,2024-06-02,CUST-1576,Vikram Reddy,Corporate,Ahmedabad,Gujarat,West,Clothing,Ethnic Wear,Biba Anarkali Suit,1,11036.51,0.18,9049.94,2732.57,UPI,Express
ORD-11852,2024-06-02,CUST-1122,Gaurav Saxena,Consumer,Chennai,Tamil Nadu,South,Electronics,Smartphones,OnePlus Nord CE3,5,57297.59,0.1,257839.15,36136.43,UPI,Same Day
ORD-12114,2024-06-02,CUST-1592,Aditi Saxena,Corporate,Mumbai,Maharashtra,West,Clothing,Ethnic Wear,W Palazzo Set,1,2349.54,0.08,2161.58,780.33,Credit Card,Standard
ORD-11948,2024-06-02,CUST-1350,Rohit Patel,Corporate,Delhi,Delhi,North,Food & Beverages,Health Supplements,Revital H Capsules,3,1436.78,0.08,3965.51,1241.16,UPI,Same Day
ORD-12136,2024-06-03,CUST-1555,Mohit Singh,Consumer,Mumbai,Maharashtra,West,Food & Beverages,Health Supplements,Revital H Capsules,5,1382.74,0.05,6568.02,1636.21,Debit Card,Express
ORD-10048,2024-06-03,CUST-1163,Uma Singh,Consumer,Hyderabad,Telangana,South,Food & Beverages,Dry Fruits & Nuts,True Elements Trail Mix,3,245.8,0.0,737.4,187.49,Credit Card,Standard
ORD-12290,2024-06-03,CUST-1436,Sneha Verma,Home Office,Mumbai,Maharashtra,West,Electronics,Headphones,OnePlus Buds Z2,2,13421.8,0.1,24159.24,5851.87,Cash,Same Day
ORD-10350,2024-06-04,CUST-1418,Vivek Gupta,Corporate,Coimbatore,Tamil Nadu,South,Electronics,Laptops,Dell Inspiron 14,1,66601.16,0.23,51282.89,1901.29,Credit Card,Express
ORD-12118,2024-06-04,CUST-1515,Meera Iyer,Consumer,Chennai,Tamil Nadu,South,Clothing,Jeans,Wrangler Bootcut,3,3434.2,0.1,9272.34,2323.83,UPI,Standard
ORD-11543,2024-06-04,CUST-1104,Amit Mehta,Corporate,Delhi,Delhi,North,Furniture,Desks,IKEA Bekant Standing Desk,3,20067.14,0.23,46355.09,6220.51,Credit Card,Express
ORD-10234,2024-06-04,CUST-1297,Priya Iyer,Corporate,Bangalore,Karnataka,South,Electronics,Headphones,Realme Buds Air 3,1,9413.32,0.08,8660.25,1508.9,UPI,Standard
ORD-11829,2024-06-06,CUST-1436,Sneha Verma,Home Office,Mumbai,Maharashtra,West,Office Supplies,Paper & Notebooks,JK Copier A4 Paper Ream,1,315.52,0.0,315.52,150.05,UPI,Standard
ORD-12244,2024-06-06,CUST-1088,Deepika Sinha,Consumer,Mumbai,Maharashtra,West,Office Supplies,Printers,HP LaserJet M1005,3,7074.16,0.0,21222.48,2523.22,UPI,Standard
ORD-11166,2024-06-06,CUST-1154,Meera Pandey,Consumer,Bangalore,Karnataka,South,Food & Beverages,Tea & Coffee,Brooke Bond Red Label,6,282.07,0.1,1523.18,272.58,Credit Card,Standard
ORD-10991,2024-06-07,CUST-1457,Simran Iyer,Consumer,Bangalore,Karnataka,South,Food & Beverages,Dry Fruits & Nuts,Amazon Basics Mixed Nuts,4,1756.72,0.0,7026.88,1980.47,UPI,Express
ORD-10325,2024-06-07,CUST-1105,Rahul Bhat,Consumer,Mumbai,Maharashtra,West,Furniture,Dining Tables,Nilkamal Shahenshah 4-Seater,1,15284.86,0.0,15284.86,3118.74,Debit Card,Standard
ORD-12165,2024-06-07,CUST-1253,Simran Mehta,Consumer,Visakhapatnam,Andhra Pradesh,South,Food & Beverages,Snacks & Chips,Haldiram's Aloo Bhujia,3,75.92,0.0,227.76,61.12,Net Banking,Same Day
ORD-11749,2024-06-07,CUST-1436,Sneha Verma,Home Office,Mumbai,Maharashtra,West,Electronics,Laptops,Lenovo IdeaPad Slim 3,2,92451.36,0.2,147922.18,1479.22,UPI,Express
ORD-10673,2024-06-08,CUST-1193,Sanjay Banerjee,Consumer,Mumbai,Maharashtra,West,Food & Beverages,Snacks & Chips,Too Yumm Multigrain,3,75.26,0.0,225.78,38.72,Credit Card,Standard
ORD-11914,2024-06-08,CUST-1598,Deepika Sharma,Corporate,Coimbatore,Tamil Nadu,South,Electronics,Smartwatches,boAt Storm Call,2,13231.53,0.13,23022.86,4164.05,UPI,Standard
ORD-10828,2024-06-08,CUST-1359,Nisha Banerjee,Consumer,Pune,Maharashtra,West,Food & Beverages,Beverages,Coca-Cola 2L,4,276.77,0.15,941.02,165.85,UPI,Standard
ORD-11900,2024-06-08,CUST-1020,Sanjay Bhat,Consumer,Pune,Maharashtra,West,Food & Beverages,Dry Fruits & Nuts,Nutraj Cashews 250g,3,820.71,0.0,2462.13,668.34,UPI,Express
ORD-10619,2024-06-09,CUST-1167,Harsh Kapoor,Consumer,Mumbai,Maharashtra,West,Clothing,Formal Shirts,Louis Philippe Checked,1,1682.63,0.1,1514.37,612.64,UPI,Economy
ORD-11228,2024-06-09,CUST-1015,Rajesh Gupta,Consumer,Bhubaneswar,Odisha,East,Electronics,Chargers & Cables,Anker PowerPort,1,1346.1,0.15,1144.18,562.29,Debit Card,Economy
ORD-11419,2024-06-10,CUST-1465,Lavanya Chatterjee,Home Office,Chennai,Tamil Nadu,South,Office Supplies,Printers,Epson L3250,4,12066.42,0.0,48265.68,6284.75,Cash,Standard
ORD-10347,2024-06-10,CUST-1462,Aditi Menon,Corporate,Bangalore,Karnataka,South,Food & Beverages,Dry Fruits & Nuts,Nutraj Cashews 250g,2,428.43,0.13,745.47,146.04,Debit Card,Standard
ORD-11968,2024-06-10,CUST-1136,Tanvi Chopra,Corporate,Bhubaneswar,Odisha,East,Clothing,Jeans,Flying Machine Tapered,4,1610.48,0.13,5604.47,1049.19,UPI,Economy
ORD-10237,2024-06-11,CUST-1060,Aditi Sharma,Consumer,Nagpur,Maharashtra,West,Clothing,Jeans,Flying Machine Tapered,3,2313.92,0.25,5206.32,1834.19,Cash,Same Day
ORD-11888,2024-06-11,CUST-1378,Ishaan Gupta,Corporate,Pune,Maharashtra,West,Clothing,T-Shirts,U.S. Polo Assn. Crew,1,1534.85,0.03,1488.8,536.76,Credit Card,Express
ORD-11523,2024-06-11,CUST-1553,Aditi Malhotra,Consumer,Mumbai,Maharashtra,West,Clothing,T-Shirts,Levi's Graphic Tee,1,2340.64,0.15,1989.54,586.71,Cash,Standard
ORD-10724,2024-06-12,CUST-1339,Aarav Mishra,Home Office,Chennai,Tamil Nadu,South,Electronics,Smartwatches,boAt Storm Call,1,8745.87,0.15,7433.99,939.78,Debit Card,Standard
ORD-10196,2024-06-12,CUST-1038,Varun Malhotra,Corporate,Surat,Gujarat,West,Furniture,Bookshelves,DeckUp Meritus,2,13019.79,0.03,25258.39,6606.1,UPI,Same Day
ORD-10282,2024-06-12,CUST-1465,Lavanya Chatterjee,Home Office,Chennai,Tamil Nadu,South,Clothing,Formal Shirts,Van Heusen Slim Fit,1,1492.6,0.0,1492.6,363.52,Debit Card,Standard
ORD-11041,2024-06-12,CUST-1269,Nisha Pillai,Consumer,Bangalore,Karnataka,South,Electronics,Smartwatches,Fire-Boltt Phoenix,3,16248.97,0.1,43872.22,10485.8,Cash,Express
ORD-11576,2024-06-12,CUST-1344,Pooja Saxena,Corporate,Ahmedabad,Gujarat,West,Furniture,Desks,Featherlite Amaze,1,13733.24,0.03,13321.24,2167.32,UPI,Standard
ORD-10533,2024-06-13,CUST-1549,Isha Patil,Home Office,Lucknow,Uttar Pradesh,North,Furniture,Beds,Pepperfry Trundle Bed,3,20021.24,0.15,51054.16,6450.85,Net Banking,Same Day
ORD-11678,2024-06-13,CUST-1578,Ananya Chatterjee,Consumer,Bhubaneswar,Odisha,East,Clothing,Jackets,Campus Sutra Denim,3,2021.2,0.05,5760.42,1531.6,Debit Card,Same Day
ORD-11526,2024-06-13,CUST-1512,Aditi Kumar,Corporate,Gurugram,Haryana,North,Electronics,Chargers & Cables,Portronics Adaptor,3,1350.44,0.33,2714.38,939.57,Debit Card,Express
ORD-11480,2024-06-13,CUST-1437,Aarav Reddy,Corporate,Hyderabad,Telangana,South,Furniture,Office Chairs,IKEA Markus,2,13910.43,0.03,26986.23,2517.34,Debit Card,Standard
ORD-11500,2024-06-14,CUST-1393,Amit Saxena,Consumer,Mumbai,Maharashtra,West,Clothing,T-Shirts,Allen Solly Polo,1,881.1,0.15,748.94,213.76,Cash,Standard
ORD-11646,2024-06-14,CUST-1205,Nandini Banerjee,Corporate,Jaipur,Rajasthan,North,Electronics,Smartphones,Xiaomi Redmi Note 13,1,40434.86,0.18,33156.59,3405.22,UPI,Express
ORD-11846,2024-06-14,CUST-1474,Bhavya Patil,Consumer,Hyderabad,Telangana,South,Electronics,Tablets,OnePlus Pad Go,2,16197.12,0.1,29154.82,3427.38,Debit Card,Same Day
ORD-12455,2024-06-14,CUST-1438,Rishi Das,Consumer,Coimbatore,Tamil Nadu,South,Office Supplies,Pens & Stationery,Cello Pinpoint Blue,2,173.52,0.2,277.63,115.34,UPI,Same Day
ORD-12104,2024-06-15,CUST-1460,Aarav Shah,Home Office,Surat,Gujarat,West,Electronics,Chargers & Cables,Amazon Basics USB-C Cable,4,706.57,0.0,2826.28,1500.3,Credit Card,Standard
ORD-10790,2024-06-15,CUST-1033,Zara Gupta,Home Office,Bangalore,Karnataka,South,Clothing,Formal Shirts,Peter England Classic,2,1558.24,0.15,2649.01,1037.13,UPI,Same Day
ORD-10585,2024-06-15,CUST-1463,Aditya Nair,Home Office,Gurugram,Haryana,North,Furniture,Dining Tables,IKEA Ekedalen,1,20317.21,0.0,20317.21,2802.86,Net Banking,Standard
ORD-11165,2024-06-16,CUST-1395,Kriti Joshi,Consumer,Jaipur,Rajasthan,North,Electronics,Chargers & Cables,Amazon Basics USB-C Cable,5,257.09,0.15,1092.63,498.33,Debit Card,Same Day
ORD-11058,2024-06-16,CUST-1134,Mohit Banerjee,Home Office,Guwahati,Assam,East,Clothing,Jeans,Levi's 511 Slim,3,2456.97,0.1,6633.82,1508.86,UPI,Express
ORD-12297,2024-06-16,CUST-1293,Nandini Chatterjee,Corporate,Lucknow,Uttar Pradesh,North,Clothing,Jackets,Campus Sutra Denim,1,1952.69,0.03,1894.11,449.9,Cash,Same Day
ORD-11755,2024-06-16,CUST-1207,Yash Tiwari,Corporate,Gurugram,Haryana,North,Clothing,Ethnic Wear,FabIndia Cotton Kurta,4,2932.1,0.03,11376.55,2236.2,UPI,Express
ORD-11975,2024-06-16,CUST-1462,Aditi Menon,Corporate,Bangalore,Karnataka,South,Electronics,Chargers & Cables,Amazon Basics USB-C Cable,1,690.77,0.23,531.89,190.09,UPI,Standard
ORD-11191,2024-06-17,CUST-1059,Harsh Joshi,Corporate,Surat,Gujarat,West,Clothing,Formal Shirts,Raymond Linen Shirt,1,1481.91,0.08,1363.36,586.34,UPI,Express
ORD-11033,2024-06-18,CUST-1106,Yash Pillai,Consumer,Guwahati,Assam,East,Food & Beverages,Snacks & Chips,Lay's Classic Salted,1,127.93,0.0,127.93,23.97,Credit Card,Standard
ORD-11045,2024-06-18,CUST-1347,Bhavya Singh,Consumer,Bhubaneswar,Odisha,East,Furniture,Dining Tables,Home Centre Montoya,1,15237.51,0.05,14475.63,2762.94,Net Banking,Express
ORD-10679,2024-06-18,CUST-1434,Yash Chatterjee,Consumer,Hyderabad,Telangana,South,Furniture,Beds,Pepperfry Trundle Bed,1,27064.48,0.0,27064.48,2831.54,Cash,Standard
ORD-10083,2024-06-19,CUST-1003,Amit Tiwari,Consumer,Lucknow,Uttar Pradesh,North,Electronics,Smartphones,Samsung Galaxy M34,2,16649.03,0.0,33298.06,4079.77,UPI,Standard
ORD-12128,2024-06-19,CUST-1045,Ishaan Malhotra,Corporate,Lucknow,Uttar Pradesh,North,Clothing,Ethnic Wear,W Palazzo Set,3,3368.55,0.18,8286.63,2476.09,Cash,Standard
ORD-10816,2024-06-19,CUST-1069,Priya Rao,Corporate,Ahmedabad,Gujarat,West,Electronics,Smartphones,Vivo T2x,2,38797.62,0.13,67507.86,9442.16,Debit Card,Same Day
ORD-11072,2024-06-19,CUST-1594,Kavya Tiwari,Corporate,Pune,Maharashtra,West,Office Supplies,Storage & Organizers,Cello Novelty Big Drawer,6,3707.98,0.03,21580.44,5782.94,Cash,Standard
ORD-12159,2024-06-21,CUST-1570,Rohit Patel,Consumer,Bhubaneswar,Odisha,East,Clothing,Ethnic Wear,Manyavar Kurta Set,2,2181.32,0.1,3926.38,1248.52,UPI,Express
ORD-11392,2024-06-21,CUST-1144,Shreya Iyer,Home Office,Mumbai,Maharashtra,West,Furniture,Beds,IKEA Malm King Bed,1,38834.26,0.1,34950.83,2832.45,Debit Card,Standard
ORD-10247,2024-06-21,CUST-1153,Vikram Sharma,Corporate,Pune,Maharashtra,West,Electronics,Smartphones,Realme Narzo 60,3,25724.79,0.03,74859.14,12181.23,Credit Card,Standard
ORD-12139,2024-06-22,CUST-1425,Pooja Patil,Consumer,Kochi,Kerala,South,Clothing,Jeans,Lee Cooper Skinny,3,2874.28,0.0,8622.84,2795.66,UPI,Standard
ORD-11675,2024-06-23,CUST-1029,Kunal Das,Corporate,Gurugram,Haryana,North,Office Supplies,Printers,HP LaserJet M1005,5,6964.54,0.23,26813.48,1266.9,UPI,Economy
ORD-11075,2024-06-23,CUST-1045,Ishaan Malhotra,Corporate,Lucknow,Uttar Pradesh,North,Furniture,Dining Tables,Urban Ladder Danton 6-Seater,1,23221.03,0.03,22524.4,4202.43,Credit Card,Standard
ORD-12033,2024-06-23,CUST-1396,Isha Nair,Consumer,Kolkata,West Bengal,East,Electronics,Laptops,Dell Inspiron 14,1,43189.57,0.1,38870.61,3468.65,Debit Card,Economy
ORD-11350,2024-06-24,CUST-1428,Mohit Iyer,Home Office,Bangalore,Karnataka,South,Electronics,Headphones,Realme Buds Air 3,1,2974.15,0.1,2676.74,518.5,Credit Card,Express
ORD-12124,2024-06-25,CUST-1260,Dev Iyer,Corporate,Mumbai,Maharashtra,West,Furniture,Office Chairs,Featherlite Optima,2,6055.5,0.18,9931.02,994.19,UPI,Standard
ORD-10853,2024-06-25,CUST-1399,Priya Menon,Corporate,Hyderabad,Telangana,South,Electronics,Headphones,OnePlus Buds Z2,2,7260.76,0.28,10455.49,2559.48,Net Banking,Same Day
ORD-10930,2024-06-25,CUST-1169,Lavanya Patel,Corporate,Gurugram,Haryana,North,Clothing,T-Shirts,Allen Solly Polo,2,1739.37,0.08,3200.44,859.14,Debit Card,Express
ORD-10471,2024-06-25,CUST-1088,Deepika Sinha,Consumer,Mumbai,Maharashtra,West,Electronics,Smartwatches,Fire-Boltt Phoenix,3,5543.16,0.05,15798.01,3592.16,UPI,Standard
ORD-10501,2024-06-26,CUST-1491,Priya Tiwari,Corporate,Noida,Uttar Pradesh,North,Food & Beverages,Beverages,Paper Boat Aamras,2,332.13,0.13,577.91,158.7,Debit Card,Standard
ORD-12313,2024-06-26,CUST-1544,Vikram Yadav,Consumer,Chennai,Tamil Nadu,South,Electronics,Headphones,Realme Buds Air 3,2,2280.15,0.0,4560.3,1297.6,UPI,Standard
ORD-12499,2024-06-26,CUST-1105,Rahul Bhat,Consumer,Mumbai,Maharashtra,West,Furniture,Desks,Wakefit Orion Study Table,1,10001.08,0.15,8500.92,856.2,Net Banking,Express
ORD-11783,2024-06-27,CUST-1181,Lavanya Sharma,Corporate,Hyderabad,Telangana,South,Electronics,Tablets,Apple iPad 10th Gen,1,28199.32,0.03,27353.34,2395.69,UPI,Express
ORD-11213,2024-06-27,CUST-1161,Bhavya Menon,Consumer,Pune,Maharashtra,West,Clothing,Jeans,Levi's 511 Slim,2,3637.72,0.3,5092.81,1475.41,UPI,Standard
ORD-11182,2024-06-27,CUST-1032,Kavya Shah,Consumer,Ahmedabad,Gujarat,West,Food & Beverages,Dry Fruits & Nuts,Happilo Almonds 500g,4,400.48,0.05,1521.82,252.84,Debit Card,Express
ORD-11945,2024-06-28,CUST-1214,Vikram Reddy,Corporate,Ranchi,Jharkhand,East,Electronics,Headphones,OnePlus Buds Z2,2,16152.39,0.03,31335.64,6282.16,Credit Card,Standard
ORD-11473,2024-06-28,CUST-1170,Kunal Iyer,Home Office,Bangalore,Karnataka,South,Electronics,Smartwatches,Samsung Galaxy Watch 5,1,6781.63,0.2,5425.3,783.98,UPI,Economy
ORD-11358,2024-06-28,CUST-1117,Simran Mehta,Consumer,Delhi,Delhi,North,Electronics,Chargers & Cables,Anker PowerPort,2,443.62,0.15,754.15,204.45,Credit Card,Express
ORD-12238,2024-06-29,CUST-1098,Nikhil Patil,Corporate,Bangalore,Karnataka,South,Clothing,Formal Shirts,Louis Philippe Checked,1,1348.06,0.18,1105.41,445.92,UPI,Same Day
ORD-11765,2024-06-29,CUST-1210,Uma Kumar,Corporate,Bangalore,Karnataka,South,Electronics,Smartphones,Vivo T2x,1,35510.91,0.18,29118.95,2460.32,UPI,Same Day
ORD-11764,2024-06-29,CUST-1514,Isha Singh,Consumer,Lucknow,Uttar Pradesh,North,Electronics,Chargers & Cables,Amazon Basics USB-C Cable,1,276.52,0.0,276.52,119.9,UPI,Economy
ORD-10518,2024-06-29,CUST-1546,Vivek Shah,Consumer,Lucknow,Uttar Pradesh,North,Clothing,Jeans,Pepe Jeans Slim,3,2371.25,0.05,6758.06,1257.85,UPI,Express
ORD-11529,2024-06-29,CUST-1031,Dev Das,Consumer,Mumbai,Maharashtra,West,Clothing,Jackets,Campus Sutra Denim,1,3253.55,0.15,2765.52,850.95,UPI,Economy
ORD-11086,2024-06-30,CUST-1160,Sneha Rao,Consumer,Visakhapatnam,Andhra Pradesh,South,Clothing,T-Shirts,U.S. Polo Assn. Crew,3,549.8,0.15,1401.99,631.46,Debit Card,Standard
ORD-11334,2024-06-30,CUST-1391,Vivek Bhat,Home Office,Noida,Uttar Pradesh,North,Electronics,Smartwatches,Apple Watch SE,2,34999.0,0.15,59498.3,7500.42,UPI,Standard
ORD-11701,2024-06-30,CUST-1308,Arjun Yadav,Consumer,Mumbai,Maharashtra,West,Clothing,Jeans,Lee Cooper Skinny,1,2786.11,0.1,2507.5,451.1,Net Banking,Same Day
ORD-10387,2024-07-01,CUST-1267,Priya Pillai,Consumer,Bhubaneswar,Odisha,East,Furniture,Bookshelves,Nilkamal Freedom Mini,1,10503.31,0.1,9452.98,1644.32,Debit Card,Standard
ORD-11611,2024-07-01,CUST-1072,Vivek Malhotra,Home Office,Hyderabad,Telangana,South,Food & Beverages,Health Supplements,Ensure Nutritional Drink,5,674.31,0.15,2865.82,932.47,Debit Card,Express
ORD-12175,2024-07-01,CUST-1101,Yash Verma,Consumer,Mumbai,Maharashtra,West,Office Supplies,Storage & Organizers,Tupperware Store-All,4,891.35,0.1,3208.86,852.05,UPI,Express
ORD-10240,2024-07-01,CUST-1218,Gaurav Reddy,Consumer,Chandigarh,Punjab,North,Food & Beverages,Tea & Coffee,Nescafe Classic 200g,12,329.41,0.05,3755.27,1276.97,UPI,Express
ORD-10174,2024-07-03,CUST-1238,Nisha Reddy,Corporate,Mumbai,Maharashtra,West,Office Supplies,Storage & Organizers,Amazon Basics Desk Organizer,1,624.5,0.13,543.31,145.62,UPI,Standard
ORD-10228,2024-07-03,CUST-1346,Sanjay Nair,Consumer,Noida,Uttar Pradesh,North,Electronics,Smartphones,Vivo T2x,2,50480.33,0.05,95912.63,13764.08,UPI,Same Day
ORD-11658,2024-07-04,CUST-1385,Gaurav Kulkarni,Home Office,Bhubaneswar,Odisha,East,Food & Beverages,Tea & Coffee,Organic India Tulsi Green,8,526.58,0.0,4212.64,1330.47,Net Banking,Express
ORD-10280,2024-07-05,CUST-1236,Aditya Pandey,Consumer,Pune,Maharashtra,West,Furniture,Beds,Nilkamal Imperial Queen,1,55437.65,0.0,55437.65,6744.71,Cash,Express
ORD-11897,2024-07-05,CUST-1059,Harsh Joshi,Corporate,Surat,Gujarat,West,Clothing,Formal Shirts,Van Heusen Slim Fit,1,1691.78,0.08,1556.44,485.22,Net Banking,Standard
ORD-11179,2024-07-05,CUST-1178,Aditi Chopra,Consumer,Delhi,Delhi,North,Clothing,Jackets,Wildcraft Windbreaker,2,5379.25,0.05,10220.57,2525.78,Credit Card,Standard
ORD-11467,2024-07-06,CUST-1141,Uma Sharma,Home Office,Bangalore,Karnataka,South,Clothing,Formal Shirts,Van Heusen Slim Fit,1,781.37,0.0,781.37,288.77,UPI,Standard
ORD-11805,2024-07-06,CUST-1086,Sanjay Patel,Consumer,Ahmedabad,Gujarat,West,Office Supplies,Printers,HP LaserJet M1005,2,17800.45,0.15,30260.76,1056.69,UPI,Standard
ORD-10731,2024-07-06,CUST-1126,Kunal Mehta,Consumer,Gurugram,Haryana,North,Electronics,Headphones,OnePlus Buds Z2,1,5166.24,0.1,4649.62,1456.64,Debit Card,Same Day
ORD-10469,2024-07-06,CUST-1228,Tushar Menon,Consumer,Gurugram,Haryana,North,Electronics,Smartphones,Motorola Edge 40,1,30434.2,0.05,28912.49,3861.09,Cash,Standard
ORD-10246,2024-07-07,CUST-1100,Ishaan Mishra,Consumer,Visakhapatnam,Andhra Pradesh,South,Furniture,Office Chairs,Green Soul Jupiter,1,10956.82,0.1,9861.14,770.91,UPI,Express
ORD-10861,2024-07-07,CUST-1106,Yash Pillai,Consumer,Guwahati,Assam,East,Electronics,Tablets,Apple iPad 10th Gen,2,28046.63,0.0,56093.26,6248.34,Credit Card,Standard
ORD-10386,2024-07-08,CUST-1154,Meera Pandey,Consumer,Bangalore,Karnataka,South,Office Supplies,Ink & Toner,HP 678 Tri-Color,3,1023.59,0.1,2763.69,732.64,UPI,Standard
ORD-10831,2024-07-08,CUST-1495,Isha Patil,Corporate,Surat,Gujarat,West,Office Supplies,Paper & Notebooks,Sundaram A4 Ruled,1,131.43,0.13,114.34,47.79,Cash,Express
ORD-12035,2024-07-09,CUST-1299,Rishi Mishra,Consumer,Delhi,Delhi,North,Clothing,Jeans,Wrangler Bootcut,2,1423.55,0.05,2704.74,715.81,Credit Card,Express
ORD-11760,2024-07-09,CUST-1421,Amit Patil,Consumer,Jaipur,Rajasthan,North,Office Supplies,Pens & Stationery,Cello Pinpoint Blue,2,448.06,0.15,761.7,357.56,UPI,Express
ORD-12146,2024-07-09,CUST-1246,Manish Saxena,Corporate,Kolkata,West Bengal,East,Office Supplies,Paper & Notebooks,Luxor Exercise Book,4,178.75,0.08,657.8,306.47,Debit Card,Express
ORD-11603,2024-07-10,CUST-1338,Ananya Menon,Consumer,Mumbai,Maharashtra,West,Office Supplies,Paper & Notebooks,Sundaram A4 Ruled,10,132.06,0.1,1188.54,646.52,UPI,Express
ORD-12007,2024-07-10,CUST-1491,Priya Tiwari,Corporate,Noida,Uttar Pradesh,North,Food & Beverages,Beverages,Real Fruit Power Mango,6,86.74,0.18,426.76,103.45,Credit Card,Express
ORD-10966,2024-07-11,CUST-1155,Zara Rao,Home Office,Chennai,Tamil Nadu,South,Food & Beverages,Snacks & Chips,Bingo Mad Angles,6,136.51,0.2,655.25,126.11,Cash,Standard
ORD-11563,2024-07-11,CUST-1228,Tushar Menon,Consumer,Gurugram,Haryana,North,Office Supplies,Storage & Organizers,Cello Novelty Big Drawer,3,733.72,0.1,1981.04,610.03,Debit Card,Express
ORD-10713,2024-07-12,CUST-1412,Deepika Reddy,Corporate,Surat,Gujarat,West,Food & Beverages,Dry Fruits & Nuts,Amazon Basics Mixed Nuts,10,362.74,0.13,3155.84,710.64,Credit Card,Standard
ORD-11973,2024-07-12,CUST-1228,Tushar Menon,Consumer,Gurugram,Haryana,North,Electronics,Smartwatches,Samsung Galaxy Watch 5,2,17058.11,0.25,25587.16,2742.6,Debit Card,Standard
ORD-10399,2024-07-13,CUST-1445,Tushar Kulkarni,Consumer,Bangalore,Karnataka,South,Electronics,Tablets,Realme Pad Mini,1,18641.93,0.15,15845.64,1129.37,Net Banking,Standard
ORD-10688,2024-07-13,CUST-1439,Kriti Rao,Consumer,Hyderabad,Telangana,South,Food & Beverages,Beverages,Real Fruit Power Mango,2,364.94,0.05,693.39,264.62,Net Banking,Standard
ORD-10964,2024-07-13,CUST-1457,Simran Iyer,Consumer,Bangalore,Karnataka,South,Clothing,T-Shirts,Levi's Graphic Tee,1,2530.6,0.05,2404.07,1077.52,UPI,Standard
ORD-10822,2024-07-14,CUST-1174,Sanjay Deshmukh,Corporate,Noida,Uttar Pradesh,North,Clothing,Jeans,Pepe Jeans Slim,3,2824.09,0.08,7794.49,2110.94,Cash,Express
ORD-10315,2024-07-14,CUST-1175,Ishaan Sharma,Corporate,Pune,Maharashtra,West,Office Supplies,Pens & Stationery,Cello Pinpoint Blue,12,207.12,0.18,2038.06,752.22,Cash,Standard
ORD-12326,2024-07-14,CUST-1166,Shreya Pillai,Home Office,Chennai,Tamil Nadu,South,Clothing,T-Shirts,Allen Solly Polo,2,1924.37,0.05,3656.3,1034.55,Debit Card,Same Day
ORD-10800,2024-07-15,CUST-1592,Aditi Saxena,Corporate,Mumbai,Maharashtra,West,Food & Beverages,Tea & Coffee,Tata Gold Tea 500g,12,794.69,0.13,8296.56,2655.13,Cash,Standard
ORD-10389,2024-07-15,CUST-1593,Vikram Das,Consumer,Chandigarh,Punjab,North,Clothing,Jeans,Flying Machine Tapered,2,1986.4,0.0,3972.8,1112.95,UPI,Standard
ORD-10845,2024-07-15,CUST-1512,Aditi Kumar,Corporate,Gurugram,Haryana,North,Furniture,Office Chairs,IKEA Markus,1,17492.84,0.08,16093.41,2138.52,Credit Card,Express
ORD-10733,2024-07-15,CUST-1525,Gaurav Patel,Consumer,Chennai,Tamil Nadu,South,Furniture,Dining Tables,Godrej Interio Neo,1,16705.08,0.15,14199.32,1010.02,Cash,Express
ORD-11696,2024-07-15,CUST-1086,Sanjay Patel,Consumer,Ahmedabad,Gujarat,West,Electronics,Smartwatches,Noise ColorFit Pro 4,3,34999.0,0.05,99747.15,18970.07,Net Banking,Express
ORD-12415,2024-07-15,CUST-1475,Ishaan Singh,Consumer,Pune,Maharashtra,West,Furniture,Beds,Nilkamal Imperial Queen,1,24064.52,0.0,24064.52,3159.4,UPI,Standard
ORD-11401,2024-07-16,CUST-1237,Nandini Sharma,Consumer,Kolkata,West Bengal,East,Electronics,Tablets,Samsung Galaxy Tab A8,4,25623.3,0.05,97368.54,14004.75,UPI,Express
ORD-10259,2024-07-16,CUST-1247,Ananya Mehta,Corporate,Mumbai,Maharashtra,West,Electronics,Smartphones,iPhone 15,2,38197.49,0.08,70283.38,9439.06,Cash,Express
ORD-11314,2024-07-16,CUST-1428,Mohit Iyer,Home Office,Bangalore,Karnataka,South,Food & Beverages,Dry Fruits & Nuts,Nutraj Cashews 250g,8,382.12,0.25,2292.72,152.85,UPI,Economy
ORD-11150,2024-07-18,CUST-1187,Meera Kapoor,Consumer,Lucknow,Uttar Pradesh,North,Electronics,Smartphones,OnePlus Nord CE3,1,14933.24,0.0,14933.24,1487.09,UPI,Economy
ORD-11787,2024-07-18,CUST-1199,Uma Deshmukh,Consumer,Bangalore,Karnataka,South,Office Supplies,Ink & Toner,Brother BT-D60BK,10,1798.4,0.0,17984.0,5373.77,UPI,Same Day
ORD-12150,2024-07-18,CUST-1485,Ananya Deshmukh,Consumer,Delhi,Delhi,North,Furniture,Office Chairs,IKEA Markus,1,15076.36,0.1,13568.72,1378.04,Cash,Standard
ORD-10448,2024-07-19,CUST-1572,Gaurav Agarwal,Corporate,Jaipur,Rajasthan,North,Furniture,Desks,Nilkamal Aries Workstation,3,10089.21,0.03,29359.6,3826.53,Debit Card,Standard
ORD-11810,2024-07-19,CUST-1107,Arjun Mehta,Consumer,Gurugram,Haryana,North,Electronics,Chargers & Cables,Mi 33W SonicCharge,1,490.16,0.2,392.13,128.92,Credit Card,Express
ORD-12183,2024-07-19,CUST-1193,Sanjay Banerjee,Consumer,Mumbai,Maharashtra,West,Electronics,Chargers & Cables,Anker PowerPort,1,299.63,0.05,284.65,149.89,Cash,Standard
ORD-10618,2024-07-19,CUST-1341,Kunal Chopra,Corporate,Guwahati,Assam,East,Office Supplies,Storage & Organizers,Cello Novelty Big Drawer,12,952.91,0.03,11091.87,3452.49,Credit Card,Standard
ORD-11859,2024-07-20,CUST-1258,Vivek Gupta,Consumer,Visakhapatnam,Andhra Pradesh,South,Furniture,Dining Tables,Godrej Interio Neo,3,32248.49,0.15,82233.65,6608.62,UPI,Standard
ORD-10913,2024-07-20,CUST-1128,Pooja Rao,Consumer,Bangalore,Karnataka,South,Clothing,T-Shirts,Allen Solly Polo,1,1134.83,0.1,1021.35,361.9,Credit Card,Express
ORD-10722,2024-07-21,CUST-1205,Nandini Banerjee,Corporate,Jaipur,Rajasthan,North,Food & Beverages,Health Supplements,Ensure Nutritional Drink,3,562.99,0.23,1300.51,324.8,Credit Card,Standard
ORD-10606,2024-07-21,CUST-1113,Aditi Pillai,Home Office,Ahmedabad,Gujarat,West,Furniture,Desks,IKEA Bekant Standing Desk,2,19509.8,0.2,31215.68,4126.66,Net Banking,Standard
ORD-10521,2024-07-21,CUST-1570,Rohit Patel,Consumer,Bhubaneswar,Odisha,East,Office Supplies,Storage & Organizers,Milton Modular Box,1,4301.54,0.1,3871.39,940.82,Debit Card,Express
ORD-12425,2024-07-22,CUST-1299,Rishi Mishra,Consumer,Delhi,Delhi,North,Office Supplies,Pens & Stationery,Faber-Castell Kit,5,122.38,0.0,611.9,287.09,Net Banking,Economy
ORD-12060,2024-07-22,CUST-1539,Zara Patil,Consumer,Kolkata,West Bengal,East,Furniture,Dining Tables,IKEA Ekedalen,2,17973.28,0.0,35946.56,5035.33,UPI,Economy
ORD-12218,2024-07-24,CUST-1444,Tushar Yadav,Corporate,Kochi,Kerala,South,Office Supplies,Paper & Notebooks,Luxor Exercise Book,4,92.6,0.03,359.29,163.7,Credit Card,Standard
ORD-10219,2024-07-25,CUST-1486,Vikram Mehta,Consumer,Kolkata,West Bengal,East,Electronics,Smartwatches,Fire-Boltt Phoenix,3,3153.75,0.15,8042.06,1493.13,Net Banking,Standard
ORD-11396,2024-07-25,CUST-1588,Priya Banerjee,Consumer,Guwahati,Assam,East,Food & Beverages,Dry Fruits & Nuts,Nutraj Cashews 250g,2,2532.75,0.2,4052.4,765.86,Credit Card,Express
ORD-11244,2024-07-26,CUST-1189,Zara Patel,Consumer,Guwahati,Assam,East,Food & Beverages,Beverages,Paper Boat Aamras,10,137.05,0.0,1370.5,361.19,UPI,Standard
ORD-10380,2024-07-26,CUST-1325,Mohit Patel,Consumer,Surat,Gujarat,West,Clothing,Formal Shirts,Peter England Classic,3,866.48,0.3,1819.61,363.62,Credit Card,Standard
ORD-12212,2024-07-26,CUST-1273,Kriti Shah,Consumer,Kolkata,West Bengal,East,Office Supplies,Storage & Organizers,Tupperware Store-All,1,2381.82,0.0,2381.82,531.45,UPI,Standard
ORD-11930,2024-07-26,CUST-1389,Harsh Sinha,Home Office,Lucknow,Uttar Pradesh,North,Office Supplies,Printers,HP LaserJet M1005,12,6592.86,0.2,63291.46,4086.99,UPI,Express
ORD-11944,2024-07-26,CUST-1381,Rishi Deshmukh,Consumer,Chennai,Tamil Nadu,South,Food & Beverages,Health Supplements,Revital H Capsules,2,3579.07,0.15,6084.42,1762.83,Net Banking,Express
ORD-12189,2024-07-27,CUST-1064,Gaurav Pillai,Consumer,Nagpur,Maharashtra,West,Furniture,Desks,Wakefit Orion Study Table,1,13612.75,0.2,10890.2,965.32,Credit Card,Standard
ORD-11099,2024-07-28,CUST-1179,Ayesha Kumar,Corporate,Ahmedabad,Gujarat,West,Electronics,Smartwatches,boAt Storm Call,5,12742.12,0.08,58613.75,7768.15,Credit Card,Express
ORD-12254,2024-07-28,CUST-1166,Shreya Pillai,Home Office,Chennai,Tamil Nadu,South,Furniture,Dining Tables,Home Centre Montoya,3,16314.83,0.1,44050.04,5003.35,UPI,Express
ORD-10170,2024-07-28,CUST-1011,Dev Deshmukh,Consumer,Jaipur,Rajasthan,North,Clothing,Formal Shirts,Van Heusen Slim Fit,1,1110.19,0.0,1110.19,270.2,UPI,Standard
ORD-12091,2024-07-28,CUST-1501,Sakshi Verma,Consumer,Pune,Maharashtra,West,Food & Beverages,Dry Fruits & Nuts,Nutraj Cashews 250g,4,375.34,0.05,1426.29,156.22,Net Banking,Standard
ORD-11919,2024-07-29,CUST-1316,Diya Bhat,Consumer,Delhi,Delhi,North,Furniture,Desks,Amazon Basics L-Shape Desk,1,5847.57,0.0,5847.57,1268.8,Cash,Standard
ORD-12210,2024-07-29,CUST-1082,Nisha Chatterjee,Consumer,Ahmedabad,Gujarat,West,Clothing,Ethnic Wear,Manyavar Kurta Set,1,4650.51,0.1,4185.46,1645.21,Net Banking,Economy
ORD-11707,2024-07-29,CUST-1529,Neha Banerjee,Consumer,Coimbatore,Tamil Nadu,South,Electronics,Chargers & Cables,Mi 33W SonicCharge,3,326.49,0.0,979.47,461.54,Debit Card,Express
ORD-11908,2024-07-31,CUST-1535,Meera Tiwari,Home Office,Bangalore,Karnataka,South,Electronics,Laptops,Acer Aspire 5,4,106253.17,0.1,382511.41,43491.35,Debit Card,Standard
ORD-11903,2024-08-01,CUST-1519,Nisha Yadav,Corporate,Chandigarh,Punjab,North,Electronics,Laptops,Lenovo IdeaPad Slim 3,4,89401.91,0.18,293238.26,14871.82,Cash,Standard
ORD-10915,2024-08-01,CUST-1025,Mohit Deshmukh,Consumer,Kochi,Kerala,South,Clothing,Jackets,Campus Sutra Denim,1,4555.91,0.2,3644.73,658.46,Cash,Standard
ORD-11711,2024-08-02,CUST-1591,Sakshi Tiwari,Corporate,Lucknow,Uttar Pradesh,North,Furniture,Bookshelves,Spacewood Engineered Wood,1,11888.72,0.03,11532.06,1455.14,Credit Card,Express
ORD-11593,2024-08-02,CUST-1570,Rohit Patel,Consumer,Bhubaneswar,Odisha,East,Office Supplies,Pens & Stationery,Faber-Castell Kit,3,102.88,0.0,308.64,152.25,Net Banking,Standard
ORD-10784,2024-08-02,CUST-1539,Zara Patil,Consumer,Kolkata,West Bengal,East,Clothing,Jeans,Lee Cooper Skinny,1,1691.54,0.1,1522.39,386.83,Debit Card,Standard
ORD-10767,2024-08-03,CUST-1519,Nisha Yadav,Corporate,Chandigarh,Punjab,North,Clothing,Jackets,Red Tape Bomber,2,4206.28,0.18,6898.3,2227.33,Debit Card,Standard
ORD-12301,2024-08-03,CUST-1446,Aditi Nair,Corporate,Patna,Bihar,East,Office Supplies,Pens & Stationery,Reynolds Trimax Gel,8,194.65,0.23,1199.04,480.37,Net Banking,Express
ORD-11644,2024-08-03,CUST-1230,Nisha Sinha,Corporate,Chandigarh,Punjab,North,Clothing,Formal Shirts,Peter England Classic,2,1191.03,0.28,1715.08,489.16,UPI,Standard
ORD-12457,2024-08-03,CUST-1019,Meera Banerjee,Consumer,Surat,Gujarat,West,Office Supplies,Pens & Stationery,Pilot V5 Hi-Tecpoint,5,316.22,0.15,1343.94,479.46,Debit Card,Standard
ORD-10601,2024-08-04,CUST-1408,Sanjay Chatterjee,Corporate,Surat,Gujarat,West,Clothing,Formal Shirts,Louis Philippe Checked,4,1041.65,0.08,3833.27,1483.35,Credit Card,Standard
ORD-12058,2024-08-04,CUST-1407,Sanjay Tiwari,Consumer,Guwahati,Assam,East,Office Supplies,Pens & Stationery,Parker Classic Gold,3,163.74,0.05,466.66,223.5,Cash,Standard
ORD-11361,2024-08-04,CUST-1132,Meera Mishra,Consumer,Ahmedabad,Gujarat,West,Office Supplies,Ink & Toner,Brother BT-D60BK,10,2496.03,0.15,21216.26,6255.03,UPI,Express
ORD-11727,2024-08-04,CUST-1075,Ritika Shah,Corporate,Gurugram,Haryana,North,Electronics,Laptops,Acer Aspire 5,1,64124.97,0.18,52582.48,2257.14,Debit Card,Express
ORD-12147,2024-08-05,CUST-1159,Nandini Nair,Consumer,Surat,Gujarat,West,Electronics,Headphones,JBL Tune 510BT,2,3500.77,0.3,4901.08,730.27,Credit Card,Standard
ORD-11064,2024-08-05,CUST-1054,Amit Agarwal,Consumer,Delhi,Delhi,North,Clothing,T-Shirts,Dennis Lingo Slim Fit,4,714.62,0.0,2858.48,1302.32,Credit Card,Standard
ORD-11718,2024-08-05,CUST-1560,Neha Reddy,Corporate,Ahmedabad,Gujarat,West,Furniture,Beds,Pepperfry Trundle Bed,1,25387.46,0.28,18278.97,1113.94,Credit Card,Standard
ORD-11040,2024-08-05,CUST-1463,Aditya Nair,Home Office,Gurugram,Haryana,North,Food & Beverages,Health Supplements,Revital H Capsules,2,912.26,0.3,1277.16,248.24,UPI,Standard
ORD-10135,2024-08-06,CUST-1055,Sanjay Patel,Corporate,Hyderabad,Telangana,South,Electronics,Headphones,Realme Buds Air 3,2,2817.64,0.03,5466.22,793.17,Cash,Standard
ORD-10607,2024-08-06,CUST-1095,Zara Agarwal,Consumer,Lucknow,Uttar Pradesh,North,Office Supplies,Paper & Notebooks,Luxor Exercise Book,8,236.74,0.05,1799.22,657.81,UPI,Express
ORD-11865,2024-08-06,CUST-1559,Sanjay Malhotra,Consumer,Bangalore,Karnataka,South,Food & Beverages,Health Supplements,MuscleBlaze Whey Protein,3,299.0,0.0,897.0,263.7,Credit Card,Express
ORD-11504,2024-08-06,CUST-1426,Zara Nair,Consumer,Lucknow,Uttar Pradesh,North,Furniture,Beds,IKEA Malm King Bed,1,12013.89,0.0,12013.89,1982.67,UPI,Standard
ORD-11199,2024-08-06,CUST-1294,Sakshi Joshi,Consumer,Ahmedabad,Gujarat,West,Clothing,Formal Shirts,Louis Philippe Checked,2,1647.37,0.0,3294.74,1500.56,Credit Card,Economy
ORD-10969,2024-08-07,CUST-1157,Sanjay Reddy,Consumer,Pune,Maharashtra,West,Clothing,Jackets,HRX Active Jacket,1,5439.65,0.0,5439.65,1358.51,UPI,Economy
ORD-11289,2024-08-07,CUST-1544,Vikram Yadav,Consumer,Chennai,Tamil Nadu,South,Office Supplies,Paper & Notebooks,Luxor Exercise Book,1,234.46,0.2,187.57,88.72,UPI,Express
ORD-11482,2024-08-08,CUST-1011,Dev Deshmukh,Consumer,Jaipur,Rajasthan,North,Food & Beverages,Dry Fruits & Nuts,Amazon Basics Mixed Nuts,1,657.64,0.0,657.64,89.85,Credit Card,Standard
ORD-11535,2024-08-08,CUST-1029,Kunal Das,Corporate,Gurugram,Haryana,North,Clothing,Jackets,Fort Collins Puffer,1,3894.86,0.28,2804.3,541.54,UPI,Express
ORD-11887,2024-08-08,CUST-1191,Rahul Mishra,Corporate,Kolkata,West Bengal,East,Food & Beverages,Snacks & Chips,Lay's Classic Salted,1,97.4,0.33,65.26,11.06,Debit Card,Express
ORD-11594,2024-08-09,CUST-1338,Ananya Menon,Consumer,Mumbai,Maharashtra,West,Office Supplies,Ink & Toner,HP 678 Tri-Color,5,2595.7,0.05,12329.58,3841.22,UPI,Standard
ORD-11923,2024-08-09,CUST-1048,Zara Sharma,Corporate,Jaipur,Rajasthan,North,Clothing,Formal Shirts,Raymond Linen Shirt,1,1037.38,0.13,902.52,213.27,UPI,Standard
ORD-12486,2024-08-09,CUST-1513,Varun Agarwal,Consumer,Pune,Maharashtra,West,Electronics,Smartwatches,Apple Watch SE,1,3008.07,0.0,3008.07,405.55,Credit Card,Standard
ORD-10837,2024-08-09,CUST-1189,Zara Patel,Consumer,Guwahati,Assam,East,Electronics,Laptops,Lenovo IdeaPad Slim 3,1,48671.52,0.1,43804.37,3595.57,UPI,Same Day
ORD-10415,2024-08-09,CUST-1563,Aarav Verma,Consumer,Bangalore,Karnataka,South,Office Supplies,Printers,Epson L3250,2,29999.0,0.1,53998.2,6127.83,Cash,Same Day
ORD-12366,2024-08-09,CUST-1174,Sanjay Deshmukh,Corporate,Noida,Uttar Pradesh,North,Food & Beverages,Snacks & Chips,Kurkure Masala Munch,1,161.02,0.03,156.19,29.9,UPI,Standard
ORD-10690,2024-08-10,CUST-1285,Chirag Iyer,Consumer,Delhi,Delhi,North,Electronics,Chargers & Cables,Anker PowerPort,4,1038.28,0.05,3945.46,1504.91,Net Banking,Express
ORD-11719,2024-08-10,CUST-1131,Vikram Sinha,Consumer,Kolkata,West Bengal,East,Electronics,Headphones,OnePlus Buds Z2,2,13919.38,0.1,25054.88,5367.09,UPI,Express
ORD-11050,2024-08-10,CUST-1141,Uma Sharma,Home Office,Bangalore,Karnataka,South,Clothing,Ethnic Wear,Manyavar Kurta Set,2,12999.0,0.0,25998.0,5563.76,Credit Card,Standard
ORD-10563,2024-08-11,CUST-1046,Kunal Pillai,Home Office,Bangalore,Karnataka,South,Electronics,Headphones,Realme Buds Air 3,1,2069.27,0.1,1862.34,485.99,UPI,Standard
ORD-10456,2024-08-11,CUST-1563,Aarav Verma,Consumer,Bangalore,Karnataka,South,Electronics,Tablets,Realme Pad Mini,2,9999.0,0.05,18998.1,2696.09,Debit Card,Same Day
ORD-11759,2024-08-12,CUST-1311,Dev Nair,Consumer,Chennai,Tamil Nadu,South,Electronics,Chargers & Cables,Portronics Adaptor,1,906.75,0.05,861.41,452.78,Debit Card,Standard
ORD-12275,2024-08-12,CUST-1531,Kriti Nair,Consumer,Mumbai,Maharashtra,West,Food & Beverages,Health Supplements,Revital H Capsules,2,666.47,0.05,1266.29,456.92,Credit Card,Standard
ORD-11220,2024-08-13,CUST-1161,Bhavya Menon,Consumer,Pune,Maharashtra,West,Food & Beverages,Tea & Coffee,Brooke Bond Red Label,8,257.26,0.0,2058.08,629.09,Cash,Standard
ORD-10582,2024-08-13,CUST-1368,Kriti Banerjee,Consumer,Mumbai,Maharashtra,West,Clothing,Jeans,Levi's 511 Slim,1,799.0,0.0,799.0,311.75,Net Banking,Express
ORD-11207,2024-08-14,CUST-1152,Neha Das,Corporate,Lucknow,Uttar Pradesh,North,Furniture,Dining Tables,IKEA Ekedalen,1,36521.53,0.13,31773.73,3258.15,Credit Card,Standard
ORD-11290,2024-08-15,CUST-1569,Deepika Bhat,Corporate,Jaipur,Rajasthan,North,Electronics,Smartphones,Samsung Galaxy M34,2,33938.62,0.13,59053.2,4595.3,Debit Card,Express
ORD-12241,2024-08-16,CUST-1177,Yash Pandey,Corporate,Ahmedabad,Gujarat,West,Office Supplies,Pens & Stationery,Pilot V5 Hi-Tecpoint,3,109.43,0.08,302.03,148.75,Cash,Standard
ORD-12314,2024-08-16,CUST-1325,Mohit Patel,Consumer,Surat,Gujarat,West,Electronics,Headphones,Sony WH-1000XM5,1,3401.77,0.1,3061.59,567.93,UPI,Express
ORD-10316,2024-08-16,CUST-1139,Dev Menon,Home Office,Delhi,Delhi,North,Clothing,Jackets,Red Tape Bomber,2,2469.92,0.25,3704.88,1165.64,UPI,Express
ORD-11455,2024-08-16,CUST-1343,Sakshi Joshi,Home Office,Bangalore,Karnataka,South,Electronics,Headphones,Realme Buds Air 3,1,1482.94,0.2,1186.35,185.77,UPI,Express
ORD-10583,2024-08-17,CUST-1268,Pooja Tiwari,Home Office,Kolkata,West Bengal,East,Electronics,Chargers & Cables,Mi 33W SonicCharge,2,1316.36,0.1,2369.45,729.23,Debit Card,Same Day
ORD-11159,2024-08-17,CUST-1374,Rahul Gupta,Consumer,Noida,Uttar Pradesh,North,Food & Beverages,Snacks & Chips,Lay's Classic Salted,12,97.64,0.15,995.93,302.44,Net Banking,Express
ORD-10656,2024-08-18,CUST-1272,Varun Rao,Corporate,Mumbai,Maharashtra,West,Electronics,Headphones,Realme Buds Air 3,1,7030.15,0.03,6819.25,1001.81,Credit Card,Standard
ORD-11612,2024-08-19,CUST-1247,Ananya Mehta,Corporate,Mumbai,Maharashtra,West,Electronics,Smartwatches,Noise ColorFit Pro 4,3,12303.44,0.13,32111.98,4478.05,UPI,Same Day
ORD-12302,2024-08-19,CUST-1417,Kavya Bhat,Home Office,Delhi,Delhi,North,Clothing,Ethnic Wear,W Palazzo Set,1,9250.39,0.15,7862.83,1696.31,UPI,Express
ORD-10926,2024-08-20,CUST-1219,Arjun Kumar,Home Office,Lucknow,Uttar Pradesh,North,Food & Beverages,Dry Fruits & Nuts,Amazon Basics Mixed Nuts,4,504.49,0.1,1816.16,441.32,Net Banking,Express
ORD-11247,2024-08-21,CUST-1328,Sanjay Pandey,Consumer,Pune,Maharashtra,West,Electronics,Laptops,Acer Aspire 5,1,53174.28,0.2,42539.42,3252.78,Debit Card,Standard
ORD-10197,2024-08-21,CUST-1389,Harsh Sinha,Home Office,Lucknow,Uttar Pradesh,North,Office Supplies,Pens & Stationery,Faber-Castell Kit,3,163.75,0.3,343.88,90.49,Cash,Standard
ORD-10492,2024-08-22,CUST-1502,Neha Patel,Consumer,Chennai,Tamil Nadu,South,Clothing,Formal Shirts,Arrow Regular Fit,1,1146.93,0.0,1146.93,455.28,UPI,Standard
ORD-11018,2024-08-22,CUST-1334,Tanvi Malhotra,Consumer,Ahmedabad,Gujarat,West,Food & Beverages,Snacks & Chips,Too Yumm Multigrain,2,60.2,0.0,120.4,23.48,Credit Card,Express
ORD-12062,2024-08-22,CUST-1528,Rajesh Mehta,Home Office,Mumbai,Maharashtra,West,Clothing,Ethnic Wear,Soch Silk Saree,2,1974.62,0.1,3554.32,1248.54,Cash,Standard
ORD-12152,2024-08-23,CUST-1450,Simran Malhotra,Home Office,Ahmedabad,Gujarat,West,Furniture,Bookshelves,Spacewood Engineered Wood,1,7825.14,0.0,7825.14,1849.05,Credit Card,Express
ORD-12446,2024-08-23,CUST-1227,Harsh Malhotra,Consumer,Kochi,Kerala,South,Office Supplies,Paper & Notebooks,Sundaram A4 Ruled,5,169.42,0.0,847.1,482.12,UPI,Standard
ORD-10441,2024-08-23,CUST-1256,Tanvi Chatterjee,Home Office,Visakhapatnam,Andhra Pradesh,South,Electronics,Laptops,Lenovo IdeaPad Slim 3,1,32857.14,0.05,31214.28,2427.56,Debit Card,Standard
ORD-10575,2024-08-23,CUST-1292,Vivek Pandey,Corporate,Chennai,Tamil Nadu,South,Office Supplies,Printers,Epson L3250,4,29999.0,0.13,104396.52,2862.4,UPI,Economy
ORD-10994,2024-08-24,CUST-1263,Ayesha Kulkarni,Consumer,Delhi,Delhi,North,Office Supplies,Paper & Notebooks,JK Copier A4 Paper Ream,2,361.36,0.0,722.72,221.35,Net Banking,Express
ORD-11019,2024-08-25,CUST-1568,Tushar Sharma,Consumer,Mumbai,Maharashtra,West,Electronics,Laptops,Acer Aspire 5,2,34993.11,0.0,69986.22,5365.85,UPI,Standard
ORD-11081,2024-08-26,CUST-1159,Nandini Nair,Consumer,Surat,Gujarat,West,Electronics,Laptops,HP Pavilion 15,1,42818.76,0.25,32114.07,2215.18,UPI,Express
ORD-10504,2024-08-26,CUST-1135,Kriti Kapoor,Consumer,Gurugram,Haryana,North,Electronics,Smartphones,iPhone 15,1,89999.0,0.25,67499.25,1483.35,Net Banking,Standard
ORD-11684,2024-08-26,CUST-1188,Ananya Reddy,Corporate,Chennai,Tamil Nadu,South,Electronics,Chargers & Cables,Mi 33W SonicCharge,1,199.0,0.33,133.33,28.66,UPI,Express
ORD-11177,2024-08-26,CUST-1582,Diya Das,Consumer,Pune,Maharashtra,West,Furniture,Beds,Wakefit Orthopaedic Bed,1,28175.01,0.0,28175.01,5405.53,Credit Card,Express
ORD-10519,2024-08-27,CUST-1308,Arjun Yadav,Consumer,Mumbai,Maharashtra,West,Office Supplies,Ink & Toner,Brother BT-D60BK,1,1800.47,0.0,1800.47,388.21,Debit Card,Express
ORD-12112,2024-08-27,CUST-1472,Vivek Chatterjee,Corporate,Chennai,Tamil Nadu,South,Clothing,Jackets,Red Tape Bomber,2,1628.2,0.18,2670.25,341.9,UPI,Standard
ORD-10334,2024-08-28,CUST-1114,Pooja Yadav,Corporate,Pune,Maharashtra,West,Food & Beverages,Dry Fruits & Nuts,Happilo Almonds 500g,10,792.5,0.13,6894.75,1579.44,UPI,Express
ORD-11657,2024-08-28,CUST-1533,Neha Sinha,Home Office,Pune,Maharashtra,West,Electronics,Smartphones,Realme Narzo 60,4,40361.43,0.05,153373.43,18972.07,Credit Card,Standard
ORD-10062,2024-08-28,CUST-1292,Vivek Pandey,Corporate,Chennai,Tamil Nadu,South,Electronics,Smartwatches,Samsung Galaxy Watch 5,1,7938.43,0.13,6906.43,1411.16,UPI,Same Day
ORD-12341,2024-08-28,CUST-1073,Deepika Kulkarni,Consumer,Hyderabad,Telangana,South,Clothing,Jackets,HRX Active Jacket,1,8656.77,0.0,8656.77,1862.55,Credit Card,Standard
ORD-12369,2024-08-28,CUST-1395,Kriti Joshi,Consumer,Jaipur,Rajasthan,North,Furniture,Desks,Featherlite Amaze,2,17647.34,0.0,35294.68,7654.45,Net Banking,Standard
ORD-11439,2024-08-29,CUST-1450,Simran Malhotra,Home Office,Ahmedabad,Gujarat,West,Furniture,Desks,Amazon Basics L-Shape Desk,1,5058.57,0.0,5058.57,765.69,Credit Card,Express
ORD-10594,2024-08-29,CUST-1228,Tushar Menon,Consumer,Gurugram,Haryana,North,Clothing,Jeans,Levi's 511 Slim,3,2494.69,0.1,6735.66,1667.75,Debit Card,Standard
ORD-10879,2024-08-30,CUST-1298,Nandini Singh,Corporate,Surat,Gujarat,West,Office Supplies,Paper & Notebooks,Classmate Notebook 200pg,6,122.5,0.08,676.2,338.05,Credit Card,Express
ORD-11261,2024-08-30,CUST-1446,Aditi Nair,Corporate,Patna,Bihar,East,Office Supplies,Storage & Organizers,Tupperware Store-All,5,414.32,0.08,1905.87,678.0,UPI,Standard
ORD-11124,2024-08-31,CUST-1099,Sanjay Mishra,Consumer,Chennai,Tamil Nadu,South,Electronics,Tablets,Realme Pad Mini,1,23532.75,0.1,21179.48,1779.78,UPI,Standard
ORD-11192,2024-08-31,CUST-1000,Mohit Agarwal,Home Office,Gurugram,Haryana,North,Food & Beverages,Health Supplements,MuscleBlaze Whey Protein,1,299.0,0.2,239.2,40.49,UPI,Express
ORD-12266,2024-09-01,CUST-1387,Pooja Kumar,Corporate,Chennai,Tamil Nadu,South,Office Supplies,Paper & Notebooks,Luxor Exercise Book,3,504.56,0.13,1316.9,577.03,Cash,Express
ORD-10251,2024-09-01,CUST-1577,Aditi Das,Consumer,Delhi,Delhi,North,Electronics,Smartwatches,Noise ColorFit Pro 4,3,12383.91,0.1,33436.56,3828.59,Debit Card,Express
ORD-11779,2024-09-01,CUST-1584,Sakshi Menon,Home Office,Bangalore,Karnataka,South,Electronics,Chargers & Cables,Belkin BoostCharge,1,1131.21,0.0,1131.21,353.79,Debit Card,Express
ORD-10013,2024-09-01,CUST-1516,Meera Mehta,Consumer,Jaipur,Rajasthan,North,Food & Beverages,Snacks & Chips,Haldiram's Aloo Bhujia,1,32.49,0.2,25.99,4.73,Debit Card,Standard
ORD-11067,2024-09-03,CUST-1310,Uma Chopra,Consumer,Noida,Uttar Pradesh,North,Office Supplies,Paper & Notebooks,Navneet Long Book,3,125.17,0.1,337.96,94.56,UPI,Standard
ORD-10222,2024-09-03,CUST-1466,Ayesha Menon,Home Office,Bangalore,Karnataka,South,Office Supplies,Pens & Stationery,Reynolds Trimax Gel,6,243.31,0.05,1386.87,821.87,Cash,Same Day
ORD-10468,2024-09-03,CUST-1055,Sanjay Patel,Corporate,Hyderabad,Telangana,South,Clothing,Formal Shirts,Raymond Linen Shirt,1,1331.03,0.13,1158.0,226.56,UPI,Express
ORD-10351,2024-09-03,CUST-1398,Deepika Chopra,Home Office,Delhi,Delhi,North,Furniture,Office Chairs,Nilkamal Leatherite,1,8419.62,0.0,8419.62,861.79,Credit Card,Standard
ORD-10157,2024-09-04,CUST-1190,Nikhil Mishra,Consumer,Bangalore,Karnataka,South,Office Supplies,Paper & Notebooks,Sundaram A4 Ruled,5,391.53,0.0,1957.65,1113.44,Cash,Standard
ORD-11785,2024-09-04,CUST-1356,Manish Kumar,Consumer,Lucknow,Uttar Pradesh,North,Electronics,Chargers & Cables,Anker PowerPort,1,2431.11,0.2,1944.89,630.4,Net Banking,Standard
ORD-11982,2024-09-05,CUST-1068,Pankaj Gupta,Corporate,Bangalore,Karnataka,South,Electronics,Smartphones,Vivo T2x,2,89999.0,0.28,129598.56,10595.51,Cash,Economy
ORD-11291,2024-09-05,CUST-1041,Amit Joshi,Consumer,Kolkata,West Bengal,East,Furniture,Desks,Featherlite Amaze,1,13933.96,0.25,10450.47,1500.28,Credit Card,Express
ORD-11997,2024-09-05,CUST-1413,Yash Kulkarni,Consumer,Jaipur,Rajasthan,North,Electronics,Chargers & Cables,Portronics Adaptor,4,1018.72,0.05,3871.14,1483.32,UPI,Economy
ORD-10306,2024-09-05,CUST-1158,Sneha Singh,Home Office,Guwahati,Assam,East,Office Supplies,Printers,HP LaserJet M1005,2,19012.14,0.0,38024.28,4696.87,Debit Card,Express
ORD-12362,2024-09-06,CUST-1020,Sanjay Bhat,Consumer,Pune,Maharashtra,West,Clothing,Formal Shirts,Arrow Regular Fit,5,1661.09,0.15,7059.63,1912.13,Debit Card,Economy
ORD-11297,2024-09-06,CUST-1219,Arjun Kumar,Home Office,Lucknow,Uttar Pradesh,North,Electronics,Smartphones,Realme Narzo 60,4,12034.5,0.05,45731.1,3260.7,Debit Card,Standard
ORD-11303,2024-09-06,CUST-1036,Aditi Iyer,Corporate,Ahmedabad,Gujarat,West,Office Supplies,Pens & Stationery,Reynolds Trimax Gel,2,171.9,0.33,230.35,107.39,Cash,Standard
ORD-12095,2024-09-06,CUST-1231,Deepika Chopra,Corporate,Delhi,Delhi,North,Clothing,T-Shirts,U.S. Polo Assn. Crew,2,1240.13,0.18,2033.81,444.72,UPI,Express
ORD-12325,2024-09-07,CUST-1174,Sanjay Deshmukh,Corporate,Noida,Uttar Pradesh,North,Clothing,Jeans,Pepe Jeans Slim,2,1529.66,0.13,2661.61,995.26,UPI,Standard
ORD-10267,2024-09-07,CUST-1408,Sanjay Chatterjee,Corporate,Surat,Gujarat,West,Electronics,Laptops,Acer Aspire 5,1,65993.06,0.03,64013.27,6176.18,Credit Card,Express
ORD-10661,2024-09-08,CUST-1353,Sneha Saxena,Home Office,Bhubaneswar,Odisha,East,Clothing,Ethnic Wear,Soch Silk Saree,1,4570.34,0.1,4113.31,1020.1,Net Banking,Same Day
ORD-11518,2024-09-08,CUST-1190,Nikhil Mishra,Consumer,Bangalore,Karnataka,South,Furniture,Office Chairs,Green Soul Jupiter,1,11945.55,0.0,11945.55,2760.92,UPI,Express
ORD-11203,2024-09-09,CUST-1522,Lavanya Agarwal,Corporate,Mumbai,Maharashtra,West,Office Supplies,Paper & Notebooks,JK Copier A4 Paper Ream,6,222.67,0.03,1295.94,377.68,Credit Card,Standard
ORD-10172,2024-09-09,CUST-1164,Aarav Menon,Home Office,Delhi,Delhi,North,Office Supplies,Storage & Organizers,Nilkamal Chester 24,3,884.88,0.05,2521.91,809.38,UPI,Standard
ORD-10034,2024-09-09,CUST-1381,Rishi Deshmukh,Consumer,Chennai,Tamil Nadu,South,Electronics,Smartwatches,Noise ColorFit Pro 4,1,4435.96,0.1,3992.36,917.75,Credit Card,Express
ORD-10488,2024-09-10,CUST-1591,Sakshi Tiwari,Corporate,Lucknow,Uttar Pradesh,North,Electronics,Tablets,Samsung Galaxy Tab A8,1,19687.54,0.03,19096.91,2637.98,UPI,Economy
ORD-11219,2024-09-10,CUST-1558,Gaurav Kapoor,Consumer,Bangalore,Karnataka,South,Electronics,Smartphones,OnePlus Nord CE3,2,35167.72,0.0,70335.44,11779.58,Cash,Same Day
ORD-10006,2024-09-10,CUST-1253,Simran Mehta,Consumer,Visakhapatnam,Andhra Pradesh,South,Furniture,Office Chairs,Featherlite Optima,1,12889.46,0.05,12244.99,2643.81,Cash,Standard
ORD-11436,2024-09-10,CUST-1177,Yash Pandey,Corporate,Ahmedabad,Gujarat,West,Office Supplies,Ink & Toner,HP 678 Tri-Color,4,3219.14,0.03,12490.26,4013.48,Credit Card,Same Day
ORD-11460,2024-09-10,CUST-1121,Chirag Gupta,Corporate,Hyderabad,Telangana,South,Electronics,Smartphones,OnePlus Nord CE3,4,18614.73,0.13,64779.26,5787.83,Debit Card,Economy
ORD-11414,2024-09-11,CUST-1299,Rishi Mishra,Consumer,Delhi,Delhi,North,Food & Beverages,Health Supplements,HealthKart Multivitamin,3,370.08,0.0,1110.24,278.48,UPI,Economy
ORD-11762,2024-09-11,CUST-1419,Zara Shah,Consumer,Mumbai,Maharashtra,West,Office Supplies,Printers,HP Smart Tank 580,10,14109.24,0.05,134037.78,15690.76,Credit Card,Express
ORD-10547,2024-09-11,CUST-1211,Rahul Mishra,Consumer,Bangalore,Karnataka,South,Electronics,Laptops,Lenovo IdeaPad Slim 3,1,81287.32,0.0,81287.32,5013.65,Cash,Standard
ORD-11170,2024-09-12,CUST-1404,Rahul Patil,Corporate,Pune,Maharashtra,West,Food & Beverages,Beverages,Tropicana Mixed Fruit 1L,3,224.31,0.23,518.16,194.29,Credit Card,Express
ORD-11867,2024-09-12,CUST-1478,Uma Mishra,Consumer,Mumbai,Maharashtra,West,Food & Beverages,Tea & Coffee,Nescafe Classic 200g,6,213.63,0.05,1217.69,447.78,UPI,Standard
ORD-11452,2024-09-12,CUST-1118,Vivek Verma,Consumer,Ahmedabad,Gujarat,West,Clothing,Jackets,Fort Collins Puffer,3,2692.03,0.2,6460.87,1701.31,UPI,Standard
ORD-12403,2024-09-12,CUST-1013,Yash Patel,Home Office,Bangalore,Karnataka,South,Electronics,Tablets,OnePlus Pad Go,5,21455.65,0.05,101914.34,11917.62,Debit Card,Express
ORD-12265,2024-09-12,CUST-1303,Vivek Sinha,Consumer,Bhubaneswar,Odisha,East,Clothing,Formal Shirts,Arrow Regular Fit,2,1392.45,0.05,2645.66,1012.61,UPI,Express
ORD-10642,2024-09-13,CUST-1599,Ananya Reddy,Consumer,Coimbatore,Tamil Nadu,South,Furniture,Desks,Amazon Basics L-Shape Desk,2,5822.57,0.05,11062.88,2018.08,Credit Card,Express
ORD-11688,2024-09-13,CUST-1008,Yash Malhotra,Consumer,Kolkata,West Bengal,East,Office Supplies,Pens & Stationery,Reynolds Trimax Gel,1,345.82,0.0,345.82,126.55,Net Banking,Express
ORD-12198,2024-09-13,CUST-1316,Diya Bhat,Consumer,Delhi,Delhi,North,Clothing,T-Shirts,Levi's Graphic Tee,1,1034.07,0.1,930.66,218.39,Credit Card,Standard
ORD-12442,2024-09-13,CUST-1141,Uma Sharma,Home Office,Bangalore,Karnataka,South,Clothing,Ethnic Wear,W Palazzo Set,2,7006.05,0.2,11209.68,4077.69,Cash,Express
ORD-12144,2024-09-14,CUST-1281,Aditya Patil,Consumer,Mumbai,Maharashtra,West,Food & Beverages,Dry Fruits & Nuts,Amazon Basics Mixed Nuts,4,558.71,0.15,1899.61,458.43,Cash,Standard
ORD-11874,2024-09-14,CUST-1346,Sanjay Nair,Consumer,Noida,Uttar Pradesh,North,Clothing,Ethnic Wear,FabIndia Cotton Kurta,1,3791.76,0.1,3412.58,1230.49,UPI,Standard
ORD-10776,2024-09-14,CUST-1313,Amit Menon,Corporate,Lucknow,Uttar Pradesh,North,Office Supplies,Paper & Notebooks,Luxor Exercise Book,2,134.63,0.18,220.79,82.11,Net Banking,Standard
ORD-12307,2024-09-14,CUST-1233,Kriti Deshmukh,Home Office,Bangalore,Karnataka,South,Office Supplies,Ink & Toner,Epson T664 Refill Bottle,3,3463.52,0.3,7273.39,848.0,UPI,Express
ORD-11572,2024-09-15,CUST-1276,Amit Sinha,Consumer,Nagpur,Maharashtra,West,Electronics,Tablets,Samsung Galaxy Tab A8,2,21208.56,0.0,42417.12,5734.29,UPI,Same Day
ORD-12195,2024-09-15,CUST-1133,Priya Gupta,Home Office,Noida,Uttar Pradesh,North,Electronics,Smartwatches,Apple Watch SE,1,3356.03,0.1,3020.43,476.8,Credit Card,Express
ORD-10718,2024-09-15,CUST-1582,Diya Das,Consumer,Pune,Maharashtra,West,Electronics,Chargers & Cables,Anker PowerPort,1,380.88,0.15,323.75,73.51,UPI,Express
ORD-11231,2024-09-15,CUST-1321,Diya Rao,Home Office,Delhi,Delhi,North,Office Supplies,Paper & Notebooks,Navneet Long Book,10,299.99,0.05,2849.9,1493.25,Cash,Express
ORD-12274,2024-09-16,CUST-1380,Yash Das,Corporate,Bangalore,Karnataka,South,Office Supplies,Storage & Organizers,Amazon Basics Desk Organizer,3,995.43,0.03,2896.7,610.12,Credit Card,Economy
ORD-11101,2024-09-16,CUST-1529,Neha Banerjee,Consumer,Coimbatore,Tamil Nadu,South,Food & Beverages,Health Supplements,MuscleBlaze Whey Protein,2,598.22,0.0,1196.44,295.69,Debit Card,Standard
ORD-11147,2024-09-16,CUST-1107,Arjun Mehta,Consumer,Gurugram,Haryana,North,Office Supplies,Ink & Toner,Canon PG-745 Black,1,3581.26,0.25,2685.94,670.61,Credit Card,Standard
ORD-10880,2024-09-16,CUST-1276,Amit Sinha,Consumer,Nagpur,Maharashtra,West,Electronics,Laptops,Acer Aspire 5,1,78632.01,0.0,78632.01,6735.54,Credit Card,Standard
ORD-10757,2024-09-16,CUST-1077,Bhavya Patel,Corporate,Bhubaneswar,Odisha,East,Electronics,Smartphones,Realme Narzo 60,1,8999.0,0.03,8729.03,1302.45,Cash,Standard
ORD-11648,2024-09-17,CUST-1231,Deepika Chopra,Corporate,Delhi,Delhi,North,Office Supplies,Printers,HP Smart Tank 580,4,26862.26,0.03,104225.57,11444.89,Debit Card,Standard
ORD-10318,2024-09-17,CUST-1319,Deepika Bhat,Home Office,Ahmedabad,Gujarat,West,Electronics,Laptops,Dell Inspiron 14,2,58402.48,0.0,116804.96,7890.95,Cash,Express
ORD-10826,2024-09-17,CUST-1446,Aditi Nair,Corporate,Patna,Bihar,East,Clothing,Formal Shirts,Arrow Regular Fit,1,611.44,0.18,501.38,188.49,Debit Card,Standard
ORD-12017,2024-09-17,CUST-1523,Aditya Pandey,Consumer,Hyderabad,Telangana,South,Clothing,Jackets,Fort Collins Puffer,3,2574.85,0.0,7724.55,2484.39,Net Banking,Express
ORD-11590,2024-09-17,CUST-1540,Neha Saxena,Consumer,Ahmedabad,Gujarat,West,Electronics,Chargers & Cables,Portronics Adaptor,1,1676.74,0.0,1676.74,596.42,Credit Card,Economy
ORD-10833,2024-09-18,CUST-1226,Nandini Nair,Corporate,Chennai,Tamil Nadu,South,Food & Beverages,Health Supplements,Ensure Nutritional Drink,3,1004.13,0.13,2620.78,386.5,Debit Card,Express
ORD-10525,2024-09-18,CUST-1378,Ishaan Gupta,Corporate,Pune,Maharashtra,West,Electronics,Smartwatches,Fire-Boltt Phoenix,2,8890.19,0.08,16357.95,2352.07,Cash,Express
ORD-10744,2024-09-18,CUST-1264,Tushar Kulkarni,Consumer,Delhi,Delhi,North,Electronics,Smartphones,Samsung Galaxy M34,3,37943.81,0.1,102448.29,14247.95,Debit Card,Economy
ORD-10884,2024-09-18,CUST-1248,Isha Gupta,Corporate,Pune,Maharashtra,West,Office Supplies,Storage & Organizers,Amazon Basics Desk Organizer,3,802.61,0.03,2335.6,788.46,UPI,Same Day
ORD-11632,2024-09-18,CUST-1101,Yash Verma,Consumer,Mumbai,Maharashtra,West,Clothing,T-Shirts,Allen Solly Polo,1,1230.67,0.05,1169.14,553.96,Credit Card,Express
ORD-10479,2024-09-19,CUST-1455,Tanvi Sinha,Consumer,Bhubaneswar,Odisha,East,Furniture,Bookshelves,Nilkamal Freedom Mini,2,4748.9,0.3,6648.46,760.94,Cash,Same Day
ORD-10132,2024-09-19,CUST-1518,Sneha Shah,Consumer,Ranchi,Jharkhand,East,Furniture,Bookshelves,Amazon Basics Bookcase,2,5064.08,0.3,7089.71,246.75,Cash,Express
ORD-10043,2024-09-19,CUST-1485,Ananya Deshmukh,Consumer,Delhi,Delhi,North,Clothing,Jackets,Wildcraft Windbreaker,1,3344.13,0.05,3176.92,543.44,Credit Card,Economy
ORD-11901,2024-09-20,CUST-1348,Dev Patel,Corporate,Kolkata,West Bengal,East,Electronics,Chargers & Cables,Anker PowerPort,1,2109.02,0.03,2045.75,703.73,Cash,Same Day
ORD-12101,2024-09-20,CUST-1484,Isha Malhotra,Corporate,Bangalore,Karnataka,South,Office Supplies,Ink & Toner,Epson T664 Refill Bottle,1,685.02,0.23,527.47,86.17,UPI,Economy
ORD-10766,2024-09-20,CUST-1045,Ishaan Malhotra,Corporate,Lucknow,Uttar Pradesh,North,Food & Beverages,Snacks & Chips,Bingo Mad Angles,8,155.67,0.08,1145.73,362.61,UPI,Standard
ORD-10114,2024-09-20,CUST-1379,Ishaan Joshi,Consumer,Surat,Gujarat,West,Food & Beverages,Health Supplements,MuscleBlaze Whey Protein,6,2936.62,0.2,14095.78,3059.05,UPI,Same Day
ORD-11830,2024-09-20,CUST-1226,Nandini Nair,Corporate,Chennai,Tamil Nadu,South,Furniture,Desks,Nilkamal Aries Workstation,3,12811.97,0.33,25752.06,2318.59,UPI,Express
ORD-11537,2024-09-21,CUST-1474,Bhavya Patil,Consumer,Hyderabad,Telangana,South,Clothing,T-Shirts,Dennis Lingo Slim Fit,4,1779.19,0.1,6405.08,2266.52,Cash,Express
ORD-12351,2024-09-22,CUST-1272,Varun Rao,Corporate,Mumbai,Maharashtra,West,Electronics,Tablets,Samsung Galaxy Tab A8,3,37535.76,0.03,109229.06,15184.06,Cash,Express
ORD-11104,2024-09-22,CUST-1056,Chirag Agarwal,Home Office,Hyderabad,Telangana,South,Clothing,Jackets,Campus Sutra Denim,1,3434.25,0.05,3262.54,672.4,Debit Card,Express
ORD-10514,2024-09-22,CUST-1007,Sneha Patil,Consumer,Chennai,Tamil Nadu,South,Electronics,Headphones,OnePlus Buds Z2,5,1832.09,0.1,8244.4,1326.88,UPI,Standard
ORD-12163,2024-09-22,CUST-1065,Pooja Malhotra,Consumer,Mumbai,Maharashtra,West,Electronics,Chargers & Cables,Belkin BoostCharge,1,1821.75,0.1,1639.58,587.49,UPI,Same Day
ORD-10957,2024-09-22,CUST-1465,Lavanya Chatterjee,Home Office,Chennai,Tamil Nadu,South,Electronics,Tablets,Realme Pad Mini,1,21138.2,0.15,17967.47,1508.93,UPI,Express
ORD-10133,2024-09-22,CUST-1206,Amit Nair,Consumer,Mumbai,Maharashtra,West,Food & Beverages,Health Supplements,HealthKart Multivitamin,1,2465.24,0.3,1725.67,437.28,Cash,Economy
ORD-11364,2024-09-23,CUST-1564,Diya Menon,Consumer,Nagpur,Maharashtra,West,Food & Beverages,Beverages,Sting Energy Drink,3,72.71,0.0,218.13,65.4,Debit Card,Economy
ORD-11670,2024-09-24,CUST-1023,Rohit Kapoor,Corporate,Lucknow,Uttar Pradesh,North,Food & Beverages,Beverages,Coca-Cola 2L,2,118.98,0.13,207.03,60.39,Credit Card,Standard
ORD-10027,2024-09-24,CUST-1397,Rahul Tiwari,Consumer,Pune,Maharashtra,West,Electronics,Smartwatches,Apple Watch SE,1,15755.21,0.0,15755.21,2006.9,Credit Card,Standard
ORD-10393,2024-09-25,CUST-1375,Ananya Kulkarni,Consumer,Noida,Uttar Pradesh,North,Office Supplies,Storage & Organizers,Milton Modular Box,2,571.67,0.05,1086.17,378.63,Net Banking,Express
ORD-10229,2024-09-25,CUST-1272,Varun Rao,Corporate,Mumbai,Maharashtra,West,Electronics,Laptops,ASUS VivoBook 15,2,131706.49,0.08,242339.94,21724.45,Net Banking,Standard
ORD-10195,2024-09-26,CUST-1543,Diya Bhat,Consumer,Ranchi,Jharkhand,East,Food & Beverages,Beverages,Real Fruit Power Mango,2,326.81,0.0,653.62,155.47,Credit Card,Express
ORD-12050,2024-09-26,CUST-1104,Amit Mehta,Corporate,Delhi,Delhi,North,Food & Beverages,Beverages,Paper Boat Aamras,2,82.9,0.18,135.96,25.63,UPI,Standard
ORD-11788,2024-09-26,CUST-1578,Ananya Chatterjee,Consumer,Bhubaneswar,Odisha,East,Furniture,Office Chairs,HOF Ito Mesh Chair,1,8878.55,0.0,8878.55,2074.43,Credit Card,Economy
ORD-11977,2024-09-26,CUST-1291,Rahul Mehta,Consumer,Kochi,Kerala,South,Furniture,Office Chairs,IKEA Markus,2,13648.93,0.15,23203.18,1486.99,UPI,Express
ORD-10902,2024-09-26,CUST-1576,Vikram Reddy,Corporate,Ahmedabad,Gujarat,West,Food & Beverages,Health Supplements,Ensure Nutritional Drink,6,571.09,0.03,3323.74,1172.36,UPI,Same Day
ORD-10933,2024-09-27,CUST-1345,Uma Chatterjee,Consumer,Delhi,Delhi,North,Clothing,Jackets,HRX Active Jacket,5,2396.16,0.2,9584.64,2003.13,UPI,Standard
ORD-10384,2024-09-27,CUST-1557,Zara Gupta,Consumer,Bangalore,Karnataka,South,Clothing,Ethnic Wear,Manyavar Kurta Set,1,1913.56,0.0,1913.56,715.25,Debit Card,Express
ORD-11265,2024-09-27,CUST-1427,Isha Verma,Corporate,Noida,Uttar Pradesh,North,Furniture,Dining Tables,Urban Ladder Danton 6-Seater,1,24125.09,0.18,19782.57,912.72,UPI,Express
ORD-10782,2024-09-27,CUST-1236,Aditya Pandey,Consumer,Pune,Maharashtra,West,Clothing,T-Shirts,Allen Solly Polo,4,317.84,0.2,1017.09,393.05,UPI,Express
ORD-11656,2024-09-28,CUST-1118,Vivek Verma,Consumer,Ahmedabad,Gujarat,West,Food & Beverages,Tea & Coffee,Tata Gold Tea 500g,3,740.2,0.1,1998.54,534.87,UPI,Same Day
ORD-10523,2024-09-28,CUST-1524,Priya Verma,Home Office,Pune,Maharashtra,West,Food & Beverages,Tea & Coffee,Nescafe Classic 200g,3,601.3,0.15,1533.31,266.27,Credit Card,Same Day
ORD-10820,2024-09-28,CUST-1294,Sakshi Joshi,Consumer,Ahmedabad,Gujarat,West,Food & Beverages,Dry Fruits & Nuts,Farmley Premium Walnuts,1,423.42,0.05,402.25,104.26,Debit Card,Same Day
ORD-10694,2024-09-29,CUST-1212,Ananya Malhotra,Consumer,Bangalore,Karnataka,South,Food & Beverages,Tea & Coffee,Tata Gold Tea 500g,10,403.23,0.2,3225.84,666.48,Credit Card,Standard
ORD-10209,2024-09-29,CUST-1309,Pooja Shah,Corporate,Mumbai,Maharashtra,West,Electronics,Tablets,Realme Pad Mini,1,9999.0,0.03,9699.03,811.8,Net Banking,Same Day
ORD-11222,2024-09-29,CUST-1439,Kriti Rao,Consumer,Hyderabad,Telangana,South,Clothing,Jackets,Wildcraft Windbreaker,1,2177.39,0.05,2068.52,566.26,Debit Card,Standard
ORD-10377,2024-09-30,CUST-1093,Kunal Sharma,Home Office,Bangalore,Karnataka,South,Furniture,Desks,Wakefit Orion Study Table,1,11729.23,0.1,10556.31,951.62,Credit Card,Standard
ORD-12259,2024-09-30,CUST-1396,Isha Nair,Consumer,Kolkata,West Bengal,East,Food & Beverages,Snacks & Chips,Kurkure Masala Munch,4,33.09,0.05,125.74,25.41,Debit Card,Express
ORD-11066,2024-09-30,CUST-1333,Mohit Chatterjee,Consumer,Gurugram,Haryana,North,Clothing,Jackets,Campus Sutra Denim,1,3782.17,0.0,3782.17,1032.85,UPI,Standard
ORD-11635,2024-09-30,CUST-1405,Zara Menon,Consumer,Kolkata,West Bengal,East,Office Supplies,Ink & Toner,HP 802 Black Cartridge,2,3973.63,0.0,7947.26,2511.81,Cash,Standard
ORD-12153,2024-10-01,CUST-1232,Varun Patel,Consumer,Surat,Gujarat,West,Clothing,Ethnic Wear,Manyavar Kurta Set,4,3261.57,0.2,10437.02,3197.07,Credit Card,Same Day
ORD-10024,2024-10-01,CUST-1515,Meera Iyer,Consumer,Chennai,Tamil Nadu,South,Food & Beverages,Tea & Coffee,Brooke Bond Red Label,5,304.82,0.3,1066.87,167.02,Cash,Standard
ORD-10741,2024-10-02,CUST-1553,Aditi Malhotra,Consumer,Mumbai,Maharashtra,West,Furniture,Beds,Sleepyhead Original,1,21778.89,0.15,18512.06,1726.15,Credit Card,Same Day
ORD-10806,2024-10-02,CUST-1161,Bhavya Menon,Consumer,Pune,Maharashtra,West,Clothing,Ethnic Wear,W Palazzo Set,3,999.0,0.15,2547.45,805.25,Debit Card,Standard
ORD-10893,2024-10-02,CUST-1026,Deepika Mehta,Consumer,Mumbai,Maharashtra,West,Office Supplies,Pens & Stationery,Reynolds Trimax Gel,4,422.86,0.05,1606.87,873.94,UPI,Same Day
ORD-11513,2024-10-02,CUST-1575,Lavanya Das,Consumer,Bhubaneswar,Odisha,East,Office Supplies,Printers,HP LaserJet M1005,1,9939.11,0.25,7454.33,437.7,Debit Card,Express
ORD-11571,2024-10-03,CUST-1127,Sakshi Patel,Consumer,Nagpur,Maharashtra,West,Electronics,Chargers & Cables,Mi 33W SonicCharge,2,812.45,0.2,1299.92,295.42,Net Banking,Standard
ORD-10418,2024-10-04,CUST-1040,Shreya Malhotra,Consumer,Hyderabad,Telangana,South,Electronics,Laptops,Lenovo IdeaPad Slim 3,1,52796.27,0.1,47516.64,4622.83,Credit Card,Same Day
ORD-10927,2024-10-04,CUST-1380,Yash Das,Corporate,Bangalore,Karnataka,South,Furniture,Office Chairs,IKEA Markus,1,9901.94,0.18,8119.59,641.15,Debit Card,Economy
ORD-10248,2024-10-04,CUST-1566,Rahul Reddy,Consumer,Coimbatore,Tamil Nadu,South,Food & Beverages,Health Supplements,HealthKart Multivitamin,5,1368.04,0.25,5130.15,1405.7,Credit Card,Standard
ORD-11227,2024-10-05,CUST-1283,Simran Rao,Consumer,Jaipur,Rajasthan,North,Office Supplies,Storage & Organizers,Amazon Basics Desk Organizer,6,1241.37,0.3,5213.75,1460.32,Cash,Express
ORD-11330,2024-10-05,CUST-1367,Varun Joshi,Consumer,Surat,Gujarat,West,Clothing,Ethnic Wear,W Palazzo Set,2,1806.09,0.05,3431.57,1244.91,Credit Card,Same Day
ORD-10129,2024-10-06,CUST-1570,Rohit Patel,Consumer,Bhubaneswar,Odisha,East,Office Supplies,Printers,Canon Pixma G3060,4,14444.86,0.2,46223.55,3283.07,Credit Card,Standard
ORD-11741,2024-10-06,CUST-1318,Nandini Pandey,Corporate,Ahmedabad,Gujarat,West,Electronics,Chargers & Cables,Belkin BoostCharge,2,2287.08,0.28,3293.4,1053.95,Debit Card,Standard
ORD-12439,2024-10-06,CUST-1175,Ishaan Sharma,Corporate,Pune,Maharashtra,West,Electronics,Tablets,OnePlus Pad Go,2,21155.56,0.18,34695.12,1778.41,Debit Card,Express
ORD-11329,2024-10-07,CUST-1350,Rohit Patel,Corporate,Delhi,Delhi,North,Clothing,Formal Shirts,Van Heusen Slim Fit,1,1159.38,0.13,1008.66,211.69,Net Banking,Express
ORD-10110,2024-10-07,CUST-1288,Gaurav Iyer,Home Office,Hyderabad,Telangana,South,Clothing,Formal Shirts,Peter England Classic,1,2632.24,0.05,2500.63,714.83,UPI,Standard
ORD-11306,2024-10-07,CUST-1361,Kavya Banerjee,Corporate,Kolkata,West Bengal,East,Office Supplies,Paper & Notebooks,Navneet Long Book,6,316.31,0.33,1271.57,565.95,Net Banking,Standard
ORD-10660,2024-10-07,CUST-1421,Amit Patil,Consumer,Jaipur,Rajasthan,North,Clothing,Ethnic Wear,W Palazzo Set,1,1671.17,0.1,1504.05,469.2,Cash,Economy
ORD-11152,2024-10-07,CUST-1556,Uma Mishra,Consumer,Mumbai,Maharashtra,West,Clothing,Ethnic Wear,W Palazzo Set,1,2781.1,0.05,2642.04,704.68,Cash,Standard
ORD-10962,2024-10-08,CUST-1599,Ananya Reddy,Consumer,Coimbatore,Tamil Nadu,South,Electronics,Tablets,Samsung Galaxy Tab A8,3,45860.93,0.2,110066.23,6160.98,Debit Card,Express
ORD-11355,2024-10-08,CUST-1504,Vivek Shah,Corporate,Hyderabad,Telangana,South,Electronics,Headphones,JBL Tune 510BT,2,1185.26,0.08,2180.88,364.07,Cash,Standard
ORD-11245,2024-10-08,CUST-1092,Rajesh Kumar,Consumer,Kolkata,West Bengal,East,Electronics,Smartwatches,Samsung Galaxy Watch 5,1,7322.3,0.2,5857.84,1210.17,Credit Card,Express
ORD-12032,2024-10-08,CUST-1032,Kavya Shah,Consumer,Ahmedabad,Gujarat,West,Clothing,Formal Shirts,Louis Philippe Checked,1,3756.07,0.35,2441.45,404.78,UPI,Standard
ORD-12333,2024-10-08,CUST-1271,Zara Malhotra,Consumer,Mumbai,Maharashtra,West,Electronics,Smartwatches,boAt Storm Call,1,5114.55,0.15,4347.37,348.08,Credit Card,Express
ORD-11053,2024-10-08,CUST-1135,Kriti Kapoor,Consumer,Gurugram,Haryana,North,Furniture,Desks,Nilkamal Aries Workstation,2,8518.28,0.15,14481.08,2140.69,Credit Card,Standard
ORD-10116,2024-10-09,CUST-1184,Pooja Yadav,Consumer,Ahmedabad,Gujarat,West,Office Supplies,Storage & Organizers,Tupperware Store-All,3,797.53,0.25,1794.44,379.87,Net Banking,Express
ORD-10348,2024-10-09,CUST-1228,Tushar Menon,Consumer,Gurugram,Haryana,North,Office Supplies,Paper & Notebooks,Navneet Long Book,4,330.15,0.15,1122.51,303.19,UPI,Standard
ORD-10946,2024-10-09,CUST-1109,Kunal Pandey,Consumer,Patna,Bihar,East,Food & Beverages,Dry Fruits & Nuts,Nutraj Cashews 250g,3,1517.43,0.2,3641.83,354.25,Credit Card,Standard
ORD-10947,2024-10-09,CUST-1340,Rohit Gupta,Consumer,Patna,Bihar,East,Office Supplies,Paper & Notebooks,Navneet Long Book,2,125.01,0.2,200.02,83.78,Cash,Standard
ORD-12208,2024-10-09,CUST-1099,Sanjay Mishra,Consumer,Chennai,Tamil Nadu,South,Electronics,Smartwatches,Noise ColorFit Pro 4,3,13142.88,0.15,33514.34,5202.43,Credit Card,Standard
ORD-11225,2024-10-09,CUST-1444,Tushar Yadav,Corporate,Kochi,Kerala,South,Food & Beverages,Tea & Coffee,Organic India Tulsi Green,3,664.51,0.18,1634.69,371.62,Credit Card,Express
ORD-10844,2024-10-09,CUST-1004,Varun Kumar,Consumer,Ranchi,Jharkhand,East,Office Supplies,Printers,HP Smart Tank 580,2,15855.07,0.15,26953.62,1540.37,Cash,Express
ORD-10774,2024-10-09,CUST-1017,Kriti Kapoor,Home Office,Mumbai,Maharashtra,West,Food & Beverages,Dry Fruits & Nuts,Nutraj Cashews 250g,5,790.53,0.25,2964.49,396.73,UPI,Standard
ORD-12271,2024-10-10,CUST-1250,Bhavya Reddy,Consumer,Bangalore,Karnataka,South,Furniture,Desks,Featherlite Amaze,1,13447.81,0.2,10758.25,834.66,Credit Card,Economy
ORD-11940,2024-10-10,CUST-1048,Zara Sharma,Corporate,Jaipur,Rajasthan,North,Office Supplies,Ink & Toner,Canon PG-745 Black,2,959.96,0.18,1574.33,262.56,Debit Card,Standard
ORD-11663,2024-10-10,CUST-1462,Aditi Menon,Corporate,Bangalore,Karnataka,South,Furniture,Dining Tables,Home Centre Montoya,1,35645.02,0.13,31011.17,3289.79,UPI,Standard
ORD-10145,2024-10-10,CUST-1000,Mohit Agarwal,Home Office,Gurugram,Haryana,North,Office Supplies,Pens & Stationery,Reynolds Trimax Gel,2,499.0,0.1,898.2,412.91,Cash,Economy
ORD-10319,2024-10-10,CUST-1288,Gaurav Iyer,Home Office,Hyderabad,Telangana,South,Clothing,Jeans,Flying Machine Tapered,3,1417.25,0.05,4039.16,1010.46,UPI,Standard
ORD-10829,2024-10-10,CUST-1406,Aditya Nair,Consumer,Mumbai,Maharashtra,West,Food & Beverages,Beverages,Tropicana Mixed Fruit 1L,1,144.59,0.1,130.13,40.89,Cash,Economy
ORD-11223,2024-10-10,CUST-1080,Rishi Sharma,Consumer,Delhi,Delhi,North,Food & Beverages,Health Supplements,HealthKart Multivitamin,1,299.0,0.1,269.1,45.47,Debit Card,Standard
ORD-11463,2024-10-10,CUST-1197,Manish Das,Consumer,Kolkata,West Bengal,East,Furniture,Beds,Wakefit Orthopaedic Bed,1,23877.19,0.05,22683.33,3748.75,Debit Card,Express
ORD-11140,2024-10-10,CUST-1335,Tushar Das,Consumer,Mumbai,Maharashtra,West,Clothing,T-Shirts,U.S. Polo Assn. Crew,3,422.05,0.05,1202.84,345.96,Credit Card,Same Day
ORD-12462,2024-10-10,CUST-1435,Aditi Joshi,Consumer,Hyderabad,Telangana,South,Clothing,Jeans,Levi's 511 Slim,1,1472.22,0.35,956.94,150.89,UPI,Standard
ORD-12110,2024-10-10,CUST-1157,Sanjay Reddy,Consumer,Pune,Maharashtra,West,Food & Beverages,Dry Fruits & Nuts,Farmley Premium Walnuts,3,205.54,0.2,493.3,72.43,UPI,Standard
ORD-10297,2024-10-11,CUST-1299,Rishi Mishra,Consumer,Delhi,Delhi,North,Office Supplies,Printers,Epson L3250,3,3999.0,0.15,10197.45,731.09,UPI,Economy
ORD-12438,2024-10-11,CUST-1017,Kriti Kapoor,Home Office,Mumbai,Maharashtra,West,Furniture,Beds,Pepperfry Trundle Bed,1,13764.0,0.35,8946.6,168.5,Credit Card,Standard
ORD-11037,2024-10-12,CUST-1340,Rohit Gupta,Consumer,Patna,Bihar,East,Food & Beverages,Snacks & Chips,Bingo Mad Angles,2,132.13,0.15,224.62,34.34,Cash,Standard
ORD-11004,2024-10-12,CUST-1032,Kavya Shah,Consumer,Ahmedabad,Gujarat,West,Office Supplies,Pens & Stationery,Faber-Castell Kit,12,54.56,0.05,621.98,293.98,UPI,Express
ORD-12109,2024-10-12,CUST-1485,Ananya Deshmukh,Consumer,Delhi,Delhi,North,Food & Beverages,Health Supplements,HealthKart Multivitamin,12,4684.9,0.05,53407.86,12067.63,Debit Card,Express
ORD-11437,2024-10-13,CUST-1041,Amit Joshi,Consumer,Kolkata,West Bengal,East,Furniture,Desks,IKEA Bekant Standing Desk,1,8809.49,0.25,6607.12,762.07,UPI,Express
ORD-11936,2024-10-13,CUST-1435,Aditi Joshi,Consumer,Hyderabad,Telangana,South,Office Supplies,Printers,Brother DCP-T420W,2,14101.76,0.15,23972.99,860.76,Debit Card,Standard
ORD-12348,2024-10-13,CUST-1363,Ritika Nair,Consumer,Bangalore,Karnataka,South,Clothing,Jackets,Campus Sutra Denim,3,4626.81,0.1,12492.39,4027.89,Credit Card,Express
ORD-10420,2024-10-13,CUST-1491,Priya Tiwari,Corporate,Noida,Uttar Pradesh,North,Electronics,Tablets,Samsung Galaxy Tab A8,2,20251.05,0.08,37261.93,4866.85,Credit Card,Express
ORD-10707,2024-10-13,CUST-1467,Uma Chopra,Consumer,Bangalore,Karnataka,South,Clothing,Jeans,Pepe Jeans Slim,2,1484.55,0.15,2523.73,703.23,UPI,Standard
ORD-10839,2024-10-13,CUST-1404,Rahul Patil,Corporate,Pune,Maharashtra,West,Clothing,Ethnic Wear,Manyavar Kurta Set,1,5296.77,0.08,4873.03,1015.3,UPI,Standard
ORD-12005,2024-10-14,CUST-1473,Amit Mishra,Home Office,Kolkata,West Bengal,East,Clothing,T-Shirts,U.S. Polo Assn. Crew,1,1268.87,0.05,1205.43,331.25,UPI,Same Day
ORD-10574,2024-10-14,CUST-1595,Amit Kapoor,Consumer,Delhi,Delhi,North,Clothing,Formal Shirts,Raymond Linen Shirt,5,2339.46,0.2,9357.84,3387.59,Cash,Standard
ORD-12108,2024-10-14,CUST-1446,Aditi Nair,Corporate,Patna,Bihar,East,Electronics,Smartphones,Samsung Galaxy M34,1,47500.31,0.08,43700.29,6659.13,UPI,Standard
ORD-10419,2024-10-14,CUST-1299,Rishi Mishra,Consumer,Delhi,Delhi,North,Food & Beverages,Snacks & Chips,Too Yumm Multigrain,1,154.45,0.25,115.84,14.7,Debit Card,Express
ORD-10158,2024-10-14,CUST-1495,Isha Patil,Corporate,Surat,Gujarat,West,Clothing,Formal Shirts,Raymond Linen Shirt,3,3145.58,0.08,8681.8,2162.67,UPI,Express
ORD-12492,2024-10-14,CUST-1300,Vikram Kumar,Corporate,Bangalore,Karnataka,South,Electronics,Headphones,OnePlus Buds Z2,4,3473.56,0.08,12782.7,2698.13,UPI,Standard
ORD-11842,2024-10-14,CUST-1078,Tanvi Pillai,Corporate,Pune,Maharashtra,West,Clothing,Ethnic Wear,W Palazzo Set,4,1296.76,0.08,4772.08,1277.59,Debit Card,Same Day
ORD-11694,2024-10-15,CUST-1518,Sneha Shah,Consumer,Ranchi,Jharkhand,East,Electronics,Headphones,Realme Buds Air 3,2,2606.98,0.15,4431.87,1158.34,UPI,Standard
ORD-11476,2024-10-15,CUST-1250,Bhavya Reddy,Consumer,Bangalore,Karnataka,South,Clothing,Formal Shirts,Arrow Regular Fit,3,1293.09,0.05,3685.31,963.54,Debit Card,Standard
ORD-12287,2024-10-15,CUST-1184,Pooja Yadav,Consumer,Ahmedabad,Gujarat,West,Electronics,Headphones,boAt Rockerz 450,2,3070.95,0.05,5834.8,1807.31,Cash,Same Day
ORD-11756,2024-10-15,CUST-1585,Priya Mehta,Consumer,Coimbatore,Tamil Nadu,South,Clothing,Jeans,Pepe Jeans Slim,1,1571.63,0.05,1493.05,482.45,Cash,Express
ORD-10028,2024-10-15,CUST-1333,Mohit Chatterjee,Consumer,Gurugram,Haryana,North,Office Supplies,Storage & Organizers,Milton Modular Box,8,2387.17,0.05,18142.49,3642.9,UPI,Same Day
ORD-11739,2024-10-16,CUST-1414,Meera Gupta,Corporate,Noida,Uttar Pradesh,North,Food & Beverages,Health Supplements,HealthKart Multivitamin,2,1521.68,0.13,2647.72,834.66,UPI,Express
ORD-12006,2024-10-16,CUST-1244,Diya Sharma,Consumer,Kolkata,West Bengal,East,Furniture,Office Chairs,HOF Ito Mesh Chair,1,11644.1,0.1,10479.69,1726.58,Net Banking,Standard
ORD-11834,2024-10-17,CUST-1226,Nandini Nair,Corporate,Chennai,Tamil Nadu,South,Furniture,Bookshelves,Nilkamal Freedom Mini,1,9267.69,0.28,6672.74,852.23,Debit Card,Standard
ORD-10303,2024-10-17,CUST-1420,Nikhil Tiwari,Consumer,Pune,Maharashtra,West,Electronics,Smartwatches,boAt Storm Call,1,14085.68,0.15,11972.83,2471.21,UPI,Standard
ORD-11558,2024-10-17,CUST-1387,Pooja Kumar,Corporate,Chennai,Tamil Nadu,South,Electronics,Smartphones,Xiaomi Redmi Note 13,2,25307.13,0.13,44034.41,5690.13,Debit Card,Standard
ORD-12071,2024-10-18,CUST-1285,Chirag Iyer,Consumer,Delhi,Delhi,North,Electronics,Smartphones,iPhone 15,2,18314.97,0.15,31135.45,1307.18,UPI,Express
ORD-11063,2024-10-18,CUST-1230,Nisha Sinha,Corporate,Chandigarh,Punjab,North,Furniture,Office Chairs,Featherlite Optima,1,5521.23,0.13,4803.47,401.89,UPI,Standard
ORD-10366,2024-10-18,CUST-1414,Meera Gupta,Corporate,Noida,Uttar Pradesh,North,Clothing,Jackets,Campus Sutra Denim,2,2313.02,0.28,3330.75,806.32,UPI,Economy
ORD-10382,2024-10-18,CUST-1152,Neha Das,Corporate,Lucknow,Uttar Pradesh,North,Clothing,Ethnic Wear,Biba Anarkali Suit,2,8670.0,0.13,15085.8,4013.76,Credit Card,Standard
ORD-11073,2024-10-18,CUST-1063,Rohit Tiwari,Corporate,Ahmedabad,Gujarat,West,Clothing,Jackets,Fort Collins Puffer,2,3703.86,0.28,5333.56,935.58,UPI,Standard
ORD-10570,2024-10-18,CUST-1461,Ritika Singh,Corporate,Hyderabad,Telangana,South,Electronics,Smartwatches,boAt Storm Call,2,4516.85,0.08,8311.0,1908.96,Cash,Same Day
ORD-11422,2024-10-18,CUST-1525,Gaurav Patel,Consumer,Chennai,Tamil Nadu,South,Furniture,Dining Tables,Godrej Interio Neo,1,24853.75,0.05,23611.06,2961.72,Cash,Standard
ORD-12469,2024-10-18,CUST-1131,Vikram Sinha,Consumer,Kolkata,West Bengal,East,Furniture,Bookshelves,Spacewood Engineered Wood,1,6039.47,0.05,5737.5,1193.18,Debit Card,Standard
ORD-12402,2024-10-18,CUST-1409,Rajesh Pandey,Corporate,Bhubaneswar,Odisha,East,Furniture,Beds,Pepperfry Trundle Bed,1,30349.18,0.23,23368.87,480.99,Cash,Standard
ORD-10056,2024-10-18,CUST-1379,Ishaan Joshi,Consumer,Surat,Gujarat,West,Office Supplies,Storage & Organizers,Cello Novelty Big Drawer,2,1091.27,0.05,2073.41,500.11,Cash,Economy
ORD-11273,2024-10-18,CUST-1087,Chirag Bhat,Corporate,Delhi,Delhi,North,Electronics,Tablets,Samsung Galaxy Tab A8,5,11093.54,0.13,48256.9,4631.4,Credit Card,Express
ORD-10682,2024-10-19,CUST-1280,Deepika Tiwari,Consumer,Pune,Maharashtra,West,Electronics,Tablets,Lenovo Tab M10,1,24022.21,0.05,22821.1,3248.78,UPI,Same Day
ORD-10808,2024-10-19,CUST-1174,Sanjay Deshmukh,Corporate,Noida,Uttar Pradesh,North,Food & Beverages,Snacks & Chips,Too Yumm Multigrain,4,58.17,0.08,214.07,45.46,Debit Card,Standard
ORD-10040,2024-10-19,CUST-1428,Mohit Iyer,Home Office,Bangalore,Karnataka,South,Electronics,Smartwatches,Fire-Boltt Phoenix,1,3049.9,0.1,2744.91,501.45,Cash,Standard
ORD-11911,2024-10-19,CUST-1391,Vivek Bhat,Home Office,Noida,Uttar Pradesh,North,Office Supplies,Pens & Stationery,Cello Pinpoint Blue,3,47.19,0.15,120.33,69.55,Net Banking,Standard
ORD-10026,2024-10-20,CUST-1506,Kunal Sharma,Corporate,Hyderabad,Telangana,South,Clothing,T-Shirts,U.S. Polo Assn. Crew,3,1293.35,0.35,2522.03,757.46,Credit Card,Express
ORD-11012,2024-10-20,CUST-1357,Sanjay Menon,Consumer,Delhi,Delhi,North,Electronics,Headphones,Noise Buds VS104,3,3277.91,0.35,6391.92,852.05,Credit Card,Express
ORD-10430,2024-10-20,CUST-1389,Harsh Sinha,Home Office,Lucknow,Uttar Pradesh,North,Clothing,Ethnic Wear,Biba Anarkali Suit,2,2440.49,0.2,3904.78,1240.86,UPI,Same Day
ORD-10937,2024-10-20,CUST-1400,Yash Kapoor,Corporate,Jaipur,Rajasthan,North,Electronics,Smartwatches,Fire-Boltt Phoenix,4,2243.34,0.23,6909.49,1370.84,UPI,Standard
ORD-11003,2024-10-20,CUST-1379,Ishaan Joshi,Consumer,Surat,Gujarat,West,Clothing,Ethnic Wear,Biba Anarkali Suit,1,6417.16,0.3,4492.01,543.86,Debit Card,Standard
ORD-10904,2024-10-20,CUST-1220,Pooja Sharma,Corporate,Kolkata,West Bengal,East,Food & Beverages,Tea & Coffee,Organic India Tulsi Green,3,409.8,0.13,1069.58,283.32,Debit Card,Same Day
ORD-10035,2024-10-20,CUST-1126,Kunal Mehta,Consumer,Gurugram,Haryana,North,Electronics,Smartphones,Xiaomi Redmi Note 13,3,33218.82,0.25,74742.34,5388.5,UPI,Express
ORD-10005,2024-10-21,CUST-1398,Deepika Chopra,Home Office,Delhi,Delhi,North,Clothing,Jackets,Red Tape Bomber,3,5258.46,0.3,11042.77,1486.86,Credit Card,Economy
ORD-10284,2024-10-21,CUST-1432,Kriti Verma,Consumer,Kochi,Kerala,South,Office Supplies,Paper & Notebooks,JK Copier A4 Paper Ream,10,49.0,0.15,416.5,214.09,UPI,Express
ORD-10230,2024-10-21,CUST-1164,Aarav Menon,Home Office,Delhi,Delhi,North,Electronics,Smartwatches,Fire-Boltt Phoenix,1,5015.38,0.05,4764.61,1052.24,Net Banking,Standard
ORD-11822,2024-10-21,CUST-1372,Varun Joshi,Corporate,Bhubaneswar,Odisha,East,Office Supplies,Pens & Stationery,Reynolds Trimax Gel,3,439.88,0.08,1214.07,424.31,Debit Card,Standard
ORD-12444,2024-10-22,CUST-1002,Gaurav Yadav,Consumer,Delhi,Delhi,North,Food & Beverages,Dry Fruits & Nuts,Amazon Basics Mixed Nuts,3,2140.29,0.05,6099.83,1122.52,UPI,Standard
ORD-12172,2024-10-22,CUST-1489,Chirag Tiwari,Corporate,Mumbai,Maharashtra,West,Electronics,Chargers & Cables,Anker PowerPort,2,2589.94,0.13,4506.5,1715.09,UPI,Express
ORD-11305,2024-10-22,CUST-1146,Pooja Patil,Corporate,Surat,Gujarat,West,Electronics,Tablets,OnePlus Pad Go,2,21796.03,0.13,37925.09,3898.42,Net Banking,Economy
ORD-10995,2024-10-22,CUST-1296,Ayesha Pandey,Corporate,Surat,Gujarat,West,Electronics,Smartphones,Motorola Edge 40,4,11816.04,0.08,43483.03,6632.85,UPI,Same Day
ORD-12347,2024-10-22,CUST-1509,Tushar Kulkarni,Corporate,Bangalore,Karnataka,South,Office Supplies,Printers,HP LaserJet M1005,2,12291.75,0.28,17700.12,-17.82,UPI,Express
ORD-12440,2024-10-22,CUST-1171,Kriti Nair,Consumer,Bhubaneswar,Odisha,East,Food & Beverages,Health Supplements,Revital H Capsules,3,1323.72,0.05,3772.6,1360.51,Debit Card,Standard
ORD-10258,2024-10-22,CUST-1477,Bhavya Chatterjee,Corporate,Bhubaneswar,Odisha,East,Food & Beverages,Snacks & Chips,Lay's Classic Salted,6,184.89,0.13,965.13,271.63,UPI,Standard
ORD-11836,2024-10-23,CUST-1281,Aditya Patil,Consumer,Mumbai,Maharashtra,West,Electronics,Smartphones,Motorola Edge 40,1,22203.24,0.35,14432.11,742.16,UPI,Economy
ORD-11924,2024-10-23,CUST-1013,Yash Patel,Home Office,Bangalore,Karnataka,South,Office Supplies,Pens & Stationery,Faber-Castell Kit,2,131.49,0.05,249.83,118.64,Debit Card,Standard
ORD-11347,2024-10-23,CUST-1253,Simran Mehta,Consumer,Visakhapatnam,Andhra Pradesh,South,Food & Beverages,Tea & Coffee,Tata Gold Tea 500g,3,375.71,0.1,1014.42,341.77,Debit Card,Standard
ORD-11633,2024-10-23,CUST-1512,Aditi Kumar,Corporate,Gurugram,Haryana,North,Office Supplies,Storage & Organizers,Nilkamal Chester 24,1,1802.59,0.13,1568.25,486.95,Cash,Standard
ORD-10804,2024-10-23,CUST-1598,Deepika Sharma,Corporate,Coimbatore,Tamil Nadu,South,Electronics,Laptops,Acer Aspire 5,3,111830.35,0.08,308651.77,30266.64,Credit Card,Standard
ORD-11542,2024-10-23,CUST-1293,Nandini Chatterjee,Corporate,Lucknow,Uttar Pradesh,North,Electronics,Chargers & Cables,Mi 33W SonicCharge,3,199.0,0.23,459.69,191.6,Credit Card,Standard
ORD-12370,2024-10-24,CUST-1396,Isha Nair,Consumer,Kolkata,West Bengal,East,Clothing,T-Shirts,Levi's Graphic Tee,3,1378.23,0.05,3927.96,1726.62,Net Banking,Express
ORD-11169,2024-10-24,CUST-1407,Sanjay Tiwari,Consumer,Guwahati,Assam,East,Food & Beverages,Beverages,Paper Boat Aamras,3,64.2,0.1,173.34,57.24,Net Banking,Standard
ORD-10892,2024-10-24,CUST-1020,Sanjay Bhat,Consumer,Pune,Maharashtra,West,Clothing,T-Shirts,H&M Basic Tee,3,657.38,0.15,1676.32,753.06,UPI,Express
ORD-10171,2024-10-24,CUST-1070,Chirag Patel,Corporate,Pune,Maharashtra,West,Electronics,Tablets,OnePlus Pad Go,2,15469.88,0.13,26917.59,1953.3,Credit Card,Standard
ORD-11627,2024-10-25,CUST-1384,Zara Verma,Corporate,Bangalore,Karnataka,South,Electronics,Chargers & Cables,Belkin BoostCharge,1,526.37,0.08,484.26,196.77,UPI,Same Day
ORD-10004,2024-10-25,CUST-1541,Tanvi Chopra,Corporate,Jaipur,Rajasthan,North,Food & Beverages,Tea & Coffee,Bru Instant Coffee,1,99.0,0.13,86.13,21.34,UPI,Standard
ORD-10053,2024-10-25,CUST-1285,Chirag Iyer,Consumer,Delhi,Delhi,North,Food & Beverages,Dry Fruits & Nuts,Amazon Basics Mixed Nuts,2,1468.89,0.35,1909.56,59.51,UPI,Standard
ORD-11986,2024-10-25,CUST-1549,Isha Patil,Home Office,Lucknow,Uttar Pradesh,North,Office Supplies,Printers,Epson L3250,3,17741.14,0.05,50562.25,5445.71,Net Banking,Standard
ORD-10331,2024-10-25,CUST-1165,Priya Deshmukh,Consumer,Bhubaneswar,Odisha,East,Food & Beverages,Beverages,Sting Energy Drink,2,220.58,0.2,352.93,103.79,UPI,Express
ORD-11716,2024-10-25,CUST-1153,Vikram Sharma,Corporate,Pune,Maharashtra,West,Food & Beverages,Tea & Coffee,Bru Instant Coffee,2,421.68,0.33,565.05,110.44,Credit Card,Standard
ORD-10916,2024-10-25,CUST-1473,Amit Mishra,Home Office,Kolkata,West Bengal,East,Electronics,Chargers & Cables,Mi 33W SonicCharge,1,846.75,0.15,719.74,338.12,Net Banking,Standard
ORD-11474,2024-10-25,CUST-1222,Gaurav Kapoor,Consumer,Kolkata,West Bengal,East,Electronics,Headphones,Sony WH-1000XM5,1,2339.17,0.15,1988.29,209.18,Credit Card,Same Day
ORD-10986,2024-10-26,CUST-1423,Ishaan Pillai,Home Office,Lucknow,Uttar Pradesh,North,Electronics,Smartphones,iPhone 15,1,13301.16,0.05,12636.1,1484.35,Cash,Standard
ORD-11550,2024-10-26,CUST-1220,Pooja Sharma,Corporate,Kolkata,West Bengal,East,Electronics,Smartphones,Samsung Galaxy M34,1,47558.52,0.13,41375.91,3066.18,Credit Card,Standard
ORD-11253,2024-10-26,CUST-1351,Yash Bhat,Corporate,Pune,Maharashtra,West,Clothing,Ethnic Wear,Soch Silk Saree,2,6392.87,0.35,8310.73,1601.33,Credit Card,Express
ORD-10649,2024-10-26,CUST-1227,Harsh Malhotra,Consumer,Kochi,Kerala,South,Furniture,Dining Tables,Home Centre Montoya,2,11397.18,0.1,20514.92,3884.17,Net Banking,Same Day
ORD-11471,2024-10-26,CUST-1193,Sanjay Banerjee,Consumer,Mumbai,Maharashtra,West,Electronics,Laptops,Lenovo IdeaPad Slim 3,1,26623.5,0.15,22629.98,528.82,Debit Card,Standard
ORD-12084,2024-10-27,CUST-1467,Uma Chopra,Consumer,Bangalore,Karnataka,South,Office Supplies,Printers,Epson L3250,3,13610.46,0.35,26540.4,1029.99,Net Banking,Economy
ORD-11156,2024-10-27,CUST-1534,Aditya Gupta,Corporate,Delhi,Delhi,North,Food & Beverages,Tea & Coffee,Bru Instant Coffee,6,504.71,0.13,2634.59,550.76,Net Banking,Express
ORD-12344,2024-10-27,CUST-1157,Sanjay Reddy,Consumer,Pune,Maharashtra,West,Clothing,Jeans,Levi's 511 Slim,1,2374.26,0.1,2136.83,485.5,UPI,Express
ORD-10044,2024-10-27,CUST-1362,Meera Reddy,Consumer,Delhi,Delhi,North,Clothing,Jeans,Pepe Jeans Slim,4,874.2,0.05,3321.96,1408.44,UPI,Same Day
ORD-10369,2024-10-28,CUST-1406,Aditya Nair,Consumer,Mumbai,Maharashtra,West,Food & Beverages,Tea & Coffee,Tata Gold Tea 500g,3,221.52,0.2,531.65,136.43,Net Banking,Express
ORD-12096,2024-10-28,CUST-1394,Amit Agarwal,Corporate,Kolkata,West Bengal,East,Clothing,T-Shirts,U.S. Polo Assn. Crew,4,1373.44,0.23,4230.2,1314.93,Net Banking,Express
ORD-12127,2024-10-28,CUST-1354,Ishaan Iyer,Corporate,Jaipur,Rajasthan,North,Electronics,Smartwatches,Fire-Boltt Phoenix,1,8063.32,0.13,7015.09,921.3,UPI,Standard
ORD-12203,2024-10-28,CUST-1547,Aditya Gupta,Corporate,Delhi,Delhi,North,Electronics,Smartphones,Samsung Galaxy M34,5,12537.34,0.08,57671.76,3770.75,UPI,Standard
ORD-10990,2024-10-28,CUST-1436,Sneha Verma,Home Office,Mumbai,Maharashtra,West,Office Supplies,Printers,HP LaserJet M1005,3,7228.02,0.15,18431.45,757.48,Cash,Economy
ORD-11324,2024-10-28,CUST-1566,Rahul Reddy,Consumer,Coimbatore,Tamil Nadu,South,Food & Beverages,Tea & Coffee,Nescafe Classic 200g,4,1700.31,0.15,5781.05,1202.2,Credit Card,Express
ORD-11468,2024-10-29,CUST-1584,Sakshi Menon,Home Office,Bangalore,Karnataka,South,Clothing,Ethnic Wear,W Palazzo Set,2,5440.98,0.25,8161.47,2441.02,Cash,Express
ORD-10148,2024-10-29,CUST-1005,Aditya Mehta,Corporate,Mumbai,Maharashtra,West,Office Supplies,Storage & Organizers,Cello Novelty Big Drawer,3,3236.63,0.13,8447.6,2902.48,UPI,Express
ORD-10963,2024-10-30,CUST-1069,Priya Rao,Corporate,Ahmedabad,Gujarat,West,Furniture,Bookshelves,Nilkamal Freedom Mini,1,14022.24,0.18,11498.24,2082.0,Debit Card,Express
ORD-10031,2024-10-30,CUST-1454,Deepika Menon,Consumer,Gurugram,Haryana,North,Electronics,Tablets,Apple iPad 10th Gen,2,28537.88,0.15,48514.4,5387.16,Debit Card,Express
ORD-11540,2024-10-31,CUST-1318,Nandini Pandey,Corporate,Ahmedabad,Gujarat,West,Clothing,Formal Shirts,Peter England Classic,1,3303.85,0.08,3039.54,1331.48,Net Banking,Economy
ORD-10029,2024-10-31,CUST-1575,Lavanya Das,Consumer,Bhubaneswar,Odisha,East,Office Supplies,Ink & Toner,HP 678 Tri-Color,1,5011.25,0.25,3758.44,732.13,UPI,Standard
ORD-10752,2024-10-31,CUST-1418,Vivek Gupta,Corporate,Coimbatore,Tamil Nadu,South,Clothing,T-Shirts,Dennis Lingo Slim Fit,4,614.1,0.18,2014.25,621.59,Debit Card,Economy
ORD-11187,2024-10-31,CUST-1326,Nandini Chatterjee,Corporate,Bangalore,Karnataka,South,Electronics,Chargers & Cables,Portronics Adaptor,1,662.78,0.28,477.2,132.85,UPI,Standard
ORD-10686,2024-10-31,CUST-1598,Deepika Sharma,Corporate,Coimbatore,Tamil Nadu,South,Furniture,Bookshelves,IKEA Kallax Shelf,2,3201.75,0.23,4930.7,680.78,UPI,Standard
ORD-12140,2024-10-31,CUST-1599,Ananya Reddy,Consumer,Coimbatore,Tamil Nadu,South,Office Supplies,Printers,HP LaserJet M1005,2,8374.99,0.15,14237.48,677.11,UPI,Standard
ORD-11877,2024-11-01,CUST-1160,Sneha Rao,Consumer,Visakhapatnam,Andhra Pradesh,South,Electronics,Smartphones,Motorola Edge 40,4,30345.09,0.05,115311.34,11463.83,UPI,Standard
ORD-10483,2024-11-01,CUST-1017,Kriti Kapoor,Home Office,Mumbai,Maharashtra,West,Electronics,Headphones,JBL Tune 510BT,1,1604.28,0.05,1524.07,237.27,Credit Card,Standard
ORD-10987,2024-11-01,CUST-1138,Lavanya Joshi,Consumer,Delhi,Delhi,North,Clothing,Jeans,Lee Cooper Skinny,2,2356.88,0.05,4478.07,872.03,UPI,Same Day
ORD-10140,2024-11-02,CUST-1190,Nikhil Mishra,Consumer,Bangalore,Karnataka,South,Furniture,Beds,IKEA Malm King Bed,1,16303.29,0.25,12227.47,480.36,Net Banking,Economy
ORD-12149,2024-11-02,CUST-1498,Aditya Pandey,Corporate,Delhi,Delhi,North,Furniture,Beds,Wakefit Orthopaedic Bed,1,28964.88,0.23,22302.96,939.21,Cash,Economy
ORD-11645,2024-11-02,CUST-1128,Pooja Rao,Consumer,Bangalore,Karnataka,South,Office Supplies,Printers,HP LaserJet M1005,5,7751.19,0.1,34880.35,1224.22,Cash,Express
ORD-12309,2024-11-02,CUST-1147,Mohit Sharma,Corporate,Bangalore,Karnataka,South,Food & Beverages,Snacks & Chips,Kurkure Masala Munch,5,84.92,0.13,369.4,109.74,UPI,Same Day
ORD-10856,2024-11-02,CUST-1356,Manish Kumar,Consumer,Lucknow,Uttar Pradesh,North,Electronics,Smartphones,Realme Narzo 60,1,48415.81,0.1,43574.23,4519.17,UPI,Same Day
ORD-11978,2024-11-03,CUST-1167,Harsh Kapoor,Consumer,Mumbai,Maharashtra,West,Furniture,Bookshelves,Nilkamal Freedom Mini,1,15773.34,0.1,14196.01,3505.42,UPI,Same Day
ORD-10701,2024-11-03,CUST-1530,Varun Chatterjee,Corporate,Noida,Uttar Pradesh,North,Furniture,Desks,IKEA Bekant Standing Desk,1,4999.0,0.23,3849.23,276.99,UPI,Standard
ORD-10194,2024-11-03,CUST-1187,Meera Kapoor,Consumer,Lucknow,Uttar Pradesh,North,Electronics,Smartphones,Xiaomi Redmi Note 13,4,89999.0,0.15,305996.6,21281.48,Cash,Express
ORD-10763,2024-11-04,CUST-1364,Rajesh Gupta,Corporate,Gurugram,Haryana,North,Electronics,Smartphones,Vivo T2x,2,29608.47,0.33,39675.35,380.57,Credit Card,Standard
ORD-10353,2024-11-04,CUST-1115,Aditya Sharma,Corporate,Surat,Gujarat,West,Food & Beverages,Health Supplements,Dabur Chyawanprash 1kg,2,1585.7,0.13,2759.12,417.3,Credit Card,Standard
ORD-10734,2024-11-04,CUST-1203,Kunal Patil,Consumer,Bangalore,Karnataka,South,Electronics,Smartphones,Realme Narzo 60,1,8999.0,0.15,7649.15,715.36,UPI,Economy
ORD-11662,2024-11-04,CUST-1305,Tanvi Mishra,Home Office,Chennai,Tamil Nadu,South,Food & Beverages,Beverages,Real Fruit Power Mango,5,173.04,0.1,778.68,172.07,UPI,Express
ORD-12392,2024-11-04,CUST-1338,Ananya Menon,Consumer,Mumbai,Maharashtra,West,Office Supplies,Printers,Brother DCP-T420W,10,19055.84,0.05,181030.48,8032.51,UPI,Standard
ORD-12318,2024-11-04,CUST-1349,Rajesh Patel,Corporate,Lucknow,Uttar Pradesh,North,Furniture,Beds,Nilkamal Imperial Queen,2,31760.18,0.08,58438.73,8600.26,Debit Card,Standard
ORD-11449,2024-11-04,CUST-1405,Zara Menon,Consumer,Kolkata,West Bengal,East,Food & Beverages,Dry Fruits & Nuts,Happilo Almonds 500g,2,845.84,0.15,1437.93,339.53,Debit Card,Standard
ORD-10066,2024-11-05,CUST-1110,Isha Verma,Consumer,Mumbai,Maharashtra,West,Clothing,Jackets,Campus Sutra Denim,5,3641.25,0.15,15475.31,4395.91,UPI,Same Day
ORD-10881,2024-11-05,CUST-1088,Deepika Sinha,Consumer,Mumbai,Maharashtra,West,Electronics,Laptops,ASUS VivoBook 15,2,69491.36,0.2,111186.18,8766.25,Credit Card,Express
ORD-12443,2024-11-05,CUST-1548,Kunal Joshi,Consumer,Delhi,Delhi,North,Electronics,Smartphones,Xiaomi Redmi Note 13,3,32840.63,0.1,88669.7,5261.02,UPI,Same Day
ORD-10022,2024-11-05,CUST-1040,Shreya Malhotra,Consumer,Hyderabad,Telangana,South,Office Supplies,Paper & Notebooks,Navneet Long Book,4,93.54,0.2,299.33,144.23,Cash,Standard
ORD-11382,2024-11-05,CUST-1360,Amit Yadav,Corporate,Pune,Maharashtra,West,Electronics,Headphones,boAt Rockerz 450,5,5324.84,0.08,24494.26,3814.43,Credit Card,Standard
ORD-11485,2024-11-05,CUST-1195,Simran Kapoor,Consumer,Mumbai,Maharashtra,West,Clothing,Ethnic Wear,Biba Anarkali Suit,1,5447.3,0.2,4357.84,757.61,Credit Card,Express
ORD-12437,2024-11-06,CUST-1061,Kunal Sinha,Corporate,Hyderabad,Telangana,South,Furniture,Office Chairs,Featherlite Optima,1,6350.21,0.13,5524.68,784.48,UPI,Economy
ORD-10532,2024-11-06,CUST-1220,Pooja Sharma,Corporate,Kolkata,West Bengal,East,Food & Beverages,Tea & Coffee,Organic India Tulsi Green,6,849.35,0.13,4433.61,1452.01,Cash,Standard
ORD-11235,2024-11-07,CUST-1579,Diya Mishra,Consumer,Chennai,Tamil Nadu,South,Clothing,Jackets,Fort Collins Puffer,1,2940.73,0.05,2793.69,995.86,Net Banking,Standard
ORD-11180,2024-11-07,CUST-1133,Priya Gupta,Home Office,Noida,Uttar Pradesh,North,Clothing,T-Shirts,H&M Basic Tee,1,1926.76,0.05,1830.42,673.61,UPI,Express
ORD-11569,2024-11-07,CUST-1269,Nisha Pillai,Consumer,Bangalore,Karnataka,South,Furniture,Desks,Amazon Basics L-Shape Desk,1,7824.46,0.1,7042.01,500.93,Cash,Standard
ORD-11194,2024-11-07,CUST-1595,Amit Kapoor,Consumer,Delhi,Delhi,North,Clothing,Jeans,Levi's 511 Slim,1,1380.37,0.1,1242.33,262.14,UPI,Same Day
ORD-11778,2024-11-08,CUST-1443,Kunal Mehta,Consumer,Chandigarh,Punjab,North,Electronics,Tablets,Samsung Galaxy Tab A8,5,19413.71,0.1,87361.7,11006.48,Credit Card,Express
ORD-11869,2024-11-08,CUST-1010,Mohit Menon,Home Office,Bhubaneswar,Odisha,East,Food & Beverages,Beverages,Paper Boat Aamras,2,289.23,0.05,549.54,186.35,Credit Card,Standard
ORD-10579,2024-11-08,CUST-1342,Vivek Yadav,Consumer,Ahmedabad,Gujarat,West,Electronics,Smartwatches,Noise ColorFit Pro 4,1,11128.72,0.05,10572.28,1394.66,Debit Card,Express
ORD-10016,2024-11-09,CUST-1378,Ishaan Gupta,Corporate,Pune,Maharashtra,West,Clothing,Formal Shirts,Raymond Linen Shirt,3,649.1,0.18,1596.79,528.52,Cash,Standard
ORD-11642,2024-11-09,CUST-1267,Priya Pillai,Consumer,Bhubaneswar,Odisha,East,Electronics,Headphones,Noise Buds VS104,1,2013.4,0.3,1409.38,204.67,UPI,Express
ORD-11881,2024-11-09,CUST-1496,Nikhil Gupta,Consumer,Chennai,Tamil Nadu,South,Office Supplies,Printers,HP LaserJet M1005,4,9490.76,0.05,36064.89,2945.08,Credit Card,Same Day
ORD-11378,2024-11-09,CUST-1349,Rajesh Patel,Corporate,Lucknow,Uttar Pradesh,North,Furniture,Desks,Nilkamal Aries Workstation,1,14769.83,0.18,12111.26,592.35,Cash,Same Day
ORD-10592,2024-11-09,CUST-1165,Priya Deshmukh,Consumer,Bhubaneswar,Odisha,East,Food & Beverages,Beverages,Paper Boat Aamras,2,179.25,0.15,304.72,99.77,Debit Card,Standard
ORD-10729,2024-11-09,CUST-1542,Nikhil Kapoor,Consumer,Noida,Uttar Pradesh,North,Clothing,Jackets,Red Tape Bomber,2,5281.8,0.15,8979.06,2708.55,UPI,Same Day
ORD-12031,2024-11-10,CUST-1074,Aditya Patil,Corporate,Kochi,Kerala,South,Electronics,Laptops,HP Pavilion 15,4,63211.66,0.18,207334.24,4397.43,Debit Card,Express
ORD-11181,2024-11-10,CUST-1560,Neha Reddy,Corporate,Ahmedabad,Gujarat,West,Food & Beverages,Dry Fruits & Nuts,Farmley Premium Walnuts,5,1120.6,0.08,5154.76,1252.99,Debit Card,Same Day
ORD-11574,2024-11-10,CUST-1297,Priya Iyer,Corporate,Bangalore,Karnataka,South,Electronics,Smartphones,iPhone 15,2,33722.91,0.28,48560.99,2586.62,Credit Card,Economy
ORD-10524,2024-11-10,CUST-1177,Yash Pandey,Corporate,Ahmedabad,Gujarat,West,Office Supplies,Paper & Notebooks,Classmate Notebook 200pg,1,65.52,0.18,53.73,25.54,Net Banking,Same Day
ORD-12391,2024-11-10,CUST-1437,Aarav Reddy,Corporate,Hyderabad,Telangana,South,Electronics,Laptops,ASUS VivoBook 15,3,95376.39,0.28,206013.0,5873.17,UPI,Economy
ORD-10629,2024-11-10,CUST-1270,Varun Pandey,Consumer,Noida,Uttar Pradesh,North,Clothing,Formal Shirts,Peter England Classic,1,1239.78,0.2,991.82,249.57,Debit Card,Standard
ORD-10084,2024-11-11,CUST-1565,Priya Patil,Corporate,Jaipur,Rajasthan,North,Clothing,T-Shirts,U.S. Polo Assn. Crew,1,677.03,0.13,589.02,254.27,UPI,Standard
ORD-12057,2024-11-11,CUST-1474,Bhavya Patil,Consumer,Hyderabad,Telangana,South,Clothing,T-Shirts,Dennis Lingo Slim Fit,2,1600.67,0.05,3041.27,1357.7,Debit Card,Standard
ORD-12045,2024-11-11,CUST-1425,Pooja Patil,Consumer,Kochi,Kerala,South,Office Supplies,Pens & Stationery,Faber-Castell Kit,5,59.09,0.05,280.68,175.11,Net Banking,Standard
ORD-12020,2024-11-11,CUST-1334,Tanvi Malhotra,Consumer,Ahmedabad,Gujarat,West,Furniture,Desks,Amazon Basics L-Shape Desk,2,6646.64,0.1,11963.95,1771.07,UPI,Standard
ORD-11431,2024-11-12,CUST-1105,Rahul Bhat,Consumer,Mumbai,Maharashtra,West,Food & Beverages,Beverages,Tropicana Mixed Fruit 1L,1,174.44,0.1,157.0,30.05,Debit Card,Standard
ORD-10919,2024-11-12,CUST-1034,Uma Das,Corporate,Delhi,Delhi,North,Office Supplies,Ink & Toner,HP 678 Tri-Color,1,499.0,0.08,459.08,89.48,UPI,Express
ORD-12465,2024-11-12,CUST-1069,Priya Rao,Corporate,Ahmedabad,Gujarat,West,Electronics,Chargers & Cables,Belkin BoostCharge,2,568.48,0.08,1046.0,418.75,UPI,Standard
ORD-12424,2024-11-12,CUST-1027,Rishi Malhotra,Consumer,Lucknow,Uttar Pradesh,North,Food & Beverages,Dry Fruits & Nuts,Nutraj Cashews 250g,4,1865.9,0.05,7090.42,1455.94,UPI,Express
ORD-10120,2024-11-12,CUST-1266,Tanvi Kapoor,Consumer,Delhi,Delhi,North,Electronics,Headphones,boAt Rockerz 450,2,1682.13,0.3,2354.98,380.12,UPI,Standard
ORD-11844,2024-11-12,CUST-1168,Bhavya Patil,Corporate,Ranchi,Jharkhand,East,Food & Beverages,Beverages,Tropicana Mixed Fruit 1L,2,152.65,0.13,265.61,55.77,Cash,Express
ORD-11854,2024-11-12,CUST-1136,Tanvi Chopra,Corporate,Bhubaneswar,Odisha,East,Clothing,Jackets,HRX Active Jacket,2,5380.97,0.13,9362.89,3097.64,UPI,Economy
ORD-10643,2024-11-13,CUST-1254,Arjun Yadav,Consumer,Jaipur,Rajasthan,North,Clothing,Jackets,Campus Sutra Denim,3,3192.88,0.2,7662.91,1366.92,Debit Card,Same Day
ORD-11534,2024-11-13,CUST-1503,Pankaj Pillai,Consumer,Hyderabad,Telangana,South,Food & Beverages,Snacks & Chips,Haldiram's Aloo Bhujia,2,134.26,0.05,255.09,43.94,Debit Card,Standard
ORD-11450,2024-11-14,CUST-1243,Ananya Tiwari,Corporate,Kolkata,West Bengal,East,Office Supplies,Ink & Toner,HP 678 Tri-Color,4,2244.56,0.23,6913.24,856.29,UPI,Same Day
ORD-12481,2024-11-14,CUST-1514,Isha Singh,Consumer,Lucknow,Uttar Pradesh,North,Clothing,T-Shirts,Allen Solly Polo,1,845.43,0.1,760.89,243.47,Cash,Standard
ORD-11932,2024-11-14,CUST-1043,Manish Kulkarni,Consumer,Kolkata,West Bengal,East,Clothing,Ethnic Wear,Soch Silk Saree,4,3704.16,0.2,11853.31,4601.94,Net Banking,Express
ORD-10871,2024-11-14,CUST-1349,Rajesh Patel,Corporate,Lucknow,Uttar Pradesh,North,Clothing,T-Shirts,Levi's Graphic Tee,5,432.19,0.13,1880.03,662.34,Credit Card,Standard
ORD-10627,2024-11-14,CUST-1187,Meera Kapoor,Consumer,Lucknow,Uttar Pradesh,North,Electronics,Chargers & Cables,Belkin BoostCharge,2,1173.66,0.3,1643.12,319.92,Net Banking,Express
ORD-10262,2024-11-14,CUST-1342,Vivek Yadav,Consumer,Ahmedabad,Gujarat,West,Office Supplies,Pens & Stationery,Reynolds Trimax Gel,2,375.04,0.15,637.57,281.61,Credit Card,Same Day
ORD-10872,2024-11-15,CUST-1334,Tanvi Malhotra,Consumer,Ahmedabad,Gujarat,West,Electronics,Smartwatches,boAt Storm Call,1,13104.92,0.05,12449.67,1508.18,Debit Card,Express
ORD-10495,2024-11-15,CUST-1493,Rajesh Reddy,Corporate,Pune,Maharashtra,West,Office Supplies,Pens & Stationery,Faber-Castell Kit,2,261.78,0.08,481.68,168.44,Debit Card,Same Day
ORD-12077,2024-11-15,CUST-1367,Varun Joshi,Consumer,Surat,Gujarat,West,Clothing,T-Shirts,Levi's Graphic Tee,5,982.91,0.1,4423.1,1128.75,Debit Card,Same Day
ORD-10528,2024-11-15,CUST-1246,Manish Saxena,Corporate,Kolkata,West Bengal,East,Electronics,Smartphones,Motorola Edge 40,3,38398.72,0.13,100220.66,11751.59,Cash,Standard
ORD-12376,2024-11-15,CUST-1351,Yash Bhat,Corporate,Pune,Maharashtra,West,Clothing,Ethnic Wear,Manyavar Kurta Set,1,5135.97,0.28,3697.9,893.06,UPI,Express
ORD-10705,2024-11-15,CUST-1026,Deepika Mehta,Consumer,Mumbai,Maharashtra,West,Food & Beverages,Dry Fruits & Nuts,True Elements Trail Mix,3,429.09,0.2,1029.82,169.78,UPI,Same Day
ORD-11575,2024-11-15,CUST-1487,Chirag Kapoor,Consumer,Pune,Maharashtra,West,Electronics,Smartwatches,Apple Watch SE,3,4331.69,0.05,12345.32,2687.46,Credit Card,Economy
ORD-10182,2024-11-15,CUST-1205,Nandini Banerjee,Corporate,Jaipur,Rajasthan,North,Office Supplies,Ink & Toner,Brother BT-D60BK,6,643.01,0.18,3163.61,671.44,UPI,Same Day
ORD-10446,2024-11-15,CUST-1374,Rahul Gupta,Consumer,Noida,Uttar Pradesh,North,Food & Beverages,Health Supplements,MuscleBlaze Whey Protein,2,547.99,0.2,876.78,132.24,Cash,Express
ORD-10072,2024-11-16,CUST-1004,Varun Kumar,Consumer,Ranchi,Jharkhand,East,Clothing,T-Shirts,H&M Basic Tee,1,893.52,0.2,714.82,199.13,Net Banking,Economy
ORD-11477,2024-11-16,CUST-1108,Priya Joshi,Consumer,Chennai,Tamil Nadu,South,Clothing,Ethnic Wear,Soch Silk Saree,2,999.0,0.05,1898.1,728.89,UPI,Same Day
ORD-10272,2024-11-16,CUST-1089,Rishi Das,Consumer,Mumbai,Maharashtra,West,Furniture,Beds,Wakefit Orthopaedic Bed,1,32569.59,0.3,22798.71,130.57,Cash,Express
ORD-11323,2024-11-16,CUST-1092,Rajesh Kumar,Consumer,Kolkata,West Bengal,East,Office Supplies,Storage & Organizers,Amazon Basics Desk Organizer,2,1305.75,0.35,1697.48,261.6,Cash,Standard
ORD-11566,2024-11-16,CUST-1043,Manish Kulkarni,Consumer,Kolkata,West Bengal,East,Electronics,Headphones,JBL Tune 510BT,1,3050.42,0.25,2287.82,240.15,Net Banking,Express
ORD-10481,2024-11-16,CUST-1301,Uma Bhat,Consumer,Pune,Maharashtra,West,Food & Beverages,Tea & Coffee,Organic India Tulsi Green,4,175.16,0.15,595.54,118.43,Credit Card,Express
ORD-10564,2024-11-16,CUST-1446,Aditi Nair,Corporate,Patna,Bihar,East,Electronics,Tablets,Apple iPad 10th Gen,2,42038.8,0.13,73147.51,5900.48,Debit Card,Standard
ORD-10067,2024-11-17,CUST-1501,Sakshi Verma,Consumer,Pune,Maharashtra,West,Electronics,Headphones,Realme Buds Air 3,1,2730.83,0.05,2594.29,576.2,UPI,Standard
ORD-11386,2024-11-17,CUST-1040,Shreya Malhotra,Consumer,Hyderabad,Telangana,South,Office Supplies,Ink & Toner,HP 678 Tri-Color,8,543.87,0.2,3480.77,748.99,UPI,Express
ORD-10225,2024-11-17,CUST-1115,Aditya Sharma,Corporate,Surat,Gujarat,West,Clothing,Ethnic Wear,W Palazzo Set,1,6749.91,0.28,4859.94,1445.07,UPI,Standard
ORD-10439,2024-11-17,CUST-1430,Manish Sharma,Consumer,Lucknow,Uttar Pradesh,North,Food & Beverages,Beverages,Real Fruit Power Mango,1,101.63,0.05,96.55,18.58,UPI,Express
ORD-12276,2024-11-17,CUST-1019,Meera Banerjee,Consumer,Surat,Gujarat,West,Furniture,Office Chairs,IKEA Markus,2,8433.38,0.35,10963.39,518.57,UPI,Standard
ORD-12454,2024-11-17,CUST-1532,Shreya Verma,Consumer,Bhubaneswar,Odisha,East,Clothing,Jeans,Lee Cooper Skinny,2,2394.4,0.1,4309.92,851.06,Credit Card,Standard
ORD-10662,2024-11-18,CUST-1493,Rajesh Reddy,Corporate,Pune,Maharashtra,West,Office Supplies,Printers,Epson L3250,6,9266.0,0.08,51148.32,5716.62,Cash,Economy
ORD-10936,2024-11-18,CUST-1088,Deepika Sinha,Consumer,Mumbai,Maharashtra,West,Food & Beverages,Beverages,Real Fruit Power Mango,2,238.33,0.15,405.16,147.1,Credit Card,Express
ORD-10138,2024-11-18,CUST-1398,Deepika Chopra,Home Office,Delhi,Delhi,North,Electronics,Smartwatches,Noise ColorFit Pro 4,2,8464.04,0.15,14388.87,2367.44,Debit Card,Express
ORD-10815,2024-11-18,CUST-1083,Rahul Pandey,Consumer,Kolkata,West Bengal,East,Electronics,Chargers & Cables,Anker PowerPort,5,847.02,0.05,4023.34,2018.88,Cash,Same Day
ORD-10291,2024-11-18,CUST-1478,Uma Mishra,Consumer,Mumbai,Maharashtra,West,Electronics,Smartphones,Vivo T2x,3,28936.63,0.25,65107.42,2667.29,Debit Card,Standard
ORD-10124,2024-11-18,CUST-1055,Sanjay Patel,Corporate,Hyderabad,Telangana,South,Electronics,Smartwatches,Apple Watch SE,1,10630.99,0.18,8717.41,669.16,UPI,Economy
ORD-12129,2024-11-18,CUST-1480,Gaurav Shah,Consumer,Patna,Bihar,East,Electronics,Headphones,Sony WH-1000XM5,2,3965.26,0.25,5947.89,1366.95,UPI,Standard
ORD-11255,2024-11-19,CUST-1471,Tushar Kumar,Consumer,Ahmedabad,Gujarat,West,Electronics,Smartphones,OnePlus Nord CE3,1,15855.5,0.05,15062.72,1156.28,Credit Card,Standard
ORD-10033,2024-11-19,CUST-1048,Zara Sharma,Corporate,Jaipur,Rajasthan,North,Electronics,Chargers & Cables,Mi 33W SonicCharge,3,273.1,0.08,753.76,275.01,Credit Card,Standard
ORD-10421,2024-11-19,CUST-1208,Tushar Shah,Consumer,Hyderabad,Telangana,South,Clothing,Ethnic Wear,W Palazzo Set,1,8447.26,0.1,7602.53,1810.91,Credit Card,Same Day
ORD-11301,2024-11-20,CUST-1490,Rajesh Das,Home Office,Ahmedabad,Gujarat,West,Clothing,Jackets,Campus Sutra Denim,3,2021.94,0.05,5762.53,1638.5,Net Banking,Same Day
ORD-10010,2024-11-20,CUST-1518,Sneha Shah,Consumer,Ranchi,Jharkhand,East,Electronics,Laptops,Lenovo IdeaPad Slim 3,4,64308.69,0.05,244373.02,20207.55,UPI,Express
ORD-11556,2024-11-20,CUST-1328,Sanjay Pandey,Consumer,Pune,Maharashtra,West,Food & Beverages,Snacks & Chips,Haldiram's Aloo Bhujia,5,122.91,0.05,583.82,126.17,UPI,Standard
ORD-12294,2024-11-21,CUST-1153,Vikram Sharma,Corporate,Pune,Maharashtra,West,Electronics,Smartphones,Samsung Galaxy M34,3,45364.82,0.33,91183.29,6878.54,Cash,Express
ORD-11512,2024-11-21,CUST-1406,Aditya Nair,Consumer,Mumbai,Maharashtra,West,Clothing,Ethnic Wear,FabIndia Cotton Kurta,3,1764.09,0.05,5027.66,1752.43,Debit Card,Express
ORD-11799,2024-11-21,CUST-1190,Nikhil Mishra,Consumer,Bangalore,Karnataka,South,Electronics,Chargers & Cables,Amazon Basics USB-C Cable,1,1140.83,0.1,1026.75,351.78,Debit Card,Standard
ORD-10103,2024-11-21,CUST-1072,Vivek Malhotra,Home Office,Hyderabad,Telangana,South,Electronics,Headphones,boAt Rockerz 450,1,7304.97,0.25,5478.73,1413.79,Cash,Standard
ORD-11490,2024-11-21,CUST-1444,Tushar Yadav,Corporate,Kochi,Kerala,South,Electronics,Laptops,Lenovo IdeaPad Slim 3,1,46534.9,0.23,35831.87,2566.77,UPI,Standard
ORD-11049,2024-11-21,CUST-1061,Kunal Sinha,Corporate,Hyderabad,Telangana,South,Office Supplies,Pens & Stationery,Faber-Castell Kit,2,98.85,0.08,181.88,80.19,UPI,Express
ORD-11602,2024-11-21,CUST-1456,Yash Verma,Corporate,Guwahati,Assam,East,Furniture,Beds,Sleepyhead Original,1,30915.86,0.18,25351.01,2338.06,Credit Card,Same Day
ORD-12459,2024-11-21,CUST-1470,Sakshi Sharma,Consumer,Hyderabad,Telangana,South,Electronics,Smartwatches,Apple Watch SE,1,34999.0,0.2,27999.2,4065.62,UPI,Standard
ORD-10654,2024-11-21,CUST-1473,Amit Mishra,Home Office,Kolkata,West Bengal,East,Electronics,Smartwatches,Samsung Galaxy Watch 5,1,16822.93,0.2,13458.34,2271.38,Cash,Standard
ORD-11388,2024-11-22,CUST-1358,Kavya Patil,Consumer,Kochi,Kerala,South,Electronics,Smartphones,Samsung Galaxy M34,3,60272.69,0.05,171777.17,13771.21,Credit Card,Same Day
ORD-10889,2024-11-22,CUST-1324,Rishi Saxena,Consumer,Kochi,Kerala,South,Office Supplies,Printers,HP Smart Tank 580,3,9840.78,0.25,22141.76,-81.16,UPI,Standard
ORD-10376,2024-11-22,CUST-1294,Sakshi Joshi,Consumer,Ahmedabad,Gujarat,West,Electronics,Smartphones,Xiaomi Redmi Note 13,1,31395.51,0.1,28255.96,2666.52,Cash,Standard
ORD-12491,2024-11-22,CUST-1428,Mohit Iyer,Home Office,Bangalore,Karnataka,South,Clothing,Jackets,HRX Active Jacket,2,6995.78,0.25,10493.67,1102.17,Debit Card,Standard
ORD-10238,2024-11-23,CUST-1161,Bhavya Menon,Consumer,Pune,Maharashtra,West,Clothing,Jackets,Red Tape Bomber,2,2416.65,0.25,3624.98,902.76,Credit Card,Express
ORD-12447,2024-11-23,CUST-1009,Amit Singh,Corporate,Delhi,Delhi,North,Electronics,Tablets,Apple iPad 10th Gen,3,29419.08,0.18,72370.94,7562.21,UPI,Economy
ORD-11890,2024-11-24,CUST-1259,Nisha Das,Consumer,Mumbai,Maharashtra,West,Clothing,Jackets,Fort Collins Puffer,2,1591.84,0.15,2706.13,508.27,Credit Card,Same Day
ORD-12137,2024-11-24,CUST-1287,Neha Verma,Home Office,Ahmedabad,Gujarat,West,Office Supplies,Paper & Notebooks,Navneet Long Book,3,106.51,0.35,207.69,53.96,Credit Card,Standard
ORD-10848,2024-11-24,CUST-1214,Vikram Reddy,Corporate,Ranchi,Jharkhand,East,Clothing,T-Shirts,Levi's Graphic Tee,2,444.46,0.23,684.47,200.29,UPI,Standard
ORD-12421,2024-11-25,CUST-1403,Ishaan Bhat,Corporate,Mumbai,Maharashtra,West,Furniture,Desks,Nilkamal Aries Workstation,1,12978.84,0.08,11940.53,1455.29,Net Banking,Standard
ORD-11979,2024-11-25,CUST-1459,Shreya Reddy,Corporate,Visakhapatnam,Andhra Pradesh,South,Furniture,Office Chairs,HOF Ito Mesh Chair,1,6811.28,0.08,6266.38,1188.15,Net Banking,Same Day
ORD-10050,2024-11-25,CUST-1101,Yash Verma,Consumer,Mumbai,Maharashtra,West,Furniture,Bookshelves,Amazon Basics Bookcase,2,6970.99,0.25,10456.48,1233.41,Credit Card,Express
ORD-11088,2024-11-25,CUST-1117,Simran Mehta,Consumer,Delhi,Delhi,North,Office Supplies,Ink & Toner,Canon PG-745 Black,5,1656.05,0.1,7452.22,2189.72,Credit Card,Standard
ORD-11113,2024-11-25,CUST-1192,Ishaan Deshmukh,Home Office,Delhi,Delhi,North,Office Supplies,Ink & Toner,Brother BT-D60BK,4,1148.28,0.05,4363.46,1158.69,Credit Card,Standard
ORD-10467,2024-11-26,CUST-1168,Bhavya Patil,Corporate,Ranchi,Jharkhand,East,Office Supplies,Printers,HP LaserJet M1005,4,8180.37,0.13,28467.69,727.54,Credit Card,Standard
ORD-12483,2024-11-27,CUST-1379,Ishaan Joshi,Consumer,Surat,Gujarat,West,Electronics,Smartphones,Realme Narzo 60,2,44137.36,0.05,83860.98,10289.74,Debit Card,Express
ORD-12169,2024-11-27,CUST-1491,Priya Tiwari,Corporate,Noida,Uttar Pradesh,North,Furniture,Dining Tables,Home Centre Montoya,1,19839.93,0.18,16268.74,1976.77,Debit Card,Express
ORD-11178,2024-11-27,CUST-1004,Varun Kumar,Consumer,Ranchi,Jharkhand,East,Office Supplies,Storage & Organizers,Amazon Basics Desk Organizer,4,896.58,0.1,3227.69,808.42,Debit Card,Standard
ORD-11013,2024-11-27,CUST-1545,Dev Patel,Consumer,Noida,Uttar Pradesh,North,Electronics,Smartphones,iPhone 15,1,10934.59,0.05,10387.86,1407.45,UPI,Same Day
ORD-10264,2024-11-28,CUST-1587,Mohit Pillai,Consumer,Pune,Maharashtra,West,Food & Beverages,Health Supplements,HealthKart Multivitamin,4,2711.36,0.05,10303.17,2512.1,Cash,Standard
ORD-10553,2024-11-28,CUST-1077,Bhavya Patel,Corporate,Bhubaneswar,Odisha,East,Electronics,Smartphones,Vivo T2x,2,10668.56,0.28,15362.73,545.07,Net Banking,Express
ORD-10506,2024-11-28,CUST-1041,Amit Joshi,Consumer,Kolkata,West Bengal,East,Clothing,Formal Shirts,Van Heusen Slim Fit,4,2186.11,0.1,7870.0,2580.75,Credit Card,Same Day
ORD-10322,2024-11-28,CUST-1483,Yash Patil,Corporate,Bangalore,Karnataka,South,Furniture,Desks,Nilkamal Aries Workstation,1,17239.73,0.18,14136.58,916.05,Credit Card,Standard
ORD-11447,2024-11-28,CUST-1007,Sneha Patil,Consumer,Chennai,Tamil Nadu,South,Furniture,Desks,Featherlite Amaze,2,11651.41,0.3,16311.97,793.45,Debit Card,Standard
ORD-10874,2024-11-28,CUST-1368,Kriti Banerjee,Consumer,Mumbai,Maharashtra,West,Furniture,Office Chairs,Featherlite Optima,1,10632.42,0.15,9037.56,964.61,UPI,Express
ORD-10756,2024-11-28,CUST-1576,Vikram Reddy,Corporate,Ahmedabad,Gujarat,West,Office Supplies,Pens & Stationery,Parker Classic Gold,2,60.94,0.18,99.94,40.51,Cash,Standard
ORD-10392,2024-11-28,CUST-1041,Amit Joshi,Consumer,Kolkata,West Bengal,East,Clothing,Formal Shirts,Arrow Regular Fit,3,2134.43,0.15,5442.8,2000.93,Debit Card,Standard
ORD-11554,2024-11-29,CUST-1396,Isha Nair,Consumer,Kolkata,West Bengal,East,Electronics,Smartphones,Xiaomi Redmi Note 13,3,23590.55,0.1,63694.48,6743.04,UPI,Standard
ORD-12430,2024-11-29,CUST-1218,Gaurav Reddy,Consumer,Chandigarh,Punjab,North,Furniture,Bookshelves,Spacewood Engineered Wood,1,4871.46,0.1,4384.31,1019.22,Credit Card,Standard
ORD-12488,2024-11-29,CUST-1264,Tushar Kulkarni,Consumer,Delhi,Delhi,North,Clothing,Ethnic Wear,Biba Anarkali Suit,2,6563.71,0.1,11814.68,4334.72,UPI,Standard
ORD-12429,2024-11-30,CUST-1477,Bhavya Chatterjee,Corporate,Bhubaneswar,Odisha,East,Electronics,Smartphones,OnePlus Nord CE3,2,71786.36,0.08,132086.9,7520.4,UPI,Express
ORD-11118,2024-11-30,CUST-1308,Arjun Yadav,Consumer,Mumbai,Maharashtra,West,Food & Beverages,Dry Fruits & Nuts,Happilo Almonds 500g,5,938.63,0.15,3989.18,668.66,UPI,Express
ORD-10590,2024-11-30,CUST-1149,Tushar Banerjee,Home Office,Mumbai,Maharashtra,West,Clothing,Jackets,Red Tape Bomber,1,3356.6,0.3,2349.62,624.83,Credit Card,Express
ORD-11715,2024-11-30,CUST-1055,Sanjay Patel,Corporate,Hyderabad,Telangana,South,Office Supplies,Ink & Toner,Epson T664 Refill Bottle,3,844.9,0.08,2331.92,585.36,Net Banking,Same Day
ORD-10958,2024-11-30,CUST-1250,Bhavya Reddy,Consumer,Bangalore,Karnataka,South,Electronics,Laptops,ASUS VivoBook 15,4,130593.76,0.1,470137.54,46850.74,Net Banking,Standard
ORD-12471,2024-11-30,CUST-1486,Vikram Mehta,Consumer,Kolkata,West Bengal,East,Food & Beverages,Snacks & Chips,Haldiram's Aloo Bhujia,1,55.28,0.25,41.46,7.35,Cash,Standard
ORD-10397,2024-11-30,CUST-1440,Varun Nair,Consumer,Bangalore,Karnataka,South,Office Supplies,Paper & Notebooks,Classmate Notebook 200pg,4,464.4,0.05,1764.72,1012.72,UPI,Standard
ORD-12217,2024-12-01,CUST-1308,Arjun Yadav,Consumer,Mumbai,Maharashtra,West,Clothing,T-Shirts,Levi's Graphic Tee,1,649.14,0.0,649.14,278.78,UPI,Standard
ORD-12148,2024-12-01,CUST-1054,Amit Agarwal,Consumer,Delhi,Delhi,North,Clothing,T-Shirts,U.S. Polo Assn. Crew,1,1869.77,0.15,1589.3,454.2,UPI,Express
ORD-12000,2024-12-01,CUST-1154,Meera Pandey,Consumer,Bangalore,Karnataka,South,Food & Beverages,Tea & Coffee,Nescafe Classic 200g,3,289.64,0.0,868.92,329.33,UPI,Express
ORD-11792,2024-12-01,CUST-1484,Isha Malhotra,Corporate,Bangalore,Karnataka,South,Food & Beverages,Snacks & Chips,Lay's Classic Salted,12,79.12,0.08,873.48,206.21,Debit Card,Economy
ORD-11383,2024-12-02,CUST-1332,Kavya Banerjee,Consumer,Patna,Bihar,East,Office Supplies,Pens & Stationery,Reynolds Trimax Gel,2,110.01,0.0,220.02,83.22,UPI,Express
ORD-11528,2024-12-02,CUST-1149,Tushar Banerjee,Home Office,Mumbai,Maharashtra,West,Electronics,Tablets,Apple iPad 10th Gen,2,47789.7,0.1,86021.46,5681.44,UPI,Same Day
ORD-12470,2024-12-03,CUST-1530,Varun Chatterjee,Corporate,Noida,Uttar Pradesh,North,Electronics,Laptops,Dell Inspiron 14,3,25999.0,0.33,52257.99,208.5,UPI,Express
ORD-11753,2024-12-03,CUST-1363,Ritika Nair,Consumer,Bangalore,Karnataka,South,Office Supplies,Printers,Canon Pixma G3060,2,12712.33,0.05,24153.43,1739.2,Cash,Standard
ORD-12260,2024-12-03,CUST-1089,Rishi Das,Consumer,Mumbai,Maharashtra,West,Office Supplies,Pens & Stationery,Parker Classic Gold,1,256.45,0.15,217.98,119.7,Credit Card,Economy
ORD-10457,2024-12-03,CUST-1285,Chirag Iyer,Consumer,Delhi,Delhi,North,Electronics,Smartwatches,Noise ColorFit Pro 4,3,7798.68,0.0,23396.04,5310.91,Credit Card,Same Day
ORD-10301,2024-12-03,CUST-1209,Sanjay Sinha,Corporate,Hyderabad,Telangana,South,Electronics,Smartwatches,Fire-Boltt Phoenix,1,18013.64,0.08,16572.55,2834.64,Net Banking,Express
ORD-11585,2024-12-04,CUST-1475,Ishaan Singh,Consumer,Pune,Maharashtra,West,Office Supplies,Storage & Organizers,Cello Novelty Big Drawer,5,539.87,0.05,2564.38,631.97,UPI,Same Day
ORD-11491,2024-12-05,CUST-1476,Tushar Gupta,Corporate,Gurugram,Haryana,North,Clothing,T-Shirts,U.S. Polo Assn. Crew,1,859.37,0.03,833.59,304.9,UPI,Standard
ORD-10726,2024-12-05,CUST-1153,Vikram Sharma,Corporate,Pune,Maharashtra,West,Electronics,Smartphones,iPhone 15,2,23607.73,0.23,36355.9,996.69,Credit Card,Express
ORD-10778,2024-12-06,CUST-1272,Varun Rao,Corporate,Mumbai,Maharashtra,West,Clothing,Formal Shirts,Peter England Classic,1,1438.17,0.23,1107.39,452.23,Credit Card,Standard
ORD-11493,2024-12-06,CUST-1160,Sneha Rao,Consumer,Visakhapatnam,Andhra Pradesh,South,Food & Beverages,Snacks & Chips,Lay's Classic Salted,3,86.27,0.25,194.11,16.25,Cash,Express
ORD-12131,2024-12-06,CUST-1575,Lavanya Das,Consumer,Bhubaneswar,Odisha,East,Electronics,Laptops,Dell Inspiron 14,2,66448.75,0.1,119607.75,12003.9,Debit Card,Standard
ORD-11885,2024-12-06,CUST-1100,Ishaan Mishra,Consumer,Visakhapatnam,Andhra Pradesh,South,Office Supplies,Pens & Stationery,Pilot V5 Hi-Tecpoint,4,241.86,0.3,677.21,220.26,Net Banking,Express
ORD-11056,2024-12-06,CUST-1318,Nandini Pandey,Corporate,Ahmedabad,Gujarat,West,Furniture,Office Chairs,Green Soul Jupiter,2,19519.64,0.28,28108.28,4158.18,Debit Card,Standard
ORD-11858,2024-12-07,CUST-1086,Sanjay Patel,Consumer,Ahmedabad,Gujarat,West,Office Supplies,Paper & Notebooks,JK Copier A4 Paper Ream,3,264.84,0.1,715.07,258.64,UPI,Express
ORD-11595,2024-12-07,CUST-1140,Tanvi Singh,Consumer,Pune,Maharashtra,West,Office Supplies,Pens & Stationery,Cello Pinpoint Blue,5,195.46,0.0,977.3,436.82,UPI,Standard
ORD-11909,2024-12-07,CUST-1246,Manish Saxena,Corporate,Kolkata,West Bengal,East,Electronics,Smartphones,Vivo T2x,5,30157.11,0.28,108565.6,9622.93,Net Banking,Standard
ORD-11552,2024-12-07,CUST-1367,Varun Joshi,Consumer,Surat,Gujarat,West,Electronics,Tablets,Apple iPad 10th Gen,1,22684.96,0.1,20416.46,1506.59,Net Banking,Standard
ORD-10887,2024-12-07,CUST-1321,Diya Rao,Home Office,Delhi,Delhi,North,Electronics,Headphones,JBL Tune 510BT,5,3712.81,0.25,13923.04,2631.81,Debit Card,Economy
ORD-11243,2024-12-08,CUST-1512,Aditi Kumar,Corporate,Gurugram,Haryana,North,Food & Beverages,Snacks & Chips,Too Yumm Multigrain,4,132.28,0.03,513.25,167.86,Credit Card,Express
ORD-10896,2024-12-08,CUST-1150,Priya Rao,Corporate,Ranchi,Jharkhand,East,Food & Beverages,Dry Fruits & Nuts,True Elements Trail Mix,4,244.87,0.28,705.23,76.24,UPI,Standard
ORD-11483,2024-12-08,CUST-1000,Mohit Agarwal,Home Office,Gurugram,Haryana,North,Clothing,Formal Shirts,Peter England Classic,1,1278.68,0.1,1150.81,503.75,UPI,Economy
ORD-12346,2024-12-09,CUST-1078,Tanvi Pillai,Corporate,Pune,Maharashtra,West,Electronics,Chargers & Cables,Mi 33W SonicCharge,3,827.97,0.08,2285.2,735.2,Debit Card,Express
ORD-10544,2024-12-09,CUST-1087,Chirag Bhat,Corporate,Delhi,Delhi,North,Office Supplies,Storage & Organizers,Tupperware Store-All,1,1664.14,0.33,1114.97,326.6,Credit Card,Standard
ORD-10494,2024-12-09,CUST-1590,Zara Chopra,Consumer,Gurugram,Haryana,North,Electronics,Headphones,OnePlus Buds Z2,2,604.85,0.05,1149.21,302.47,Net Banking,Standard
ORD-12055,2024-12-09,CUST-1585,Priya Mehta,Consumer,Coimbatore,Tamil Nadu,South,Food & Beverages,Health Supplements,Revital H Capsules,5,1528.6,0.2,6114.4,771.74,UPI,Standard
ORD-12011,2024-12-09,CUST-1018,Rishi Patil,Consumer,Bangalore,Karnataka,South,Food & Beverages,Tea & Coffee,Brooke Bond Red Label,1,942.56,0.15,801.18,187.87,Net Banking,Express
ORD-10888,2024-12-09,CUST-1262,Gaurav Kumar,Consumer,Hyderabad,Telangana,South,Furniture,Dining Tables,Nilkamal Shahenshah 4-Seater,2,17071.33,0.0,34142.66,4937.97,UPI,Standard
ORD-10974,2024-12-09,CUST-1413,Yash Kulkarni,Consumer,Jaipur,Rajasthan,North,Office Supplies,Ink & Toner,HP 678 Tri-Color,2,3158.06,0.0,6316.12,1279.89,UPI,Standard
ORD-10266,2024-12-10,CUST-1010,Mohit Menon,Home Office,Bhubaneswar,Odisha,East,Office Supplies,Ink & Toner,HP 678 Tri-Color,2,1716.63,0.05,3261.6,993.01,UPI,Economy
ORD-10431,2024-12-10,CUST-1185,Aditi Banerjee,Consumer,Pune,Maharashtra,West,Electronics,Smartwatches,boAt Storm Call,4,25694.61,0.05,97639.52,21964.61,UPI,Express
ORD-12235,2024-12-10,CUST-1362,Meera Reddy,Consumer,Delhi,Delhi,North,Clothing,Jeans,Lee Cooper Skinny,3,2639.86,0.1,7127.62,1830.22,Cash,Same Day
ORD-11519,2024-12-10,CUST-1136,Tanvi Chopra,Corporate,Bhubaneswar,Odisha,East,Food & Beverages,Health Supplements,Dabur Chyawanprash 1kg,5,730.08,0.28,2628.29,521.34,UPI,Standard
ORD-11883,2024-12-10,CUST-1111,Nikhil Deshmukh,Consumer,Kolkata,West Bengal,East,Office Supplies,Printers,Canon Pixma G3060,8,8470.3,0.0,67762.4,5028.95,Cash,Express
ORD-10968,2024-12-10,CUST-1260,Dev Iyer,Corporate,Mumbai,Maharashtra,West,Electronics,Tablets,Realme Pad Mini,2,40699.98,0.08,74887.96,4852.87,Credit Card,Standard
ORD-12255,2024-12-10,CUST-1148,Sakshi Yadav,Corporate,Chennai,Tamil Nadu,South,Office Supplies,Storage & Organizers,Milton Modular Box,2,1507.92,0.13,2623.78,654.46,UPI,Standard
ORD-12249,2024-12-10,CUST-1492,Manish Iyer,Consumer,Hyderabad,Telangana,South,Furniture,Office Chairs,Green Soul Jupiter,1,10241.67,0.3,7169.17,1080.74,UPI,Express
ORD-10460,2024-12-11,CUST-1020,Sanjay Bhat,Consumer,Pune,Maharashtra,West,Electronics,Chargers & Cables,Mi 33W SonicCharge,1,537.75,0.0,537.75,267.81,Cash,Standard
ORD-10437,2024-12-11,CUST-1164,Aarav Menon,Home Office,Delhi,Delhi,North,Electronics,Headphones,JBL Tune 510BT,1,2057.87,0.05,1954.98,436.05,Cash,Economy
ORD-10860,2024-12-11,CUST-1011,Dev Deshmukh,Consumer,Jaipur,Rajasthan,North,Furniture,Office Chairs,HOF Ito Mesh Chair,2,5022.71,0.1,9040.88,1190.54,UPI,Economy
ORD-10614,2024-12-11,CUST-1518,Sneha Shah,Consumer,Ranchi,Jharkhand,East,Food & Beverages,Dry Fruits & Nuts,True Elements Trail Mix,10,2999.0,0.3,20993.0,1519.33,Debit Card,Standard
ORD-12048,2024-12-11,CUST-1275,Ananya Sharma,Consumer,Mumbai,Maharashtra,West,Office Supplies,Paper & Notebooks,Sundaram A4 Ruled,1,550.46,0.1,495.41,229.35,Debit Card,Express
ORD-10764,2024-12-12,CUST-1441,Simran Mehta,Corporate,Delhi,Delhi,North,Office Supplies,Pens & Stationery,Faber-Castell Kit,2,48.91,0.13,85.1,47.78,Credit Card,Standard
ORD-12073,2024-12-12,CUST-1581,Meera Sinha,Corporate,Delhi,Delhi,North,Food & Beverages,Health Supplements,Revital H Capsules,2,1556.12,0.03,3018.87,879.05,Credit Card,Standard
ORD-10929,2024-12-12,CUST-1155,Zara Rao,Home Office,Chennai,Tamil Nadu,South,Clothing,T-Shirts,Levi's Graphic Tee,2,709.03,0.0,1418.06,464.84,Cash,Express
ORD-10433,2024-12-12,CUST-1145,Amit Banerjee,Consumer,Chennai,Tamil Nadu,South,Furniture,Dining Tables,Urban Ladder Danton 6-Seater,1,8057.69,0.0,8057.69,1546.58,Net Banking,Economy
ORD-10038,2024-12-13,CUST-1539,Zara Patil,Consumer,Kolkata,West Bengal,East,Electronics,Chargers & Cables,Mi 33W SonicCharge,3,890.72,0.3,1870.51,759.43,Debit Card,Express
ORD-10901,2024-12-13,CUST-1126,Kunal Mehta,Consumer,Gurugram,Haryana,North,Clothing,Jeans,Pepe Jeans Slim,1,2839.31,0.1,2555.38,697.29,Debit Card,Express
ORD-10873,2024-12-13,CUST-1025,Mohit Deshmukh,Consumer,Kochi,Kerala,South,Furniture,Bookshelves,IKEA Kallax Shelf,1,7371.98,0.2,5897.58,906.83,Cash,Standard
ORD-11857,2024-12-13,CUST-1313,Amit Menon,Corporate,Lucknow,Uttar Pradesh,North,Food & Beverages,Beverages,Coca-Cola 2L,1,599.0,0.13,521.13,189.25,Credit Card,Standard
ORD-12080,2024-12-14,CUST-1195,Simran Kapoor,Consumer,Mumbai,Maharashtra,West,Office Supplies,Ink & Toner,Epson T664 Refill Bottle,3,2508.3,0.05,7148.66,1373.15,UPI,Standard
ORD-11555,2024-12-14,CUST-1375,Ananya Kulkarni,Consumer,Noida,Uttar Pradesh,North,Clothing,Jeans,Flying Machine Tapered,1,4999.0,0.2,3999.2,1071.14,Debit Card,Standard
ORD-11898,2024-12-14,CUST-1539,Zara Patil,Consumer,Kolkata,West Bengal,East,Electronics,Headphones,Sony WH-1000XM5,2,860.61,0.15,1463.04,398.81,Net Banking,Express
ORD-10391,2024-12-15,CUST-1310,Uma Chopra,Consumer,Noida,Uttar Pradesh,North,Food & Beverages,Tea & Coffee,Nescafe Classic 200g,1,608.75,0.0,608.75,228.37,Cash,Standard
ORD-10522,2024-12-15,CUST-1092,Rajesh Kumar,Consumer,Kolkata,West Bengal,East,Furniture,Desks,Wakefit Orion Study Table,1,7647.71,0.0,7647.71,1385.84,Cash,Same Day
ORD-12231,2024-12-15,CUST-1460,Aarav Shah,Home Office,Surat,Gujarat,West,Electronics,Laptops,Dell Inspiron 14,3,67330.83,0.05,191892.87,18566.08,UPI,Standard
ORD-10244,2024-12-15,CUST-1100,Ishaan Mishra,Consumer,Visakhapatnam,Andhra Pradesh,South,Clothing,Ethnic Wear,Manyavar Kurta Set,4,2554.86,0.0,10219.44,3280.08,UPI,Standard
ORD-10753,2024-12-16,CUST-1450,Simran Malhotra,Home Office,Ahmedabad,Gujarat,West,Furniture,Beds,IKEA Malm King Bed,2,48392.65,0.3,67749.71,1538.31,Cash,Same Day
ORD-10945,2024-12-16,CUST-1058,Sakshi Menon,Home Office,Coimbatore,Tamil Nadu,South,Food & Beverages,Tea & Coffee,Nescafe Classic 200g,2,727.69,0.15,1237.07,256.68,UPI,Standard
ORD-12199,2024-12-16,CUST-1002,Gaurav Yadav,Consumer,Delhi,Delhi,North,Office Supplies,Paper & Notebooks,Sundaram A4 Ruled,2,125.6,0.2,200.96,106.38,Credit Card,Express
ORD-10805,2024-12-16,CUST-1188,Ananya Reddy,Corporate,Chennai,Tamil Nadu,South,Office Supplies,Storage & Organizers,Cello Novelty Big Drawer,1,375.73,0.33,251.74,35.16,Cash,Express
ORD-12331,2024-12-16,CUST-1158,Sneha Singh,Home Office,Guwahati,Assam,East,Electronics,Headphones,Sony WH-1000XM5,2,8527.84,0.0,17055.68,4869.54,Credit Card,Same Day
ORD-11803,2024-12-17,CUST-1284,Priya Chatterjee,Consumer,Nagpur,Maharashtra,West,Electronics,Headphones,Sony WH-1000XM5,3,10642.8,0.05,30331.98,6552.22,Debit Card,Economy
ORD-12197,2024-12-17,CUST-1155,Zara Rao,Home Office,Chennai,Tamil Nadu,South,Furniture,Office Chairs,IKEA Markus,1,19786.79,0.0,19786.79,2377.09,Cash,Express
ORD-10412,2024-12-17,CUST-1141,Uma Sharma,Home Office,Bangalore,Karnataka,South,Office Supplies,Storage & Organizers,Amazon Basics Desk Organizer,2,840.5,0.2,1344.8,193.68,Cash,Express
ORD-11630,2024-12-17,CUST-1032,Kavya Shah,Consumer,Ahmedabad,Gujarat,West,Food & Beverages,Dry Fruits & Nuts,Farmley Premium Walnuts,3,1113.86,0.15,2840.34,416.74,UPI,Standard
ORD-10167,2024-12-18,CUST-1493,Rajesh Reddy,Corporate,Pune,Maharashtra,West,Clothing,T-Shirts,Allen Solly Polo,2,1636.54,0.13,2847.58,716.89,UPI,Standard
ORD-10226,2024-12-18,CUST-1078,Tanvi Pillai,Corporate,Pune,Maharashtra,West,Food & Beverages,Beverages,Real Fruit Power Mango,4,236.61,0.23,728.76,119.57,Net Banking,Express
ORD-10115,2024-12-18,CUST-1428,Mohit Iyer,Home Office,Bangalore,Karnataka,South,Clothing,Formal Shirts,Raymond Linen Shirt,2,1647.79,0.1,2966.02,575.5,UPI,Standard
ORD-12247,2024-12-18,CUST-1411,Mohit Kapoor,Corporate,Lucknow,Uttar Pradesh,North,Clothing,Ethnic Wear,FabIndia Cotton Kurta,2,3604.8,0.18,5911.87,1266.29,Cash,Same Day
ORD-10449,2024-12-18,CUST-1463,Aditya Nair,Home Office,Gurugram,Haryana,North,Electronics,Headphones,JBL Tune 510BT,3,2686.24,0.0,8058.72,1314.54,Debit Card,Express
ORD-10097,2024-12-19,CUST-1072,Vivek Malhotra,Home Office,Hyderabad,Telangana,South,Office Supplies,Printers,Epson L3250,2,7272.99,0.1,13091.38,1395.67,Net Banking,Standard
ORD-11533,2024-12-19,CUST-1177,Yash Pandey,Corporate,Ahmedabad,Gujarat,West,Office Supplies,Ink & Toner,Epson T664 Refill Bottle,2,1702.75,0.13,2962.78,545.77,UPI,Express
ORD-12113,2024-12-19,CUST-1542,Nikhil Kapoor,Consumer,Noida,Uttar Pradesh,North,Electronics,Headphones,JBL Tune 510BT,2,6978.53,0.0,13957.06,4728.04,Credit Card,Express
ORD-11721,2024-12-19,CUST-1524,Priya Verma,Home Office,Pune,Maharashtra,West,Electronics,Smartwatches,Noise ColorFit Pro 4,1,8463.97,0.05,8040.77,1095.5,UPI,Standard
ORD-11277,2024-12-20,CUST-1469,Chirag Das,Corporate,Hyderabad,Telangana,South,Clothing,Ethnic Wear,W Palazzo Set,2,5797.0,0.08,10666.48,4000.03,Credit Card,Economy
ORD-10841,2024-12-20,CUST-1243,Ananya Tiwari,Corporate,Kolkata,West Bengal,East,Furniture,Desks,IKEA Bekant Standing Desk,1,8207.19,0.18,6729.9,210.78,Debit Card,Express
ORD-10474,2024-12-20,CUST-1083,Rahul Pandey,Consumer,Kolkata,West Bengal,East,Office Supplies,Ink & Toner,HP 678 Tri-Color,4,1799.84,0.15,6119.46,1058.93,UPI,Express
ORD-11026,2024-12-21,CUST-1464,Kavya Kapoor,Corporate,Coimbatore,Tamil Nadu,South,Furniture,Beds,Sleepyhead Original,1,19947.79,0.03,19349.36,2952.85,Credit Card,Express
ORD-11876,2024-12-21,CUST-1139,Dev Menon,Home Office,Delhi,Delhi,North,Electronics,Tablets,Lenovo Tab M10,3,20499.71,0.1,55349.22,7035.5,Debit Card,Standard
ORD-10243,2024-12-21,CUST-1186,Gaurav Shah,Corporate,Chennai,Tamil Nadu,South,Office Supplies,Paper & Notebooks,Luxor Exercise Book,3,175.11,0.08,483.3,162.29,Credit Card,Standard
ORD-11494,2024-12-21,CUST-1252,Neha Bhat,Consumer,Lucknow,Uttar Pradesh,North,Food & Beverages,Dry Fruits & Nuts,Happilo Almonds 500g,1,1177.25,0.05,1118.39,140.74,Net Banking,Standard
ORD-10801,2024-12-21,CUST-1508,Kavya Pillai,Home Office,Jaipur,Rajasthan,North,Electronics,Smartwatches,Noise ColorFit Pro 4,3,6133.07,0.3,12879.45,1204.06,Credit Card,Standard
ORD-10199,2024-12-22,CUST-1420,Nikhil Tiwari,Consumer,Pune,Maharashtra,West,Food & Beverages,Health Supplements,Dabur Chyawanprash 1kg,2,2256.33,0.05,4287.03,878.34,UPI,Express
ORD-10032,2024-12-22,CUST-1261,Pankaj Patel,Consumer,Kolkata,West Bengal,East,Electronics,Headphones,Noise Buds VS104,2,499.0,0.1,898.2,192.17,Credit Card,Express
ORD-10548,2024-12-23,CUST-1259,Nisha Das,Consumer,Mumbai,Maharashtra,West,Furniture,Dining Tables,Urban Ladder Danton 6-Seater,1,18389.93,0.0,18389.93,2935.97,Cash,Same Day
ORD-10807,2024-12-23,CUST-1256,Tanvi Chatterjee,Home Office,Visakhapatnam,Andhra Pradesh,South,Electronics,Smartwatches,Fire-Boltt Phoenix,1,3303.32,0.2,2642.66,460.97,UPI,Standard
ORD-11723,2024-12-23,CUST-1060,Aditi Sharma,Consumer,Nagpur,Maharashtra,West,Electronics,Headphones,JBL Tune 510BT,1,499.0,0.05,474.05,92.73,UPI,Express
ORD-10612,2024-12-23,CUST-1535,Meera Tiwari,Home Office,Bangalore,Karnataka,South,Clothing,Formal Shirts,Peter England Classic,3,2991.82,0.1,8077.91,3174.65,UPI,Standard
ORD-11963,2024-12-23,CUST-1291,Rahul Mehta,Consumer,Kochi,Kerala,South,Furniture,Desks,IKEA Bekant Standing Desk,1,14281.72,0.25,10711.29,1400.72,UPI,Standard
ORD-11001,2024-12-23,CUST-1588,Priya Banerjee,Consumer,Guwahati,Assam,East,Clothing,T-Shirts,Allen Solly Polo,1,487.42,0.2,389.94,127.87,UPI,Standard
ORD-11029,2024-12-23,CUST-1241,Mohit Kulkarni,Corporate,Delhi,Delhi,North,Clothing,Jackets,Fort Collins Puffer,4,3507.22,0.03,13608.01,4830.93,Credit Card,Standard
ORD-10909,2024-12-23,CUST-1309,Pooja Shah,Corporate,Mumbai,Maharashtra,West,Clothing,T-Shirts,Levi's Graphic Tee,4,1539.67,0.03,5973.92,1903.69,Cash,Express
ORD-12037,2024-12-24,CUST-1135,Kriti Kapoor,Consumer,Gurugram,Haryana,North,Furniture,Desks,Featherlite Amaze,1,8821.14,0.0,8821.14,858.81,Debit Card,Standard
ORD-12390,2024-12-24,CUST-1163,Uma Singh,Consumer,Hyderabad,Telangana,South,Clothing,T-Shirts,H&M Basic Tee,3,2701.97,0.2,6484.73,1664.65,UPI,Standard
ORD-11549,2024-12-24,CUST-1261,Pankaj Patel,Consumer,Kolkata,West Bengal,East,Clothing,Ethnic Wear,FabIndia Cotton Kurta,1,5091.24,0.2,4072.99,1180.02,Cash,Economy
ORD-12205,2024-12-25,CUST-1295,Vivek Gupta,Consumer,Nagpur,Maharashtra,West,Clothing,Jeans,Wrangler Bootcut,2,1166.66,0.05,2216.65,500.35,UPI,Express
ORD-11389,2024-12-25,CUST-1595,Amit Kapoor,Consumer,Delhi,Delhi,North,Furniture,Office Chairs,IKEA Markus,2,9792.73,0.2,15668.37,2925.28,Credit Card,Same Day
ORD-10732,2024-12-25,CUST-1359,Nisha Banerjee,Consumer,Pune,Maharashtra,West,Clothing,Jeans,Levi's 511 Slim,3,1450.32,0.1,3915.86,1536.09,Net Banking,Standard
ORD-10706,2024-12-25,CUST-1571,Priya Reddy,Consumer,Bangalore,Karnataka,South,Office Supplies,Paper & Notebooks,Luxor Exercise Book,2,459.8,0.0,919.6,540.61,Debit Card,Same Day
ORD-11428,2024-12-26,CUST-1503,Pankaj Pillai,Consumer,Hyderabad,Telangana,South,Clothing,Ethnic Wear,W Palazzo Set,1,1164.65,0.2,931.72,168.11,UPI,Express
ORD-10530,2024-12-26,CUST-1220,Pooja Sharma,Corporate,Kolkata,West Bengal,East,Clothing,T-Shirts,U.S. Polo Assn. Crew,1,327.84,0.03,318.0,122.39,Credit Card,Express
ORD-10109,2024-12-26,CUST-1238,Nisha Reddy,Corporate,Mumbai,Maharashtra,West,Office Supplies,Ink & Toner,Brother BT-D60BK,2,499.0,0.03,968.06,168.5,UPI,Express
ORD-11259,2024-12-26,CUST-1042,Kunal Sharma,Consumer,Hyderabad,Telangana,South,Furniture,Desks,IKEA Bekant Standing Desk,1,11444.06,0.0,11444.06,1246.45,Credit Card,Express
ORD-10863,2024-12-27,CUST-1266,Tanvi Kapoor,Consumer,Delhi,Delhi,North,Office Supplies,Paper & Notebooks,Sundaram A4 Ruled,8,251.51,0.1,1810.87,625.89,Net Banking,Express
ORD-11570,2024-12-27,CUST-1243,Ananya Tiwari,Corporate,Kolkata,West Bengal,East,Electronics,Smartwatches,boAt Storm Call,1,13267.16,0.03,12869.15,1750.82,Debit Card,Standard
ORD-10814,2024-12-27,CUST-1401,Sakshi Sharma,Home Office,Nagpur,Maharashtra,West,Food & Beverages,Beverages,Sting Energy Drink,2,115.56,0.0,231.12,80.53,Cash,Express
ORD-10307,2024-12-27,CUST-1553,Aditi Malhotra,Consumer,Mumbai,Maharashtra,West,Electronics,Tablets,Samsung Galaxy Tab A8,1,11459.59,0.0,11459.59,1536.68,Cash,Economy
ORD-12081,2024-12-27,CUST-1489,Chirag Tiwari,Corporate,Mumbai,Maharashtra,West,Electronics,Headphones,Sony WH-1000XM5,4,499.0,0.13,1736.52,513.58,Debit Card,Same Day
ORD-10003,2024-12-28,CUST-1054,Amit Agarwal,Consumer,Delhi,Delhi,North,Office Supplies,Paper & Notebooks,Navneet Long Book,4,573.03,0.0,2292.12,909.13,Debit Card,Standard
ORD-10799,2024-12-28,CUST-1102,Sakshi Reddy,Home Office,Ahmedabad,Gujarat,West,Clothing,Jackets,Wildcraft Windbreaker,1,5259.19,0.2,4207.35,837.36,Debit Card,Standard
ORD-12408,2024-12-28,CUST-1168,Bhavya Patil,Corporate,Ranchi,Jharkhand,East,Office Supplies,Storage & Organizers,Cello Novelty Big Drawer,3,992.06,0.18,2440.47,551.31,Cash,Economy
ORD-10704,2024-12-28,CUST-1566,Rahul Reddy,Consumer,Coimbatore,Tamil Nadu,South,Furniture,Office Chairs,IKEA Markus,2,14211.57,0.05,27001.98,3600.57,Credit Card,Same Day
ORD-10949,2024-12-29,CUST-1173,Zara Verma,Consumer,Mumbai,Maharashtra,West,Clothing,Jackets,Wildcraft Windbreaker,1,2234.07,0.05,2122.37,362.69,UPI,Express
ORD-12484,2024-12-29,CUST-1370,Nandini Reddy,Consumer,Ahmedabad,Gujarat,West,Electronics,Headphones,boAt Rockerz 450,1,993.31,0.1,893.98,223.89,UPI,Economy
ORD-11676,2024-12-29,CUST-1128,Pooja Rao,Consumer,Bangalore,Karnataka,South,Food & Beverages,Health Supplements,HealthKart Multivitamin,3,3160.39,0.2,7584.94,1642.14,Cash,Same Day
ORD-12135,2024-12-29,CUST-1155,Zara Rao,Home Office,Chennai,Tamil Nadu,South,Clothing,Jeans,Wrangler Bootcut,1,2989.67,0.1,2690.7,1051.59,Credit Card,Express
ORD-11954,2024-12-29,CUST-1505,Zara Joshi,Corporate,Bangalore,Karnataka,South,Food & Beverages,Beverages,Paper Boat Aamras,6,78.03,0.18,383.91,131.94,Debit Card,Standard
ORD-11622,2024-12-30,CUST-1284,Priya Chatterjee,Consumer,Nagpur,Maharashtra,West,Office Supplies,Pens & Stationery,Cello Pinpoint Blue,3,43.58,0.0,130.74,84.35,Cash,Standard
ORD-10294,2024-12-30,CUST-1116,Ishaan Patel,Home Office,Jaipur,Rajasthan,North,Furniture,Desks,Amazon Basics L-Shape Desk,1,10065.18,0.05,9561.92,1036.83,UPI,Express
ORD-10011,2024-12-30,CUST-1304,Aarav Shah,Consumer,Noida,Uttar Pradesh,North,Clothing,T-Shirts,Dennis Lingo Slim Fit,2,1274.9,0.05,2422.31,638.34,UPI,Standard
ORD-11311,2024-12-30,CUST-1338,Ananya Menon,Consumer,Mumbai,Maharashtra,West,Office Supplies,Paper & Notebooks,Sundaram A4 Ruled,2,999.0,0.1,1798.2,704.68,UPI,Economy
ORD-11717,2024-12-30,CUST-1583,Dev Bhat,Consumer,Pune,Maharashtra,West,Clothing,T-Shirts,Dennis Lingo Slim Fit,4,1459.01,0.15,4960.63,1919.61,Credit Card,Standard
ORD-10311,2024-12-30,CUST-1298,Nandini Singh,Corporate,Surat,Gujarat,West,Food & Beverages,Tea & Coffee,Nescafe Classic 200g,1,250.39,0.33,167.76,47.35,UPI,Same Day
